comm_id,satellite_name,latitude,longitude,altitude_km,frequency_band,uplink_mhz,downlink_mhz,status,operator
COMM00001,SATCOM_00001,-48.584268,-138.637773,30780.59,C,12959.56,2077.96,INACTIVE,Operator_52
COMM00002,SATCOM_00002,55.122987,16.636301,736.36,Ku,10014.99,10311.29,INACTIVE,Operator_116
COMM00003,SATCOM_00003,-5.746991,-158.239446,28796.8,C,19957.76,1439.36,MAINTENANCE,Operator_18
COMM00004,SATCOM_00004,-8.823228,44.475138,6905.82,S,26975.81,17376.82,INACTIVE,Operator_169
COMM00005,SATCOM_00005,-4.938073,120.545453,6097.47,C,20955.38,1468.21,INACTIVE,Operator_231
COMM00006,SATCOM_00006,-64.833477,-123.733343,9804.43,Ka,16100.68,18362.01,ACTIVE,Operator_63
COMM00007,SATCOM_00007,-77.444834,136.926874,24437.07,X,29920.21,22595.5,INACTIVE,Operator_66
COMM00008,SATCOM_00008,73.972498,-141.005457,35582.3,Ku,18216.27,21263.97,INACTIVE,Operator_10
COMM00009,SATCOM_00009,-36.968308,-20.444728,2788.85,C,22515.45,18978.78,INACTIVE,Operator_39
COMM00010,SATCOM_00010,-85.327526,103.45485,23329.47,Ka,12490.65,26209.37,INACTIVE,Operator_148
COMM00011,SATCOM_00011,-10.04947,167.912819,21205.98,Ka,22809.03,22958.5,MAINTENANCE,Operator_204
COMM00012,SATCOM_00012,-87.610344,126.193503,32172.62,Ku,26164.69,4667.94,INACTIVE,Operator_119
COMM00013,SATCOM_00013,-65.974365,-11.268843,7586.39,Ku,23497.19,9085.97,INACTIVE,Operator_86
COMM00014,SATCOM_00014,3.880638,-149.352167,26546.76,Ku,12360.84,27646.52,MAINTENANCE,Operator_34
COMM00015,SATCOM_00015,-8.473009,97.31282,25306.77,Ka,2556.39,12480.19,INACTIVE,Operator_109
COMM00016,SATCOM_00016,-70.052735,178.979727,11334.76,Ku,24883.12,23925.9,INACTIVE,Operator_81
COMM00017,SATCOM_00017,58.314599,-137.868922,25782.25,X,25091.96,16688.42,MAINTENANCE,Operator_11
COMM00018,SATCOM_00018,26.510281,-80.246346,19528.81,L,9807.86,26938.42,ACTIVE,Operator_124
COMM00019,SATCOM_00019,-65.58534,121.171887,35743.56,X,2570.06,17179.48,ACTIVE,Operator_227
COMM00020,SATCOM_00020,-57.944643,32.808285,4710.3,L,24232.02,29290.08,MAINTENANCE,Operator_28
COMM00021,SATCOM_00021,-82.074582,-25.761826,28387.31,X,7504.23,12659.47,MAINTENANCE,Operator_210
COMM00022,SATCOM_00022,58.112706,-6.167459,17488.63,Ka,28081.44,2228.25,INACTIVE,Operator_209
COMM00023,SATCOM_00023,88.56692,-15.779811,12519.34,C,23248.76,25761.41,MAINTENANCE,Operator_36
COMM00024,SATCOM_00024,32.280955,153.630332,34125.5,X,14810.33,8126.68,INACTIVE,Operator_101
COMM00025,SATCOM_00025,84.892062,107.083174,27898.03,C,23010.62,6954.09,ACTIVE,Operator_239
COMM00026,SATCOM_00026,-15.583808,152.319936,33014.79,S,27858.01,12705.02,MAINTENANCE,Operator_176
COMM00027,SATCOM_00027,-69.80493,-25.966808,10778.99,Ku,23832.35,28790.33,INACTIVE,Operator_181
COMM00028,SATCOM_00028,27.792884,-161.438206,29462.56,C,12105.1,15804.5,INACTIVE,Operator_37
COMM00029,SATCOM_00029,89.786506,65.229674,8262.4,L,16101.07,13113.08,MAINTENANCE,Operator_193
COMM00030,SATCOM_00030,12.891167,-33.070823,16121.2,Ku,17356.88,27182.08,INACTIVE,Operator_126
COMM00031,SATCOM_00031,-73.874124,-136.875971,32796.49,C,24530.92,2812.87,INACTIVE,Operator_12
COMM00032,SATCOM_00032,71.71313,-140.356108,11406.61,Ku,19788.71,12979.37,MAINTENANCE,Operator_16
COMM00033,SATCOM_00033,-49.880758,-20.665777,17314.92,S,9995.16,18844.37,ACTIVE,Operator_19
COMM00034,SATCOM_00034,38.673627,-104.069495,20666.84,X,25060.16,29865.67,ACTIVE,Operator_10
COMM00035,SATCOM_00035,6.505395,154.441419,7898.45,Ka,29618.06,18958.71,INACTIVE,Operator_176
COMM00036,SATCOM_00036,50.749953,67.558535,18354.66,X,12875.15,26294.08,INACTIVE,Operator_182
COMM00037,SATCOM_00037,57.907775,78.170103,2478.35,L,15506.85,12438.31,INACTIVE,Operator_225
COMM00038,SATCOM_00038,-86.724376,-32.400405,3706.51,Ku,8155.11,21282.42,ACTIVE,Operator_105
COMM00039,SATCOM_00039,-50.532411,-61.894265,7526.46,X,4517.75,3977.58,MAINTENANCE,Operator_187
COMM00040,SATCOM_00040,-60.53669,-87.903453,1372.93,C,21546.34,8384.86,INACTIVE,Operator_40
COMM00041,SATCOM_00041,66.477132,-122.225091,27272.1,C,6525.8,12649.62,INACTIVE,Operator_61
COMM00042,SATCOM_00042,-61.079343,130.007299,24858.92,S,12864.06,22450.11,ACTIVE,Operator_205
COMM00043,SATCOM_00043,-31.211968,-18.260343,1617.67,L,5692.32,3738.14,INACTIVE,Operator_203
COMM00044,SATCOM_00044,67.881686,-144.819008,31678.36,L,13496.95,27180.34,ACTIVE,Operator_90
COMM00045,SATCOM_00045,-44.732605,-151.810379,14776.94,Ka,23878.48,13023.31,ACTIVE,Operator_95
COMM00046,SATCOM_00046,-56.719531,38.458719,33569.2,X,19291.87,6440.23,MAINTENANCE,Operator_104
COMM00047,SATCOM_00047,-86.702716,-45.709772,27456.45,X,17385.18,20424.89,MAINTENANCE,Operator_82
COMM00048,SATCOM_00048,-48.759265,-123.082478,23921.43,S,8094.93,19185.2,ACTIVE,Operator_247
COMM00049,SATCOM_00049,-19.890535,3.365864,4603.23,L,4251.4,19507.07,INACTIVE,Operator_201
COMM00050,SATCOM_00050,70.560728,-158.523621,26495.11,Ka,22298.4,14368.9,ACTIVE,Operator_115
COMM00051,SATCOM_00051,32.988303,-57.175518,21986.12,X,1613.36,16650.13,INACTIVE,Operator_245
COMM00052,SATCOM_00052,-71.071655,40.070901,17552.24,X,8674.83,5330.88,ACTIVE,Operator_224
COMM00053,SATCOM_00053,84.99721,131.161543,4903.27,Ka,25526.96,12313.44,ACTIVE,Operator_5
COMM00054,SATCOM_00054,68.59678,-129.255215,35336.63,Ka,27260.22,22814.71,INACTIVE,Operator_64
COMM00055,SATCOM_00055,22.386559,51.58275,7221.09,Ku,8549.73,10627.0,ACTIVE,Operator_85
COMM00056,SATCOM_00056,-50.567241,-164.715287,28322.18,C,26558.79,19990.88,ACTIVE,Operator_204
COMM00057,SATCOM_00057,22.023603,-154.93155,20509.8,Ku,21133.63,6624.87,ACTIVE,Operator_104
COMM00058,SATCOM_00058,79.535594,-50.410228,24396.98,C,16998.11,28840.55,MAINTENANCE,Operator_223
COMM00059,SATCOM_00059,-49.55521,125.026496,16583.04,Ku,16665.42,16987.26,MAINTENANCE,Operator_95
COMM00060,SATCOM_00060,19.24853,54.967582,21635.74,C,12800.24,5388.78,MAINTENANCE,Operator_207
COMM00061,SATCOM_00061,2.248632,-49.366104,13449.75,Ka,12803.62,17864.32,ACTIVE,Operator_118
COMM00062,SATCOM_00062,26.679689,119.525391,13474.29,S,6507.36,2864.86,ACTIVE,Operator_54
COMM00063,SATCOM_00063,22.153856,-120.073145,17504.66,X,20079.69,3421.39,MAINTENANCE,Operator_80
COMM00064,SATCOM_00064,-64.693501,10.098899,14407.37,S,13909.96,15221.59,MAINTENANCE,Operator_125
COMM00065,SATCOM_00065,-86.047266,-80.149073,4167.83,L,16879.61,5032.08,ACTIVE,Operator_106
COMM00066,SATCOM_00066,-42.474737,33.782385,1493.23,X,8452.53,18440.86,MAINTENANCE,Operator_94
COMM00067,SATCOM_00067,71.346172,-140.035045,21332.0,S,13700.13,10470.15,ACTIVE,Operator_179
COMM00068,SATCOM_00068,-29.269275,84.647713,7241.8,C,25005.43,28063.39,INACTIVE,Operator_60
COMM00069,SATCOM_00069,84.816919,155.884443,5620.11,S,6908.48,16192.52,INACTIVE,Operator_4
COMM00070,SATCOM_00070,85.449812,-136.234178,24689.25,Ka,17863.95,14327.32,INACTIVE,Operator_143
COMM00071,SATCOM_00071,17.833426,100.494112,29295.0,L,14988.81,12239.3,INACTIVE,Operator_149
COMM00072,SATCOM_00072,-11.547235,-9.945959,12604.78,Ku,8885.14,18285.2,MAINTENANCE,Operator_232
COMM00073,SATCOM_00073,-88.480107,114.954232,23917.03,C,29287.47,23855.69,ACTIVE,Operator_145
COMM00074,SATCOM_00074,11.19869,-166.484163,7785.73,S,9844.9,19582.54,MAINTENANCE,Operator_60
COMM00075,SATCOM_00075,22.882308,112.084795,8187.8,L,29795.54,9695.79,ACTIVE,Operator_185
COMM00076,SATCOM_00076,3.625864,143.85783,33349.84,Ku,1960.54,21520.59,ACTIVE,Operator_158
COMM00077,SATCOM_00077,-2.201896,-100.163851,28643.72,X,12678.15,15967.44,MAINTENANCE,Operator_204
COMM00078,SATCOM_00078,-62.145627,96.685053,14660.05,L,24904.96,25483.55,ACTIVE,Operator_234
COMM00079,SATCOM_00079,-31.922382,152.23067,34470.22,Ka,26123.12,24946.82,ACTIVE,Operator_217
COMM00080,SATCOM_00080,66.225127,-126.196062,31917.73,L,22325.76,8528.94,INACTIVE,Operator_237
COMM00081,SATCOM_00081,-14.146677,-9.90411,4114.49,X,27735.05,6997.6,INACTIVE,Operator_47
COMM00082,SATCOM_00082,5.964103,-148.487864,16388.73,C,25456.3,14429.15,ACTIVE,Operator_37
COMM00083,SATCOM_00083,-27.880378,-13.119628,23572.13,L,18638.79,29643.42,INACTIVE,Operator_44
COMM00084,SATCOM_00084,-23.731304,-77.769458,29261.53,C,5275.58,3819.32,ACTIVE,Operator_3
COMM00085,SATCOM_00085,-29.422682,96.858744,35711.05,S,12011.58,18908.14,MAINTENANCE,Operator_119
COMM00086,SATCOM_00086,-51.490371,90.511614,35345.34,L,12457.21,19930.08,ACTIVE,Operator_195
COMM00087,SATCOM_00087,-36.540921,48.442839,9082.31,C,7885.04,7419.9,ACTIVE,Operator_10
COMM00088,SATCOM_00088,-89.452558,-172.969276,28237.74,C,14961.19,27161.37,ACTIVE,Operator_177
COMM00089,SATCOM_00089,-66.949365,13.270305,3386.63,Ku,17485.89,7612.18,INACTIVE,Operator_72
COMM00090,SATCOM_00090,-1.360476,-175.021437,18418.99,C,5988.57,28481.42,MAINTENANCE,Operator_134
COMM00091,SATCOM_00091,52.357777,167.561224,35926.94,L,18559.23,25356.79,ACTIVE,Operator_220
COMM00092,SATCOM_00092,71.830765,-173.957296,18688.31,C,29334.24,21019.28,MAINTENANCE,Operator_199
COMM00093,SATCOM_00093,85.573906,142.73469,9088.4,L,6168.96,26520.77,ACTIVE,Operator_101
COMM00094,SATCOM_00094,20.671583,-37.054142,25966.27,X,12184.78,27761.16,MAINTENANCE,Operator_97
COMM00095,SATCOM_00095,-12.324416,174.861648,16863.03,X,19064.95,22553.81,ACTIVE,Operator_169
COMM00096,SATCOM_00096,55.593156,84.527791,12161.99,Ku,1913.98,7764.47,INACTIVE,Operator_86
COMM00097,SATCOM_00097,74.623487,16.5871,6527.05,L,20753.34,25103.9,INACTIVE,Operator_214
COMM00098,SATCOM_00098,59.343517,95.010298,25129.78,X,10897.97,8512.56,ACTIVE,Operator_21
COMM00099,SATCOM_00099,78.641761,-34.472656,19729.02,S,19868.52,27684.71,INACTIVE,Operator_196
COMM00100,SATCOM_00100,35.046695,-16.605121,7490.92,X,12058.14,14598.23,ACTIVE,Operator_209
COMM00101,SATCOM_00101,41.326028,-142.074789,2900.57,Ku,13673.05,27791.58,MAINTENANCE,Operator_55
COMM00102,SATCOM_00102,39.146625,-72.822753,34766.31,S,14710.79,28071.44,ACTIVE,Operator_158
COMM00103,SATCOM_00103,45.59553,-141.285773,28812.65,X,15898.73,8907.91,MAINTENANCE,Operator_103
COMM00104,SATCOM_00104,7.060315,-61.799924,26844.57,S,17465.08,12723.48,ACTIVE,Operator_204
COMM00105,SATCOM_00105,-78.421515,-107.790176,11013.79,C,25174.09,22141.75,INACTIVE,Operator_174
COMM00106,SATCOM_00106,-12.319498,55.62004,10101.83,Ka,14638.42,4600.95,INACTIVE,Operator_19
COMM00107,SATCOM_00107,28.007494,-171.50426,33931.04,C,19175.28,24917.34,INACTIVE,Operator_213
COMM00108,SATCOM_00108,-41.60486,132.471126,24949.31,S,22291.86,17345.64,ACTIVE,Operator_109
COMM00109,SATCOM_00109,-79.344943,165.417932,22284.01,C,26513.71,3664.92,MAINTENANCE,Operator_38
COMM00110,SATCOM_00110,47.061252,-158.345323,7496.71,Ku,5110.28,4541.37,MAINTENANCE,Operator_106
COMM00111,SATCOM_00111,12.808871,-136.898594,23550.61,Ka,26038.38,28588.71,MAINTENANCE,Operator_97
COMM00112,SATCOM_00112,61.168942,26.610442,7361.14,L,8940.52,27881.76,ACTIVE,Operator_225
COMM00113,SATCOM_00113,29.80419,117.122408,8582.03,X,21617.15,16188.75,ACTIVE,Operator_213
COMM00114,SATCOM_00114,-27.45215,-71.618367,12696.94,S,4078.65,3932.1,MAINTENANCE,Operator_172
COMM00115,SATCOM_00115,-45.354924,-137.237471,30041.0,C,16671.29,10631.27,INACTIVE,Operator_54
COMM00116,SATCOM_00116,13.803798,-173.125287,27673.09,L,3475.17,5337.62,INACTIVE,Operator_176
COMM00117,SATCOM_00117,-57.244392,-137.420061,35731.56,X,8565.9,2720.63,INACTIVE,Operator_32
COMM00118,SATCOM_00118,-78.428599,103.208251,20241.09,Ka,8053.25,26915.86,INACTIVE,Operator_5
COMM00119,SATCOM_00119,-89.059946,148.411588,12355.97,Ka,21534.77,27773.88,INACTIVE,Operator_65
COMM00120,SATCOM_00120,-48.200877,110.85294,267.62,C,23007.72,1277.25,MAINTENANCE,Operator_164
COMM00121,SATCOM_00121,-22.091849,-41.049922,1997.46,L,2070.58,5076.13,INACTIVE,Operator_10
COMM00122,SATCOM_00122,58.672631,49.824853,18033.45,C,14798.56,23406.98,INACTIVE,Operator_115
COMM00123,SATCOM_00123,-36.246264,72.800203,33401.33,L,20487.1,13182.4,ACTIVE,Operator_212
COMM00124,SATCOM_00124,-50.525147,115.810497,20821.54,X,5693.7,25232.36,INACTIVE,Operator_178
COMM00125,SATCOM_00125,32.339488,14.513067,29382.58,C,7711.45,17226.33,MAINTENANCE,Operator_74
COMM00126,SATCOM_00126,-67.523153,-70.588996,5764.11,X,25623.31,20309.06,INACTIVE,Operator_181
COMM00127,SATCOM_00127,-22.526133,2.014308,913.19,X,12201.44,20723.89,MAINTENANCE,Operator_178
COMM00128,SATCOM_00128,-8.866002,-17.057521,10022.48,X,10026.98,16305.08,MAINTENANCE,Operator_179
COMM00129,SATCOM_00129,62.059744,-0.583681,17515.87,Ka,5662.95,20355.26,ACTIVE,Operator_45
COMM00130,SATCOM_00130,-25.040423,-46.147529,24397.83,Ka,17734.33,26712.89,MAINTENANCE,Operator_171
COMM00131,SATCOM_00131,-31.283164,104.207429,22963.42,Ka,20987.92,20950.13,INACTIVE,Operator_20
COMM00132,SATCOM_00132,6.305674,-35.053128,14458.47,Ku,20971.48,17673.82,ACTIVE,Operator_158
COMM00133,SATCOM_00133,-61.121772,116.143284,25973.42,C,12704.59,15847.51,ACTIVE,Operator_211
COMM00134,SATCOM_00134,-88.670201,-74.030275,5539.69,Ka,28192.61,21853.43,MAINTENANCE,Operator_52
COMM00135,SATCOM_00135,86.775786,63.044694,20631.68,L,23759.2,11236.4,INACTIVE,Operator_29
COMM00136,SATCOM_00136,-89.970852,-4.829676,22858.01,S,21856.28,3727.13,MAINTENANCE,Operator_27
COMM00137,SATCOM_00137,-8.042575,-100.33603,1510.87,L,22618.4,27295.86,INACTIVE,Operator_71
COMM00138,SATCOM_00138,-29.635547,50.305757,203.85,S,15961.69,16583.03,INACTIVE,Operator_61
COMM00139,SATCOM_00139,37.91765,127.698643,4507.24,X,21541.19,6765.65,ACTIVE,Operator_149
COMM00140,SATCOM_00140,6.942855,-93.890926,28178.74,C,18445.21,18489.8,MAINTENANCE,Operator_164
COMM00141,SATCOM_00141,-3.259425,-95.806105,5928.7,S,6972.52,25880.86,MAINTENANCE,Operator_68
COMM00142,SATCOM_00142,-54.2536,-9.904389,10216.8,L,5827.19,10150.62,INACTIVE,Operator_179
COMM00143,SATCOM_00143,48.134318,-63.673178,24742.57,X,24724.33,18609.35,ACTIVE,Operator_157
COMM00144,SATCOM_00144,-25.70387,-3.619874,28705.21,Ka,3847.35,7741.52,INACTIVE,Operator_98
COMM00145,SATCOM_00145,-27.319288,133.125525,26741.12,X,8254.66,24458.37,INACTIVE,Operator_87
COMM00146,SATCOM_00146,16.446227,102.145134,27678.71,L,2337.45,8630.57,MAINTENANCE,Operator_218
COMM00147,SATCOM_00147,-84.171874,152.576321,28951.72,S,28402.64,12803.49,ACTIVE,Operator_59
COMM00148,SATCOM_00148,-28.530328,111.173062,22032.32,C,6973.6,16507.65,INACTIVE,Operator_236
COMM00149,SATCOM_00149,-1.125609,116.796846,26588.5,C,9369.72,6347.77,ACTIVE,Operator_61
COMM00150,SATCOM_00150,-78.818542,52.034336,8406.85,Ku,5165.38,24079.89,ACTIVE,Operator_48
COMM00151,SATCOM_00151,-51.371882,53.32639,1498.91,Ka,24419.52,24392.05,INACTIVE,Operator_90
COMM00152,SATCOM_00152,1.60328,80.038737,720.2,L,2784.72,5195.44,ACTIVE,Operator_225
COMM00153,SATCOM_00153,56.285469,-27.543314,18578.62,X,5061.12,23064.89,ACTIVE,Operator_199
COMM00154,SATCOM_00154,-30.423017,-119.817901,12028.62,Ku,7995.54,9748.61,ACTIVE,Operator_163
COMM00155,SATCOM_00155,-8.954798,10.686703,24641.06,Ka,15277.13,19569.07,ACTIVE,Operator_208
COMM00156,SATCOM_00156,-33.569936,22.780127,3104.45,C,6164.89,22889.74,INACTIVE,Operator_226
COMM00157,SATCOM_00157,41.732121,-43.532597,26165.1,Ka,25398.75,14476.62,ACTIVE,Operator_228
COMM00158,SATCOM_00158,-41.214946,142.287488,20555.33,L,27806.93,21746.72,ACTIVE,Operator_118
COMM00159,SATCOM_00159,-13.042429,-85.447727,1353.28,C,3068.34,4243.8,MAINTENANCE,Operator_30
COMM00160,SATCOM_00160,-58.095184,-127.640088,4761.92,Ku,1697.28,16397.89,INACTIVE,Operator_139
COMM00161,SATCOM_00161,-56.620557,124.634808,2163.82,C,18838.19,12590.13,INACTIVE,Operator_239
COMM00162,SATCOM_00162,-78.986488,-97.914493,35883.96,X,14898.38,17866.45,ACTIVE,Operator_33
COMM00163,SATCOM_00163,39.698755,129.836789,1660.81,S,8981.69,1582.22,INACTIVE,Operator_31
COMM00164,SATCOM_00164,-67.358694,-3.265892,12048.69,Ka,28781.37,25750.82,INACTIVE,Operator_51
COMM00165,SATCOM_00165,63.739814,-55.06329,26364.31,X,27667.4,19291.55,INACTIVE,Operator_18
COMM00166,SATCOM_00166,-88.845023,41.681499,13953.0,Ka,9487.75,20798.16,MAINTENANCE,Operator_189
COMM00167,SATCOM_00167,-36.094312,132.929486,26882.35,L,25400.22,6343.62,ACTIVE,Operator_241
COMM00168,SATCOM_00168,-7.235158,-176.30659,10716.07,Ka,19524.79,25166.94,INACTIVE,Operator_76
COMM00169,SATCOM_00169,-78.379854,-105.889635,1260.38,X,21453.38,16522.8,MAINTENANCE,Operator_141
COMM00170,SATCOM_00170,4.075952,127.130931,17023.27,L,19677.35,18787.03,ACTIVE,Operator_74
COMM00171,SATCOM_00171,-47.89219,-153.258533,31729.56,C,10629.83,10892.77,MAINTENANCE,Operator_198
COMM00172,SATCOM_00172,1.993892,119.86669,16020.98,L,19237.4,27778.74,INACTIVE,Operator_142
COMM00173,SATCOM_00173,48.118124,-171.148895,4072.51,L,7431.61,1091.44,ACTIVE,Operator_78
COMM00174,SATCOM_00174,9.390212,-125.005902,14588.63,X,18018.85,29214.35,MAINTENANCE,Operator_155
COMM00175,SATCOM_00175,85.071464,16.225668,5774.16,Ku,10516.09,12655.92,MAINTENANCE,Operator_28
COMM00176,SATCOM_00176,88.617558,84.64469,8480.48,C,27944.8,21523.62,INACTIVE,Operator_191
COMM00177,SATCOM_00177,75.182775,-115.828784,3330.33,S,28806.72,20243.23,ACTIVE,Operator_35
COMM00178,SATCOM_00178,52.547294,-151.933785,9051.5,C,1399.21,15057.98,ACTIVE,Operator_87
COMM00179,SATCOM_00179,-86.511672,177.785326,11973.64,S,14004.51,11123.71,ACTIVE,Operator_9
COMM00180,SATCOM_00180,-51.79443,-152.891853,20735.05,Ku,26840.97,11791.98,MAINTENANCE,Operator_123
COMM00181,SATCOM_00181,14.896016,-157.62549,18106.96,X,6285.79,20521.33,INACTIVE,Operator_86
COMM00182,SATCOM_00182,-7.372353,-84.82366,16217.15,Ka,15778.78,19591.86,INACTIVE,Operator_55
COMM00183,SATCOM_00183,-58.073718,-49.158495,3708.46,S,15311.62,1400.38,MAINTENANCE,Operator_132
COMM00184,SATCOM_00184,31.411839,1.578125,1079.26,L,27919.46,17797.51,MAINTENANCE,Operator_136
COMM00185,SATCOM_00185,85.497156,-54.151536,7599.35,Ka,4896.09,3965.05,INACTIVE,Operator_157
COMM00186,SATCOM_00186,-36.873892,71.537335,7128.66,L,10580.38,11900.18,ACTIVE,Operator_77
COMM00187,SATCOM_00187,-21.292961,-152.016294,23650.29,C,14301.37,8007.55,ACTIVE,Operator_64
COMM00188,SATCOM_00188,-33.965882,-41.699392,10478.54,Ku,4599.58,4419.74,MAINTENANCE,Operator_101
COMM00189,SATCOM_00189,77.856548,68.836438,4836.06,S,18111.31,9568.37,MAINTENANCE,Operator_232
COMM00190,SATCOM_00190,72.724876,-100.929053,20244.68,L,9918.23,26306.96,INACTIVE,Operator_172
COMM00191,SATCOM_00191,-81.237529,173.764427,35373.06,Ku,23713.35,4647.44,ACTIVE,Operator_221
COMM00192,SATCOM_00192,-3.316821,120.408267,29614.2,C,29895.61,29177.25,INACTIVE,Operator_154
COMM00193,SATCOM_00193,-59.619775,-14.919731,29596.55,Ka,4858.77,26132.46,ACTIVE,Operator_67
COMM00194,SATCOM_00194,-55.288054,-175.189184,14849.74,S,12522.26,4684.48,MAINTENANCE,Operator_135
COMM00195,SATCOM_00195,56.73956,-20.589818,25975.1,S,14921.66,13457.66,INACTIVE,Operator_135
COMM00196,SATCOM_00196,-81.926043,111.531134,26653.32,C,7324.85,5242.88,MAINTENANCE,Operator_7
COMM00197,SATCOM_00197,71.433182,14.325909,12051.61,Ka,15170.31,5561.47,INACTIVE,Operator_79
COMM00198,SATCOM_00198,30.369602,-65.528658,22640.68,X,11520.49,3844.86,INACTIVE,Operator_151
COMM00199,SATCOM_00199,35.024601,-46.052619,6466.04,Ka,2607.57,26858.22,INACTIVE,Operator_197
COMM00200,SATCOM_00200,8.384235,-83.941971,5047.15,Ku,3274.57,11797.89,ACTIVE,Operator_236
COMM00201,SATCOM_00201,32.799734,-124.894929,23706.77,L,19137.49,14411.93,MAINTENANCE,Operator_70
COMM00202,SATCOM_00202,-31.964059,-31.992882,7039.76,C,17990.02,18321.9,MAINTENANCE,Operator_150
COMM00203,SATCOM_00203,-89.642554,-62.713235,15610.65,C,2119.6,7104.38,ACTIVE,Operator_103
COMM00204,SATCOM_00204,0.157485,-92.513129,19429.11,C,27680.23,21397.72,MAINTENANCE,Operator_107
COMM00205,SATCOM_00205,-40.121083,97.568902,17696.53,X,13169.13,17752.52,ACTIVE,Operator_91
COMM00206,SATCOM_00206,55.980267,-141.942249,16933.62,S,25052.0,15801.09,MAINTENANCE,Operator_249
COMM00207,SATCOM_00207,81.514858,-123.712672,15373.64,S,20116.2,1445.87,MAINTENANCE,Operator_51
COMM00208,SATCOM_00208,10.627876,-37.120011,30617.1,C,14264.1,21051.65,MAINTENANCE,Operator_102
COMM00209,SATCOM_00209,68.951403,-151.594257,20712.79,Ku,10224.96,28036.91,ACTIVE,Operator_154
COMM00210,SATCOM_00210,-53.689599,-7.950745,5438.9,X,20996.07,6966.42,ACTIVE,Operator_138
COMM00211,SATCOM_00211,15.271599,-88.558589,30742.48,C,28206.73,10437.46,ACTIVE,Operator_69
COMM00212,SATCOM_00212,38.54967,-51.251166,20715.59,Ka,16616.7,28998.0,INACTIVE,Operator_207
COMM00213,SATCOM_00213,3.930073,-30.893605,13986.86,X,26271.4,19253.76,INACTIVE,Operator_235
COMM00214,SATCOM_00214,-10.85668,157.095703,27795.18,C,29098.84,8088.85,INACTIVE,Operator_31
COMM00215,SATCOM_00215,29.364789,148.213597,26021.12,L,20696.84,27834.44,ACTIVE,Operator_21
COMM00216,SATCOM_00216,-47.52073,-88.871618,7354.61,Ku,19069.54,27370.97,INACTIVE,Operator_3
COMM00217,SATCOM_00217,-64.302851,-170.643484,10197.31,C,21867.6,5546.48,MAINTENANCE,Operator_204
COMM00218,SATCOM_00218,29.794066,84.066242,5630.95,L,3789.76,15929.6,MAINTENANCE,Operator_93
COMM00219,SATCOM_00219,-86.612133,-8.822036,16448.73,L,7726.49,16310.88,MAINTENANCE,Operator_185
COMM00220,SATCOM_00220,21.24817,143.054605,26709.89,L,19268.98,24317.34,MAINTENANCE,Operator_230
COMM00221,SATCOM_00221,-76.794366,91.65387,32342.97,X,11412.71,25395.36,ACTIVE,Operator_184
COMM00222,SATCOM_00222,75.078694,-39.924456,12874.61,Ka,29154.97,18193.68,MAINTENANCE,Operator_14
COMM00223,SATCOM_00223,89.218656,78.870056,31324.93,L,5659.66,25183.04,INACTIVE,Operator_123
COMM00224,SATCOM_00224,-28.144192,98.986415,14182.37,C,17601.39,15492.87,MAINTENANCE,Operator_136
COMM00225,SATCOM_00225,42.149401,104.537012,9235.0,Ka,6545.79,23606.37,INACTIVE,Operator_202
COMM00226,SATCOM_00226,-77.133774,176.766034,23519.35,S,8129.63,11488.45,INACTIVE,Operator_127
COMM00227,SATCOM_00227,-89.876983,-41.083371,22003.01,S,4186.36,28198.97,INACTIVE,Operator_220
COMM00228,SATCOM_00228,-39.424537,-144.282217,33657.01,S,27263.73,28452.31,MAINTENANCE,Operator_110
COMM00229,SATCOM_00229,-58.804837,-82.129551,9350.89,Ku,16890.95,18355.37,MAINTENANCE,Operator_239
COMM00230,SATCOM_00230,26.152802,-44.672442,22632.84,Ku,2821.41,11517.06,ACTIVE,Operator_94
COMM00231,SATCOM_00231,-83.776874,-113.07071,4066.77,S,16326.85,19844.16,INACTIVE,Operator_153
COMM00232,SATCOM_00232,-49.419679,-49.554997,11268.9,Ka,14035.94,14680.69,MAINTENANCE,Operator_191
COMM00233,SATCOM_00233,38.113777,18.277232,23191.38,X,18253.26,3838.61,ACTIVE,Operator_221
COMM00234,SATCOM_00234,7.461147,-65.117166,9354.26,X,14127.89,15311.47,INACTIVE,Operator_169
COMM00235,SATCOM_00235,-1.109071,-56.477525,582.9,Ka,9805.43,10174.6,MAINTENANCE,Operator_33
COMM00236,SATCOM_00236,79.89873,167.845909,4940.27,Ku,9306.07,15011.93,MAINTENANCE,Operator_20
COMM00237,SATCOM_00237,-85.64159,-171.154942,14619.39,X,19744.9,25510.15,MAINTENANCE,Operator_17
COMM00238,SATCOM_00238,-84.595891,-72.36508,1540.12,X,22790.06,6331.58,INACTIVE,Operator_3
COMM00239,SATCOM_00239,-30.69988,-127.064419,34672.09,S,7373.71,9750.55,MAINTENANCE,Operator_82
COMM00240,SATCOM_00240,-43.013509,-1.018605,1177.43,X,11169.71,22716.92,INACTIVE,Operator_84
COMM00241,SATCOM_00241,65.85557,-145.962715,29737.99,Ka,27729.14,22802.94,MAINTENANCE,Operator_145
COMM00242,SATCOM_00242,-74.048792,60.182171,7799.76,X,15100.37,29978.36,ACTIVE,Operator_202
COMM00243,SATCOM_00243,8.155443,152.34722,3225.74,Ku,27994.0,3969.77,MAINTENANCE,Operator_50
COMM00244,SATCOM_00244,64.386525,-165.788249,4368.36,Ka,24894.53,2852.45,INACTIVE,Operator_53
COMM00245,SATCOM_00245,44.306443,-133.600865,33915.49,L,21483.78,8145.23,INACTIVE,Operator_21
COMM00246,SATCOM_00246,27.437248,66.731159,28085.91,C,8067.36,25252.15,INACTIVE,Operator_226
COMM00247,SATCOM_00247,-6.097572,119.041303,21196.11,Ka,14229.21,11807.91,ACTIVE,Operator_155
COMM00248,SATCOM_00248,-70.443359,108.923141,24634.57,S,19044.64,1535.45,INACTIVE,Operator_196
COMM00249,SATCOM_00249,-68.271082,-86.670311,26757.95,C,5337.49,29244.62,ACTIVE,Operator_192
COMM00250,SATCOM_00250,-26.914519,163.797096,30801.24,Ku,3153.14,4849.72,INACTIVE,Operator_250
COMM00251,SATCOM_00251,-8.706403,-112.84458,33446.74,L,5471.39,20570.03,MAINTENANCE,Operator_153
COMM00252,SATCOM_00252,52.249488,-36.609832,1153.45,Ku,29376.88,29642.02,ACTIVE,Operator_221
COMM00253,SATCOM_00253,-24.047563,105.577125,24162.72,Ka,18367.42,3885.42,ACTIVE,Operator_168
COMM00254,SATCOM_00254,33.463671,-174.908133,27422.28,Ka,5404.9,29151.6,ACTIVE,Operator_138
COMM00255,SATCOM_00255,-71.832424,99.138301,5428.65,C,25882.35,7573.5,INACTIVE,Operator_72
COMM00256,SATCOM_00256,29.895769,39.006565,5001.1,S,26203.84,29175.09,INACTIVE,Operator_137
COMM00257,SATCOM_00257,68.344926,98.629039,30880.2,C,10654.89,23686.94,MAINTENANCE,Operator_123
COMM00258,SATCOM_00258,-10.66417,96.406632,18214.65,L,12101.33,5174.27,ACTIVE,Operator_112
COMM00259,SATCOM_00259,-77.700284,-40.349173,22163.69,L,11519.94,29139.71,ACTIVE,Operator_243
COMM00260,SATCOM_00260,34.303155,-117.801386,458.1,C,6124.65,28491.67,INACTIVE,Operator_33
COMM00261,SATCOM_00261,-67.543819,45.820724,19838.65,X,27711.15,9830.38,ACTIVE,Operator_208
COMM00262,SATCOM_00262,-29.45688,71.461946,25356.82,X,14655.77,25939.95,MAINTENANCE,Operator_116
COMM00263,SATCOM_00263,33.105136,43.481986,28692.91,Ka,9763.73,5424.91,INACTIVE,Operator_181
COMM00264,SATCOM_00264,84.845607,24.320132,18796.84,Ku,27526.84,12548.26,INACTIVE,Operator_178
COMM00265,SATCOM_00265,52.855301,-45.392042,34795.27,C,19552.14,3524.97,MAINTENANCE,Operator_77
COMM00266,SATCOM_00266,72.95703,77.341339,28748.39,S,11832.32,14390.76,ACTIVE,Operator_22
COMM00267,SATCOM_00267,57.812337,-123.243456,30479.32,X,27171.36,22639.22,ACTIVE,Operator_84
COMM00268,SATCOM_00268,68.810614,-142.543311,13050.0,Ku,16451.68,22187.5,ACTIVE,Operator_64
COMM00269,SATCOM_00269,68.654131,13.396107,17973.11,Ka,8104.34,10773.48,INACTIVE,Operator_109
COMM00270,SATCOM_00270,8.304385,151.063961,27053.23,X,29871.73,2333.64,ACTIVE,Operator_230
COMM00271,SATCOM_00271,64.555144,179.417262,23016.26,X,12349.52,11614.22,ACTIVE,Operator_181
COMM00272,SATCOM_00272,-87.679416,60.750706,29138.56,Ka,4328.45,18098.28,ACTIVE,Operator_5
COMM00273,SATCOM_00273,-59.335322,-91.305044,5282.12,X,15772.87,21636.73,ACTIVE,Operator_202
COMM00274,SATCOM_00274,-29.67359,140.857015,5236.07,X,24599.85,7135.62,MAINTENANCE,Operator_85
COMM00275,SATCOM_00275,38.779608,152.873234,27907.74,L,23335.06,9283.56,MAINTENANCE,Operator_178
COMM00276,SATCOM_00276,31.421687,45.050344,25907.21,C,7033.93,11255.31,ACTIVE,Operator_131
COMM00277,SATCOM_00277,-76.017053,-97.907116,14200.71,L,12684.38,10984.83,MAINTENANCE,Operator_75
COMM00278,SATCOM_00278,22.595329,16.619286,2696.23,Ku,17835.15,10450.33,ACTIVE,Operator_136
COMM00279,SATCOM_00279,8.767605,-5.487643,32199.94,Ku,28446.19,15366.26,INACTIVE,Operator_239
COMM00280,SATCOM_00280,-10.542346,125.519782,11322.34,S,14914.52,6194.08,INACTIVE,Operator_91
COMM00281,SATCOM_00281,41.053702,16.187141,214.32,C,13739.1,29519.56,MAINTENANCE,Operator_229
COMM00282,SATCOM_00282,77.933932,71.922623,29854.29,S,16439.6,19843.17,MAINTENANCE,Operator_179
COMM00283,SATCOM_00283,3.245916,54.719431,7684.82,C,14877.27,3495.65,MAINTENANCE,Operator_212
COMM00284,SATCOM_00284,-89.029202,-52.310858,6227.51,Ku,7952.53,18019.96,ACTIVE,Operator_85
COMM00285,SATCOM_00285,88.558437,24.025554,30431.47,S,21181.48,15198.92,MAINTENANCE,Operator_195
COMM00286,SATCOM_00286,67.915413,21.289183,20734.89,X,2013.67,8991.72,INACTIVE,Operator_41
COMM00287,SATCOM_00287,10.918833,62.237648,6658.56,Ka,17542.45,12930.69,MAINTENANCE,Operator_175
COMM00288,SATCOM_00288,-3.301158,169.492669,32280.2,L,21308.07,16314.94,ACTIVE,Operator_104
COMM00289,SATCOM_00289,32.608056,-89.142222,28516.39,Ka,19419.77,6441.47,MAINTENANCE,Operator_110
COMM00290,SATCOM_00290,40.994317,-28.470485,18139.01,L,28315.26,28533.52,ACTIVE,Operator_213
COMM00291,SATCOM_00291,17.67339,159.63769,11826.86,S,2869.22,27424.69,MAINTENANCE,Operator_99
COMM00292,SATCOM_00292,82.158338,-134.537774,25544.07,Ku,27510.73,8969.18,MAINTENANCE,Operator_157
COMM00293,SATCOM_00293,-58.03288,-165.230738,6665.92,X,20307.58,8874.85,MAINTENANCE,Operator_137
COMM00294,SATCOM_00294,8.938795,-123.273232,13611.12,S,23446.92,15011.13,MAINTENANCE,Operator_155
COMM00295,SATCOM_00295,24.016633,-40.947447,14451.54,Ka,17247.3,16643.16,INACTIVE,Operator_203
COMM00296,SATCOM_00296,51.142767,119.450316,32666.68,C,23066.0,28491.31,ACTIVE,Operator_139
COMM00297,SATCOM_00297,63.41142,-9.648675,28587.35,C,14800.24,19807.96,ACTIVE,Operator_75
COMM00298,SATCOM_00298,61.278249,-155.908623,17081.14,X,10654.38,21176.54,ACTIVE,Operator_30
COMM00299,SATCOM_00299,-9.437263,74.391756,29062.04,S,29207.52,16014.71,ACTIVE,Operator_11
COMM00300,SATCOM_00300,37.01395,-22.13714,31054.15,Ku,13077.65,28710.9,MAINTENANCE,Operator_232
COMM00301,SATCOM_00301,0.614732,137.026509,1608.5,X,8528.46,26727.79,ACTIVE,Operator_47
COMM00302,SATCOM_00302,84.855102,159.386761,4924.36,Ka,17058.17,21514.41,ACTIVE,Operator_193
COMM00303,SATCOM_00303,23.28353,135.743704,31292.01,Ku,2716.46,26966.5,MAINTENANCE,Operator_20
COMM00304,SATCOM_00304,-61.285355,-106.411404,20487.97,S,19902.12,25770.77,ACTIVE,Operator_31
COMM00305,SATCOM_00305,21.050082,-101.386445,22905.64,C,1973.67,28378.56,MAINTENANCE,Operator_128
COMM00306,SATCOM_00306,-47.058347,-55.597713,12871.51,C,16254.39,16196.4,ACTIVE,Operator_201
COMM00307,SATCOM_00307,-58.65765,-42.344316,3162.6,C,6107.19,16465.89,ACTIVE,Operator_140
COMM00308,SATCOM_00308,85.256123,-13.734068,13794.56,X,7489.2,22849.7,ACTIVE,Operator_128
COMM00309,SATCOM_00309,52.529279,-9.654832,12897.46,S,4458.15,21359.98,INACTIVE,Operator_125
COMM00310,SATCOM_00310,-50.317271,-18.450676,31364.61,X,15331.47,8782.38,INACTIVE,Operator_84
COMM00311,SATCOM_00311,-24.653317,-84.114449,8123.47,L,1049.33,7269.76,ACTIVE,Operator_233
COMM00312,SATCOM_00312,-25.613645,8.408174,23566.89,Ku,4048.19,7689.94,MAINTENANCE,Operator_136
COMM00313,SATCOM_00313,-10.628927,-128.932577,5441.26,Ku,29407.17,29587.13,ACTIVE,Operator_54
COMM00314,SATCOM_00314,28.876094,67.125518,20559.87,Ka,26048.11,12493.94,INACTIVE,Operator_92
COMM00315,SATCOM_00315,-40.76115,-99.784531,22275.08,Ku,23291.63,6656.12,ACTIVE,Operator_64
COMM00316,SATCOM_00316,83.909248,-75.456958,27668.54,Ka,18301.72,19200.6,INACTIVE,Operator_89
COMM00317,SATCOM_00317,78.71647,-36.751692,22643.02,S,17849.8,5995.25,ACTIVE,Operator_146
COMM00318,SATCOM_00318,-11.729241,-52.244494,23820.11,C,18785.12,27677.84,MAINTENANCE,Operator_139
COMM00319,SATCOM_00319,-74.792725,-135.104691,33559.01,S,23747.49,27977.81,ACTIVE,Operator_130
COMM00320,SATCOM_00320,-16.707966,-59.837431,26600.35,S,3368.13,9028.95,MAINTENANCE,Operator_196
COMM00321,SATCOM_00321,-71.899729,142.264279,28042.74,S,11097.03,19174.5,INACTIVE,Operator_193
COMM00322,SATCOM_00322,21.460684,-55.216928,6000.83,C,8987.78,10379.03,MAINTENANCE,Operator_88
COMM00323,SATCOM_00323,-7.46661,142.019055,30746.27,L,16610.91,7429.04,MAINTENANCE,Operator_157
COMM00324,SATCOM_00324,-23.020527,87.706246,13110.61,Ku,1960.51,9358.38,ACTIVE,Operator_120
COMM00325,SATCOM_00325,-59.521539,-15.993263,9257.72,C,29107.24,20377.11,MAINTENANCE,Operator_44
COMM00326,SATCOM_00326,-68.324884,-15.559154,5060.54,C,9777.65,27258.29,ACTIVE,Operator_98
COMM00327,SATCOM_00327,-18.091577,-42.71017,31378.15,Ku,8659.56,25158.36,MAINTENANCE,Operator_18
COMM00328,SATCOM_00328,-63.879771,-12.994608,1547.69,Ku,4320.68,26430.9,ACTIVE,Operator_39
COMM00329,SATCOM_00329,8.147418,-173.402892,33747.81,Ku,19812.4,28693.07,MAINTENANCE,Operator_30
COMM00330,SATCOM_00330,-38.878167,166.707827,18625.15,C,25441.0,22121.88,MAINTENANCE,Operator_246
COMM00331,SATCOM_00331,-61.299322,-49.80752,31819.82,C,9201.83,9621.93,MAINTENANCE,Operator_166
COMM00332,SATCOM_00332,35.141888,9.564091,20944.61,S,17741.92,8036.55,MAINTENANCE,Operator_73
COMM00333,SATCOM_00333,4.949048,-50.208848,9793.84,Ku,9782.33,12108.39,ACTIVE,Operator_224
COMM00334,SATCOM_00334,64.586006,-4.876376,2183.6,S,3871.34,26705.91,MAINTENANCE,Operator_164
COMM00335,SATCOM_00335,19.341841,155.688511,14357.37,Ka,25501.25,8000.47,ACTIVE,Operator_39
COMM00336,SATCOM_00336,-51.71059,-157.069091,29303.64,Ku,26438.49,24262.66,ACTIVE,Operator_245
COMM00337,SATCOM_00337,-9.840837,169.601685,29326.89,C,20936.39,8570.1,MAINTENANCE,Operator_230
COMM00338,SATCOM_00338,36.064794,-147.600545,16759.75,L,25748.99,2325.06,ACTIVE,Operator_35
COMM00339,SATCOM_00339,56.518054,-136.688621,6667.45,L,25381.19,11065.4,MAINTENANCE,Operator_106
COMM00340,SATCOM_00340,84.446763,120.21263,9609.61,S,12120.26,19920.25,MAINTENANCE,Operator_199
COMM00341,SATCOM_00341,-41.901856,-111.325784,29112.41,Ka,1264.15,13167.15,MAINTENANCE,Operator_196
COMM00342,SATCOM_00342,36.977205,137.522932,5118.15,Ka,22623.4,14168.48,ACTIVE,Operator_132
COMM00343,SATCOM_00343,-48.846725,-80.382031,5299.75,Ku,15284.6,27266.61,MAINTENANCE,Operator_66
COMM00344,SATCOM_00344,81.120909,-115.168283,18004.94,Ku,27441.14,5767.48,ACTIVE,Operator_27
COMM00345,SATCOM_00345,0.996089,-131.124253,2259.31,Ka,27531.83,26653.45,INACTIVE,Operator_29
COMM00346,SATCOM_00346,-48.283252,63.759385,18857.69,Ku,4500.56,16499.36,MAINTENANCE,Operator_76
COMM00347,SATCOM_00347,-60.175264,-88.623231,3793.14,Ka,1432.87,17571.43,ACTIVE,Operator_27
COMM00348,SATCOM_00348,41.879435,-86.729052,4728.2,L,10247.1,26465.35,INACTIVE,Operator_41
COMM00349,SATCOM_00349,-62.374415,109.851235,25339.01,Ka,9142.57,6830.98,ACTIVE,Operator_208
COMM00350,SATCOM_00350,-29.001669,113.062727,30942.43,S,17009.95,16490.13,INACTIVE,Operator_50
COMM00351,SATCOM_00351,-30.300273,-171.182748,21257.01,S,27135.88,9677.33,ACTIVE,Operator_77
COMM00352,SATCOM_00352,-16.59221,112.220743,1807.81,X,28486.06,15440.95,ACTIVE,Operator_156
COMM00353,SATCOM_00353,88.503437,146.346267,12122.04,Ka,29961.22,24192.47,INACTIVE,Operator_39
COMM00354,SATCOM_00354,-54.419123,-115.720428,18912.86,Ka,16637.87,2434.57,INACTIVE,Operator_24
COMM00355,SATCOM_00355,-45.548532,-8.231542,15438.6,Ku,5441.39,15284.88,INACTIVE,Operator_49
COMM00356,SATCOM_00356,9.448314,23.268719,20764.87,Ku,16029.96,27262.66,MAINTENANCE,Operator_64
COMM00357,SATCOM_00357,-80.85923,-55.619035,27853.62,C,28738.33,12247.05,MAINTENANCE,Operator_203
COMM00358,SATCOM_00358,-87.385804,-135.059083,16368.95,Ku,18262.31,9001.99,ACTIVE,Operator_230
COMM00359,SATCOM_00359,68.438396,141.779515,23152.35,C,27101.26,8692.33,INACTIVE,Operator_195
COMM00360,SATCOM_00360,-63.107761,-99.834738,16553.88,S,1465.86,23920.52,MAINTENANCE,Operator_145
COMM00361,SATCOM_00361,35.341037,7.647826,32237.27,L,15594.66,9116.47,INACTIVE,Operator_210
COMM00362,SATCOM_00362,45.06081,-1.968667,35036.29,Ku,25584.49,17668.03,ACTIVE,Operator_98
COMM00363,SATCOM_00363,-54.576916,102.515996,19147.99,S,26180.56,27103.64,MAINTENANCE,Operator_116
COMM00364,SATCOM_00364,-45.551018,67.360246,10969.72,C,24815.33,15651.02,INACTIVE,Operator_44
COMM00365,SATCOM_00365,17.607373,98.574422,14877.8,C,24102.07,2631.38,INACTIVE,Operator_58
COMM00366,SATCOM_00366,-86.620965,-72.177352,1359.85,C,16292.38,4869.72,MAINTENANCE,Operator_74
COMM00367,SATCOM_00367,66.472668,63.224622,12952.24,S,7903.78,12106.5,MAINTENANCE,Operator_133
COMM00368,SATCOM_00368,0.882983,66.854655,27834.86,C,17595.21,29087.22,MAINTENANCE,Operator_49
COMM00369,SATCOM_00369,-12.874165,-130.938868,13640.32,C,20319.33,2372.03,MAINTENANCE,Operator_17
COMM00370,SATCOM_00370,12.767069,-30.011451,20734.18,C,8102.83,7325.5,INACTIVE,Operator_20
COMM00371,SATCOM_00371,-89.805901,18.220963,2152.78,C,28398.61,16498.76,ACTIVE,Operator_5
COMM00372,SATCOM_00372,-74.689516,165.760035,11564.6,Ku,19640.82,8097.65,INACTIVE,Operator_165
COMM00373,SATCOM_00373,52.246796,44.162312,1593.16,Ku,10174.96,14158.11,ACTIVE,Operator_155
COMM00374,SATCOM_00374,36.105294,103.98187,33822.66,C,17270.87,26123.46,INACTIVE,Operator_138
COMM00375,SATCOM_00375,-6.752183,136.416297,9478.08,C,5517.25,4368.68,INACTIVE,Operator_41
COMM00376,SATCOM_00376,-86.974539,-138.786408,490.6,L,29264.79,8250.41,MAINTENANCE,Operator_223
COMM00377,SATCOM_00377,60.432488,-26.169692,10739.74,L,16171.77,8177.01,INACTIVE,Operator_147
COMM00378,SATCOM_00378,-19.021101,60.159174,3673.06,Ku,24911.87,24075.85,ACTIVE,Operator_98
COMM00379,SATCOM_00379,-0.366095,2.304025,33193.78,Ku,26274.13,20675.07,ACTIVE,Operator_65
COMM00380,SATCOM_00380,68.673753,-95.300496,18101.68,Ka,26370.09,3560.6,ACTIVE,Operator_130
COMM00381,SATCOM_00381,80.500527,-146.784628,28019.66,C,26536.49,15321.72,INACTIVE,Operator_204
COMM00382,SATCOM_00382,-12.581312,-152.696344,34798.64,X,5592.15,19869.31,MAINTENANCE,Operator_60
COMM00383,SATCOM_00383,38.421813,3.228344,24531.71,C,21706.62,18996.21,MAINTENANCE,Operator_131
COMM00384,SATCOM_00384,28.898035,-137.03807,17783.05,Ku,2014.75,11290.61,ACTIVE,Operator_31
COMM00385,SATCOM_00385,-62.600683,148.002234,31765.49,X,16575.66,15336.68,INACTIVE,Operator_17
COMM00386,SATCOM_00386,72.186803,-48.353455,28402.16,L,14139.93,1937.78,INACTIVE,Operator_113
COMM00387,SATCOM_00387,18.063252,74.504884,25118.96,C,13678.22,2090.68,MAINTENANCE,Operator_166
COMM00388,SATCOM_00388,77.723666,-172.906589,7633.45,Ku,29382.29,11128.27,MAINTENANCE,Operator_187
COMM00389,SATCOM_00389,55.519299,25.67234,30927.81,C,19754.89,13993.9,INACTIVE,Operator_221
COMM00390,SATCOM_00390,46.658942,-114.421998,6995.92,C,21676.71,28683.72,MAINTENANCE,Operator_151
COMM00391,SATCOM_00391,-18.613215,-23.123089,2844.19,Ku,9320.04,29674.38,MAINTENANCE,Operator_22
COMM00392,SATCOM_00392,73.359775,-18.300467,15302.44,L,29319.85,25266.45,INACTIVE,Operator_116
COMM00393,SATCOM_00393,-71.832319,-40.167586,3318.32,S,17386.57,14100.23,ACTIVE,Operator_15
COMM00394,SATCOM_00394,-29.769238,10.729971,29998.79,Ku,2642.33,16195.18,MAINTENANCE,Operator_201
COMM00395,SATCOM_00395,72.739488,-168.077789,32111.11,L,14640.9,14585.1,MAINTENANCE,Operator_1
COMM00396,SATCOM_00396,41.8659,101.362925,33004.39,C,8668.43,18542.61,INACTIVE,Operator_127
COMM00397,SATCOM_00397,-73.759904,-155.093764,33958.27,S,11486.15,17567.34,MAINTENANCE,Operator_123
COMM00398,SATCOM_00398,-54.272596,-66.385567,32854.71,S,10669.41,3992.81,INACTIVE,Operator_15
COMM00399,SATCOM_00399,-52.256245,-126.751828,28895.73,L,12183.75,12306.32,MAINTENANCE,Operator_22
COMM00400,SATCOM_00400,-3.223973,103.923826,26987.12,X,12817.17,25756.33,MAINTENANCE,Operator_139
COMM00401,SATCOM_00401,-37.359836,-134.791811,19269.76,Ka,18911.64,26860.43,ACTIVE,Operator_159
COMM00402,SATCOM_00402,-28.772789,109.529268,22254.16,L,29563.78,16692.25,INACTIVE,Operator_184
COMM00403,SATCOM_00403,15.135624,-153.206728,18089.01,C,26698.59,29565.7,MAINTENANCE,Operator_8
COMM00404,SATCOM_00404,49.507531,156.661531,20161.45,Ku,18040.83,20425.1,ACTIVE,Operator_135
COMM00405,SATCOM_00405,-60.26982,-126.921628,26653.1,X,18700.98,5434.69,INACTIVE,Operator_193
COMM00406,SATCOM_00406,79.882829,-61.895264,13180.9,Ka,21991.57,6311.83,INACTIVE,Operator_62
COMM00407,SATCOM_00407,62.585868,42.414766,13756.95,S,3423.89,16422.36,MAINTENANCE,Operator_23
COMM00408,SATCOM_00408,50.857334,157.410879,9054.46,Ku,13827.51,16278.11,ACTIVE,Operator_12
COMM00409,SATCOM_00409,-78.299545,33.146297,34660.12,Ku,3706.89,7803.94,MAINTENANCE,Operator_5
COMM00410,SATCOM_00410,55.936841,-9.534561,33921.54,Ka,2609.22,12225.21,MAINTENANCE,Operator_98
COMM00411,SATCOM_00411,74.899308,-125.980541,15746.25,L,2648.36,25560.94,INACTIVE,Operator_199
COMM00412,SATCOM_00412,79.569226,125.983742,10733.63,Ku,21868.39,22965.03,INACTIVE,Operator_220
COMM00413,SATCOM_00413,-72.692957,-25.121961,26788.11,L,26955.85,18365.66,MAINTENANCE,Operator_247
COMM00414,SATCOM_00414,67.752367,177.595451,32436.62,L,21965.35,26896.13,ACTIVE,Operator_60
COMM00415,SATCOM_00415,-52.167055,-81.869643,21566.17,C,13317.55,29495.19,ACTIVE,Operator_193
COMM00416,SATCOM_00416,85.56019,24.649029,18864.84,Ku,2008.12,9049.58,INACTIVE,Operator_163
COMM00417,SATCOM_00417,-71.009766,-146.964552,19182.73,L,16642.2,20094.94,MAINTENANCE,Operator_225
COMM00418,SATCOM_00418,-67.344869,161.627408,30028.93,C,10618.66,19503.63,MAINTENANCE,Operator_111
COMM00419,SATCOM_00419,46.240488,86.628336,19932.63,S,14591.52,26666.51,MAINTENANCE,Operator_11
COMM00420,SATCOM_00420,89.379699,10.010821,28737.63,C,23020.6,21499.21,ACTIVE,Operator_162
COMM00421,SATCOM_00421,-63.085886,123.437653,5084.14,L,8563.45,19002.83,INACTIVE,Operator_37
COMM00422,SATCOM_00422,-83.955094,98.704093,30734.52,Ka,15963.38,14530.76,ACTIVE,Operator_108
COMM00423,SATCOM_00423,12.071294,-8.088166,4596.22,L,16421.91,24847.4,ACTIVE,Operator_69
COMM00424,SATCOM_00424,-38.756638,-148.476558,29292.58,S,2705.15,23169.5,ACTIVE,Operator_166
COMM00425,SATCOM_00425,65.103607,-17.68916,12662.45,L,17372.58,3075.08,MAINTENANCE,Operator_186
COMM00426,SATCOM_00426,50.234483,-92.894877,33005.4,Ku,6050.95,16475.6,INACTIVE,Operator_83
COMM00427,SATCOM_00427,-82.182572,-95.529705,26544.15,S,8107.02,12056.44,ACTIVE,Operator_223
COMM00428,SATCOM_00428,-60.671881,-90.175597,11035.26,S,11210.27,14308.3,ACTIVE,Operator_186
COMM00429,SATCOM_00429,-70.768894,-89.602624,16260.15,Ka,17116.44,21387.23,MAINTENANCE,Operator_96
COMM00430,SATCOM_00430,-44.655794,77.985562,19972.88,C,14078.32,22614.2,MAINTENANCE,Operator_195
COMM00431,SATCOM_00431,73.50825,-98.072488,5664.14,C,14885.82,6513.74,MAINTENANCE,Operator_249
COMM00432,SATCOM_00432,68.350183,-104.296424,16585.15,Ka,13482.05,19420.81,INACTIVE,Operator_135
COMM00433,SATCOM_00433,77.60426,-24.036896,7763.61,C,2701.95,22307.89,MAINTENANCE,Operator_94
COMM00434,SATCOM_00434,7.106174,-142.529796,20203.66,Ku,14256.13,14867.09,INACTIVE,Operator_129
COMM00435,SATCOM_00435,-12.434347,56.029173,23153.54,L,5284.4,7082.15,INACTIVE,Operator_2
COMM00436,SATCOM_00436,68.671666,95.638553,16537.26,C,5699.07,26324.97,MAINTENANCE,Operator_102
COMM00437,SATCOM_00437,-65.960258,-170.806345,31705.27,C,28087.83,26945.41,ACTIVE,Operator_6
COMM00438,SATCOM_00438,-88.846049,-83.456736,25900.39,L,3411.18,29358.68,INACTIVE,Operator_143
COMM00439,SATCOM_00439,1.911512,-98.554075,3178.51,C,26378.42,13240.98,ACTIVE,Operator_45
COMM00440,SATCOM_00440,78.608333,-132.11452,5673.69,S,3167.08,12075.15,INACTIVE,Operator_222
COMM00441,SATCOM_00441,-76.378608,-78.273171,8002.31,Ka,11365.23,28682.49,ACTIVE,Operator_26
COMM00442,SATCOM_00442,-0.110162,56.533104,25131.08,L,21867.73,2304.68,INACTIVE,Operator_179
COMM00443,SATCOM_00443,-55.726358,-41.935877,24969.01,Ka,10620.91,6031.9,MAINTENANCE,Operator_86
COMM00444,SATCOM_00444,48.129808,-19.848776,4428.55,X,15533.09,1755.07,ACTIVE,Operator_191
COMM00445,SATCOM_00445,-85.923826,30.583598,19421.66,L,8531.15,14121.31,INACTIVE,Operator_218
COMM00446,SATCOM_00446,-31.842898,42.664532,11514.26,S,18805.09,19078.24,MAINTENANCE,Operator_146
COMM00447,SATCOM_00447,89.008236,-92.148178,34932.8,C,9416.74,17601.17,MAINTENANCE,Operator_211
COMM00448,SATCOM_00448,-78.341398,47.543748,20894.2,Ka,29940.25,9371.33,INACTIVE,Operator_92
COMM00449,SATCOM_00449,-85.564842,131.336553,15084.74,L,2219.79,26627.68,INACTIVE,Operator_67
COMM00450,SATCOM_00450,76.033238,-79.314001,18131.28,C,23054.87,26999.98,ACTIVE,Operator_165
COMM00451,SATCOM_00451,12.903942,133.382008,14535.64,Ka,23167.01,5217.48,INACTIVE,Operator_177
COMM00452,SATCOM_00452,85.553545,-109.879016,30564.21,X,24236.53,15859.08,INACTIVE,Operator_75
COMM00453,SATCOM_00453,19.562754,-69.602062,27533.25,Ka,3576.51,13334.12,INACTIVE,Operator_87
COMM00454,SATCOM_00454,21.370621,-84.134251,30750.35,Ka,18206.61,27280.81,INACTIVE,Operator_114
COMM00455,SATCOM_00455,23.230873,2.714844,16863.62,Ku,18692.3,18532.4,ACTIVE,Operator_116
COMM00456,SATCOM_00456,33.884636,-107.684467,28840.16,Ka,14885.88,18194.0,INACTIVE,Operator_72
COMM00457,SATCOM_00457,-20.109212,-76.12219,3000.6,X,17995.77,3277.05,MAINTENANCE,Operator_223
COMM00458,SATCOM_00458,-3.189665,142.880776,21448.6,Ka,16127.05,11273.99,INACTIVE,Operator_176
COMM00459,SATCOM_00459,1.026059,92.144367,20086.11,Ka,13204.29,12865.17,MAINTENANCE,Operator_197
COMM00460,SATCOM_00460,49.338808,-152.740805,29234.21,C,16730.63,22382.22,ACTIVE,Operator_218
COMM00461,SATCOM_00461,-51.492125,16.308644,11980.42,S,25666.28,6903.05,MAINTENANCE,Operator_243
COMM00462,SATCOM_00462,55.81655,-83.330986,32878.06,Ka,5645.46,29053.03,MAINTENANCE,Operator_194
COMM00463,SATCOM_00463,-30.357914,-123.441957,35087.31,Ka,3854.14,7178.16,MAINTENANCE,Operator_209
COMM00464,SATCOM_00464,-49.084402,-82.370304,6604.79,C,25245.91,22003.55,INACTIVE,Operator_141
COMM00465,SATCOM_00465,74.202264,4.175489,29810.02,Ku,28077.23,13530.94,MAINTENANCE,Operator_228
COMM00466,SATCOM_00466,-36.275151,75.777432,18105.47,L,13201.64,1858.02,MAINTENANCE,Operator_201
COMM00467,SATCOM_00467,-26.679781,-14.596041,20408.68,Ka,27907.36,10067.81,INACTIVE,Operator_234
COMM00468,SATCOM_00468,36.157191,-141.94386,14731.8,X,21561.33,17383.25,MAINTENANCE,Operator_1
COMM00469,SATCOM_00469,-34.323415,54.86911,18471.27,S,8171.33,3608.55,INACTIVE,Operator_114
COMM00470,SATCOM_00470,-54.160433,41.451853,16605.3,S,6747.47,27963.18,ACTIVE,Operator_157
COMM00471,SATCOM_00471,-32.93434,12.341099,16921.96,Ka,23306.45,25732.83,INACTIVE,Operator_150
COMM00472,SATCOM_00472,68.798391,116.427369,19624.95,S,26544.61,27577.63,ACTIVE,Operator_71
COMM00473,SATCOM_00473,-30.303654,-164.495036,12404.7,L,11309.39,24349.82,MAINTENANCE,Operator_104
COMM00474,SATCOM_00474,-64.521993,-50.265735,5784.17,S,14529.85,13139.98,ACTIVE,Operator_5
COMM00475,SATCOM_00475,10.617348,-176.327299,275.99,X,24008.79,19174.69,MAINTENANCE,Operator_154
COMM00476,SATCOM_00476,-2.422295,147.101352,11887.78,S,15509.8,22328.89,ACTIVE,Operator_99
COMM00477,SATCOM_00477,69.791841,-179.143472,13246.8,C,18776.56,20715.37,INACTIVE,Operator_241
COMM00478,SATCOM_00478,87.371891,2.840236,6888.54,C,13089.5,11100.67,MAINTENANCE,Operator_111
COMM00479,SATCOM_00479,36.151132,135.831196,32815.93,C,19995.89,11901.76,INACTIVE,Operator_54
COMM00480,SATCOM_00480,78.763187,145.761976,6225.9,C,22047.88,26083.32,ACTIVE,Operator_118
COMM00481,SATCOM_00481,55.505951,84.225679,13355.3,Ku,21979.53,17396.96,INACTIVE,Operator_180
COMM00482,SATCOM_00482,17.472867,41.735755,17486.32,Ku,6025.36,11228.5,INACTIVE,Operator_63
COMM00483,SATCOM_00483,-88.007905,-81.565901,33434.99,Ka,6404.42,28769.55,INACTIVE,Operator_73
COMM00484,SATCOM_00484,13.27021,16.440572,21676.27,C,20200.83,10221.98,ACTIVE,Operator_73
COMM00485,SATCOM_00485,-44.372816,-79.592211,15640.01,C,23949.7,4669.92,ACTIVE,Operator_50
COMM00486,SATCOM_00486,65.79534,-38.42857,14448.22,L,6318.73,11105.39,ACTIVE,Operator_234
COMM00487,SATCOM_00487,-23.151872,103.144367,25966.84,Ku,14415.25,25738.99,MAINTENANCE,Operator_231
COMM00488,SATCOM_00488,89.801724,-125.537673,30212.15,L,16465.35,4725.72,MAINTENANCE,Operator_241
COMM00489,SATCOM_00489,-25.808945,-34.408581,16045.3,S,9636.0,13811.76,MAINTENANCE,Operator_23
COMM00490,SATCOM_00490,-49.997107,-100.237793,12372.6,C,8210.95,13498.74,MAINTENANCE,Operator_177
COMM00491,SATCOM_00491,80.963112,111.871814,25988.42,X,16743.1,3848.85,INACTIVE,Operator_189
COMM00492,SATCOM_00492,-44.606271,179.711006,32041.4,Ka,6877.09,20746.27,ACTIVE,Operator_17
COMM00493,SATCOM_00493,-59.416724,-11.571309,32743.33,S,29548.04,19937.65,ACTIVE,Operator_215
COMM00494,SATCOM_00494,47.602,150.722876,12535.2,Ka,17926.46,6082.57,ACTIVE,Operator_5
COMM00495,SATCOM_00495,-2.071006,-53.988983,30097.12,S,10013.53,1120.83,MAINTENANCE,Operator_154
COMM00496,SATCOM_00496,34.466277,109.896278,27660.07,L,29615.66,3634.74,ACTIVE,Operator_87
COMM00497,SATCOM_00497,-50.109331,174.695874,4224.12,C,15933.81,21565.21,ACTIVE,Operator_185
COMM00498,SATCOM_00498,-53.575386,-81.811652,13550.39,X,26824.77,16133.62,INACTIVE,Operator_68
COMM00499,SATCOM_00499,-6.970082,162.914793,33465.41,L,26209.52,9749.65,INACTIVE,Operator_53
COMM00500,SATCOM_00500,4.967149,-155.533856,20966.61,X,29324.56,27190.14,MAINTENANCE,Operator_183
COMM00501,SATCOM_00501,88.26649,-106.919037,13934.96,X,17335.38,20426.06,INACTIVE,Operator_189
COMM00502,SATCOM_00502,78.228908,-83.220922,16324.82,L,21292.92,24964.19,ACTIVE,Operator_138
COMM00503,SATCOM_00503,87.08823,-36.938642,12586.64,X,24576.37,21458.59,ACTIVE,Operator_49
COMM00504,SATCOM_00504,-2.023707,14.990739,35559.46,Ka,26895.35,20400.19,INACTIVE,Operator_72
COMM00505,SATCOM_00505,4.593234,-176.047923,16024.49,Ka,22420.94,20930.94,MAINTENANCE,Operator_130
COMM00506,SATCOM_00506,-14.143697,116.471299,26719.69,L,10223.69,4684.18,INACTIVE,Operator_14
COMM00507,SATCOM_00507,-44.969963,-10.662356,18581.03,S,15394.98,13319.1,ACTIVE,Operator_176
COMM00508,SATCOM_00508,-16.04517,-93.140664,21919.03,X,26372.97,13355.89,ACTIVE,Operator_14
COMM00509,SATCOM_00509,41.149845,-56.305899,27302.83,L,27729.85,26913.7,INACTIVE,Operator_218
COMM00510,SATCOM_00510,13.675894,-64.84068,30282.64,X,23647.74,20352.52,ACTIVE,Operator_147
COMM00511,SATCOM_00511,-26.47937,136.122254,23560.57,S,2143.43,27567.47,INACTIVE,Operator_161
COMM00512,SATCOM_00512,-40.362061,103.14882,8370.69,Ka,1087.06,27756.42,ACTIVE,Operator_18
COMM00513,SATCOM_00513,-71.231734,-17.728923,14056.44,S,18142.53,1571.07,MAINTENANCE,Operator_236
COMM00514,SATCOM_00514,-84.433159,35.669824,19499.69,C,27513.93,3243.45,INACTIVE,Operator_116
COMM00515,SATCOM_00515,-4.998604,-23.440906,26275.34,S,16255.22,5410.45,INACTIVE,Operator_129
COMM00516,SATCOM_00516,27.974253,-92.774616,28347.17,C,21171.32,3117.45,MAINTENANCE,Operator_225
COMM00517,SATCOM_00517,-44.497855,166.382856,33762.9,X,12429.49,21293.12,ACTIVE,Operator_123
COMM00518,SATCOM_00518,-3.062194,-91.086098,4217.1,X,19404.43,26505.3,INACTIVE,Operator_182
COMM00519,SATCOM_00519,-59.986843,71.792311,15682.58,X,11779.32,26664.64,ACTIVE,Operator_26
COMM00520,SATCOM_00520,38.445445,-45.896997,35469.0,X,19595.62,3942.91,INACTIVE,Operator_150
COMM00521,SATCOM_00521,-75.244771,-6.699073,18585.12,S,28661.92,13043.7,INACTIVE,Operator_59
COMM00522,SATCOM_00522,-70.803023,47.699871,33838.25,Ku,11238.06,24507.63,ACTIVE,Operator_199
COMM00523,SATCOM_00523,-38.704672,-51.848437,8705.44,S,15545.69,12334.18,ACTIVE,Operator_47
COMM00524,SATCOM_00524,85.967495,89.064858,27543.9,Ka,11390.54,17740.63,INACTIVE,Operator_168
COMM00525,SATCOM_00525,22.765157,160.795806,24183.89,Ku,1703.65,3851.42,INACTIVE,Operator_125
COMM00526,SATCOM_00526,24.536847,-132.446379,1325.37,Ku,10506.23,7774.69,INACTIVE,Operator_20
COMM00527,SATCOM_00527,-56.406084,-115.302065,5715.53,X,5761.33,26368.51,ACTIVE,Operator_198
COMM00528,SATCOM_00528,30.336802,177.000408,11015.13,Ka,24767.8,8997.51,MAINTENANCE,Operator_11
COMM00529,SATCOM_00529,-40.612082,112.212305,34988.34,X,14227.36,4662.64,ACTIVE,Operator_246
COMM00530,SATCOM_00530,-33.781884,75.425965,33806.55,C,10154.95,10812.43,INACTIVE,Operator_209
COMM00531,SATCOM_00531,23.425797,120.397834,11668.0,S,2752.1,11781.71,MAINTENANCE,Operator_5
COMM00532,SATCOM_00532,19.015767,23.435294,5517.92,Ka,15166.76,5898.54,INACTIVE,Operator_107
COMM00533,SATCOM_00533,38.080463,-121.981656,31995.53,S,9009.18,24650.24,INACTIVE,Operator_39
COMM00534,SATCOM_00534,-72.710038,21.559527,23876.07,C,28306.51,7374.75,MAINTENANCE,Operator_242
COMM00535,SATCOM_00535,-21.875458,-110.275652,9463.76,Ka,25625.76,15256.62,INACTIVE,Operator_156
COMM00536,SATCOM_00536,34.533896,56.661875,16336.83,Ku,20780.67,29037.08,MAINTENANCE,Operator_105
COMM00537,SATCOM_00537,-13.414581,82.506799,23238.06,X,17687.01,23376.46,INACTIVE,Operator_194
COMM00538,SATCOM_00538,69.745499,82.337433,22719.3,Ka,21584.61,27188.76,MAINTENANCE,Operator_176
COMM00539,SATCOM_00539,59.8066,-94.106694,31141.76,Ka,17750.43,20149.97,ACTIVE,Operator_143
COMM00540,SATCOM_00540,-16.991494,128.05556,2241.32,L,6744.21,26798.56,ACTIVE,Operator_17
COMM00541,SATCOM_00541,-52.377575,-139.312126,27652.01,C,25980.54,29267.34,ACTIVE,Operator_238
COMM00542,SATCOM_00542,-89.247212,-95.147783,14047.04,Ku,22092.96,14733.01,MAINTENANCE,Operator_181
COMM00543,SATCOM_00543,-43.274125,112.347509,33157.22,L,19463.57,14533.98,MAINTENANCE,Operator_106
COMM00544,SATCOM_00544,59.69758,31.965132,34806.97,Ku,11230.82,11074.78,MAINTENANCE,Operator_227
COMM00545,SATCOM_00545,-11.581703,-111.653735,35375.53,Ku,18456.72,13254.9,INACTIVE,Operator_60
COMM00546,SATCOM_00546,17.788899,-26.488924,3458.21,X,16743.56,17568.54,INACTIVE,Operator_220
COMM00547,SATCOM_00547,81.927407,-118.011743,32522.25,Ka,23370.86,17483.38,MAINTENANCE,Operator_215
COMM00548,SATCOM_00548,-80.379949,115.904569,11546.93,L,13314.11,13608.81,INACTIVE,Operator_209
COMM00549,SATCOM_00549,13.912281,-156.547529,27917.44,L,15290.71,18353.36,MAINTENANCE,Operator_210
COMM00550,SATCOM_00550,-61.428859,129.221708,35777.29,L,29445.6,11307.54,MAINTENANCE,Operator_152
COMM00551,SATCOM_00551,-67.603865,77.980291,22968.67,L,19919.7,14975.35,MAINTENANCE,Operator_219
COMM00552,SATCOM_00552,-67.482932,-113.678023,12258.38,L,29576.6,26341.36,ACTIVE,Operator_178
COMM00553,SATCOM_00553,11.561583,-30.458871,27551.2,Ku,24844.95,4469.65,INACTIVE,Operator_16
COMM00554,SATCOM_00554,-77.590733,12.125716,23194.38,L,18538.03,8895.54,INACTIVE,Operator_239
COMM00555,SATCOM_00555,48.232183,-79.964172,28027.24,X,24748.79,26905.91,MAINTENANCE,Operator_181
COMM00556,SATCOM_00556,-11.630995,-101.170646,27413.68,C,21147.78,18738.46,INACTIVE,Operator_214
COMM00557,SATCOM_00557,4.784975,-69.485318,24615.12,S,26659.69,28962.29,INACTIVE,Operator_59
COMM00558,SATCOM_00558,-50.528508,-138.132933,26944.81,Ka,27739.33,6514.76,INACTIVE,Operator_157
COMM00559,SATCOM_00559,-85.833525,-44.905841,24738.47,L,6531.48,4176.09,MAINTENANCE,Operator_48
COMM00560,SATCOM_00560,37.8568,87.923183,1485.0,Ka,26806.61,25276.3,ACTIVE,Operator_36
COMM00561,SATCOM_00561,63.012215,101.110328,20374.64,C,4154.03,17056.6,MAINTENANCE,Operator_45
COMM00562,SATCOM_00562,81.719504,126.132564,4095.57,S,17503.64,16818.5,ACTIVE,Operator_212
COMM00563,SATCOM_00563,13.379929,-83.373414,22306.0,X,21611.77,27402.92,ACTIVE,Operator_18
COMM00564,SATCOM_00564,14.684921,-91.539363,23897.96,Ka,10477.57,24150.6,ACTIVE,Operator_204
COMM00565,SATCOM_00565,-64.120243,32.714679,9461.82,X,22209.68,15988.69,INACTIVE,Operator_34
COMM00566,SATCOM_00566,-31.456785,175.633962,3696.18,L,25594.44,16997.22,MAINTENANCE,Operator_71
COMM00567,SATCOM_00567,-42.275512,-14.835556,28225.65,C,24972.64,27419.28,MAINTENANCE,Operator_107
COMM00568,SATCOM_00568,50.122912,-63.632178,5862.71,C,9176.74,20511.94,MAINTENANCE,Operator_50
COMM00569,SATCOM_00569,-86.039862,-73.774782,29396.49,C,23527.46,3728.27,ACTIVE,Operator_212
COMM00570,SATCOM_00570,79.523597,-124.014254,2064.25,C,10351.81,15948.13,INACTIVE,Operator_48
COMM00571,SATCOM_00571,-40.607705,-172.995051,7040.4,X,20341.75,9489.0,MAINTENANCE,Operator_47
COMM00572,SATCOM_00572,17.28046,167.135911,5239.52,C,12255.28,23041.22,ACTIVE,Operator_48
COMM00573,SATCOM_00573,-63.020122,-112.410779,22027.37,S,15227.34,3904.97,ACTIVE,Operator_32
COMM00574,SATCOM_00574,75.815733,130.146946,26586.91,Ku,7033.44,4944.79,ACTIVE,Operator_237
COMM00575,SATCOM_00575,31.789541,101.20391,11172.74,X,17008.95,2406.56,MAINTENANCE,Operator_171
COMM00576,SATCOM_00576,27.284151,26.94783,18990.15,X,16050.64,23007.73,ACTIVE,Operator_114
COMM00577,SATCOM_00577,-64.053164,-140.078917,21232.47,L,17856.38,23968.42,ACTIVE,Operator_113
COMM00578,SATCOM_00578,-50.13126,54.218589,26224.41,Ku,3057.27,15380.1,MAINTENANCE,Operator_218
COMM00579,SATCOM_00579,-38.127641,99.075145,688.9,C,21859.2,12347.86,MAINTENANCE,Operator_193
COMM00580,SATCOM_00580,51.969243,-161.328876,26371.28,Ku,13503.25,7454.89,MAINTENANCE,Operator_233
COMM00581,SATCOM_00581,-29.764015,170.807829,26360.92,Ku,12117.34,11347.34,INACTIVE,Operator_171
COMM00582,SATCOM_00582,-62.409091,107.208911,17723.33,Ku,12675.15,5585.63,INACTIVE,Operator_114
COMM00583,SATCOM_00583,59.774752,174.680315,14115.12,Ka,3066.71,10103.4,INACTIVE,Operator_30
COMM00584,SATCOM_00584,71.717413,-99.511997,21187.01,S,26109.17,29126.53,MAINTENANCE,Operator_179
COMM00585,SATCOM_00585,32.193943,101.968885,17375.13,L,16821.19,26352.01,MAINTENANCE,Operator_144
COMM00586,SATCOM_00586,8.510358,13.371318,34645.62,C,10126.1,28264.46,INACTIVE,Operator_242
COMM00587,SATCOM_00587,38.473007,114.706347,13636.73,C,4811.52,7450.4,MAINTENANCE,Operator_71
COMM00588,SATCOM_00588,79.842142,-107.283579,24458.08,Ku,16201.4,24935.91,INACTIVE,Operator_90
COMM00589,SATCOM_00589,23.986038,171.146901,32034.26,Ku,20680.67,19004.62,ACTIVE,Operator_143
COMM00590,SATCOM_00590,74.447715,125.098247,22337.87,Ka,23269.86,24452.08,INACTIVE,Operator_126
COMM00591,SATCOM_00591,-74.871411,-122.362088,17252.37,S,20286.81,12440.51,ACTIVE,Operator_216
COMM00592,SATCOM_00592,56.467376,-92.834735,35961.01,Ku,5464.64,22503.64,MAINTENANCE,Operator_244
COMM00593,SATCOM_00593,5.417205,-99.492661,14149.83,X,7307.24,4633.74,ACTIVE,Operator_85
COMM00594,SATCOM_00594,-85.237132,-34.385014,33473.26,Ka,5444.21,4487.77,ACTIVE,Operator_98
COMM00595,SATCOM_00595,-25.469019,-116.776978,21108.51,Ku,17912.32,21377.17,ACTIVE,Operator_169
COMM00596,SATCOM_00596,-47.944069,132.736616,18584.08,S,10151.32,20391.02,INACTIVE,Operator_41
COMM00597,SATCOM_00597,76.83461,10.598822,29928.71,Ku,26666.9,2484.0,MAINTENANCE,Operator_192
COMM00598,SATCOM_00598,51.111811,114.391043,19861.59,C,9336.2,11257.59,ACTIVE,Operator_140
COMM00599,SATCOM_00599,54.811144,-37.452499,30869.9,X,22208.74,9965.74,MAINTENANCE,Operator_205
COMM00600,SATCOM_00600,-79.751256,-5.558097,16083.42,L,12814.14,16037.69,ACTIVE,Operator_23
COMM00601,SATCOM_00601,55.664056,-149.498395,4378.94,L,18101.4,7478.32,MAINTENANCE,Operator_28
COMM00602,SATCOM_00602,-48.84108,-58.453588,31134.61,L,21712.94,23386.21,MAINTENANCE,Operator_175
COMM00603,SATCOM_00603,76.949101,-115.545186,13399.05,X,18353.59,26235.23,MAINTENANCE,Operator_224
COMM00604,SATCOM_00604,54.84261,87.853428,13655.0,Ka,14023.26,6307.92,INACTIVE,Operator_209
COMM00605,SATCOM_00605,25.537844,-130.323972,2515.86,X,6649.28,4397.43,MAINTENANCE,Operator_223
COMM00606,SATCOM_00606,9.215918,-140.405248,3384.55,C,20840.69,9731.34,INACTIVE,Operator_29
COMM00607,SATCOM_00607,-11.307128,144.32308,23921.81,Ku,26914.96,28592.26,MAINTENANCE,Operator_58
COMM00608,SATCOM_00608,25.346592,-171.433422,5164.48,Ku,11796.48,3385.93,ACTIVE,Operator_99
COMM00609,SATCOM_00609,71.096578,-141.049169,8614.18,X,16218.65,28098.01,ACTIVE,Operator_48
COMM00610,SATCOM_00610,-47.73188,-4.636331,25654.95,S,17766.87,2421.69,INACTIVE,Operator_107
COMM00611,SATCOM_00611,9.965268,75.635645,11576.04,C,4925.47,9757.13,MAINTENANCE,Operator_53
COMM00612,SATCOM_00612,-39.298668,-118.564743,28545.03,Ka,27229.49,15400.92,ACTIVE,Operator_118
COMM00613,SATCOM_00613,-65.962208,-32.182963,30362.34,Ka,9839.34,1461.89,MAINTENANCE,Operator_194
COMM00614,SATCOM_00614,10.587788,-94.544778,15973.85,L,19252.16,29546.3,INACTIVE,Operator_205
COMM00615,SATCOM_00615,81.821475,144.752391,31952.1,L,14853.26,12064.46,INACTIVE,Operator_50
COMM00616,SATCOM_00616,-8.514634,-19.487416,8026.5,L,26807.89,4930.24,INACTIVE,Operator_125
COMM00617,SATCOM_00617,21.138023,-12.156371,16029.98,L,27711.77,7832.45,MAINTENANCE,Operator_53
COMM00618,SATCOM_00618,-45.196136,53.293922,23810.57,Ku,21599.81,8936.8,INACTIVE,Operator_187
COMM00619,SATCOM_00619,29.075047,137.207643,4724.59,Ka,23209.62,27283.46,INACTIVE,Operator_125
COMM00620,SATCOM_00620,-16.688492,161.337399,11579.66,S,4110.49,13836.81,MAINTENANCE,Operator_195
COMM00621,SATCOM_00621,65.991314,125.853304,3366.4,X,16593.58,26647.7,ACTIVE,Operator_186
COMM00622,SATCOM_00622,-64.345527,-89.581708,1072.98,S,29279.36,9056.02,MAINTENANCE,Operator_59
COMM00623,SATCOM_00623,22.967879,-128.63906,8171.91,C,13361.82,25106.35,ACTIVE,Operator_166
COMM00624,SATCOM_00624,20.094311,-12.539014,34662.26,Ku,21906.04,15133.58,INACTIVE,Operator_201
COMM00625,SATCOM_00625,68.094831,12.805011,35583.67,C,6954.57,10537.29,INACTIVE,Operator_114
COMM00626,SATCOM_00626,-49.021837,-122.092375,28397.72,X,1854.97,29182.11,ACTIVE,Operator_154
COMM00627,SATCOM_00627,-75.88313,-55.758224,9737.83,Ku,26178.52,27841.85,INACTIVE,Operator_191
COMM00628,SATCOM_00628,-11.395677,31.516052,33411.1,Ku,25718.24,28235.88,MAINTENANCE,Operator_217
COMM00629,SATCOM_00629,1.477564,-103.962112,15772.53,X,10380.7,15455.96,INACTIVE,Operator_44
COMM00630,SATCOM_00630,34.975328,41.487968,18972.89,L,26187.86,24767.13,MAINTENANCE,Operator_84
COMM00631,SATCOM_00631,-71.490079,5.810021,8677.97,Ka,2852.51,29187.08,INACTIVE,Operator_37
COMM00632,SATCOM_00632,-80.119262,122.005757,28591.4,Ka,25201.63,14874.01,MAINTENANCE,Operator_197
COMM00633,SATCOM_00633,-32.047901,-4.0696,15895.22,C,6775.98,18758.14,ACTIVE,Operator_52
COMM00634,SATCOM_00634,-12.1746,-92.761803,24211.37,Ka,1127.67,29912.44,ACTIVE,Operator_204
COMM00635,SATCOM_00635,-56.86771,53.236302,26524.61,C,22396.57,14186.61,INACTIVE,Operator_49
COMM00636,SATCOM_00636,24.315622,-21.196892,35880.07,C,21013.36,6012.47,MAINTENANCE,Operator_104
COMM00637,SATCOM_00637,73.933731,56.943962,19935.02,S,13160.72,10993.67,ACTIVE,Operator_213
COMM00638,SATCOM_00638,-64.161393,57.816658,35799.34,Ka,9573.14,28607.43,MAINTENANCE,Operator_138
COMM00639,SATCOM_00639,-34.877469,16.818489,15731.35,S,13195.07,21410.91,ACTIVE,Operator_50
COMM00640,SATCOM_00640,-81.755637,14.000593,13226.45,L,11573.17,28052.02,MAINTENANCE,Operator_175
COMM00641,SATCOM_00641,-62.172199,161.586684,26530.44,Ku,2780.45,19680.05,INACTIVE,Operator_94
COMM00642,SATCOM_00642,-27.48437,40.907419,25261.17,Ka,12501.78,10492.44,ACTIVE,Operator_151
COMM00643,SATCOM_00643,13.24023,170.229861,26391.73,Ku,22493.95,27490.41,MAINTENANCE,Operator_182
COMM00644,SATCOM_00644,-2.942738,54.980859,24670.51,Ku,8005.67,8282.07,MAINTENANCE,Operator_13
COMM00645,SATCOM_00645,57.95848,-143.107692,30463.38,X,26627.35,27763.54,MAINTENANCE,Operator_174
COMM00646,SATCOM_00646,7.914701,-74.182624,18743.23,S,19055.37,28453.73,ACTIVE,Operator_79
COMM00647,SATCOM_00647,-54.164015,92.805227,27261.7,L,20139.38,27812.92,MAINTENANCE,Operator_221
COMM00648,SATCOM_00648,79.50939,-135.723412,19006.93,Ku,28769.43,28052.23,MAINTENANCE,Operator_166
COMM00649,SATCOM_00649,24.681805,24.907765,332.53,C,27267.19,15263.75,ACTIVE,Operator_58
COMM00650,SATCOM_00650,-80.462794,57.758532,33674.67,L,25905.36,11708.14,ACTIVE,Operator_59
COMM00651,SATCOM_00651,-63.986207,-97.079518,1437.4,X,21369.37,13719.25,ACTIVE,Operator_32
COMM00652,SATCOM_00652,-86.390326,35.015136,28301.46,C,7674.39,29115.46,INACTIVE,Operator_145
COMM00653,SATCOM_00653,-26.418092,176.248164,19971.52,C,15016.18,22514.67,MAINTENANCE,Operator_210
COMM00654,SATCOM_00654,88.19892,-36.1663,34621.51,Ku,29060.68,8486.07,INACTIVE,Operator_192
COMM00655,SATCOM_00655,-75.653564,161.924277,22748.38,L,28792.35,14102.12,MAINTENANCE,Operator_73
COMM00656,SATCOM_00656,-18.911761,136.442653,16675.52,L,2853.8,27583.73,MAINTENANCE,Operator_16
COMM00657,SATCOM_00657,5.164645,-51.694467,11959.69,Ka,1464.69,29054.32,MAINTENANCE,Operator_170
COMM00658,SATCOM_00658,-14.107564,-143.558844,23922.13,L,5261.98,28134.7,MAINTENANCE,Operator_88
COMM00659,SATCOM_00659,64.857048,-12.195066,21499.03,X,8680.31,22535.89,MAINTENANCE,Operator_109
COMM00660,SATCOM_00660,-0.950188,-167.950414,5418.75,C,26519.58,24063.06,ACTIVE,Operator_124
COMM00661,SATCOM_00661,-15.909861,105.450105,25294.01,L,19150.94,19214.66,ACTIVE,Operator_231
COMM00662,SATCOM_00662,7.884517,4.587911,1271.76,X,4540.5,19392.05,INACTIVE,Operator_51
COMM00663,SATCOM_00663,64.331828,-16.316846,26520.62,C,14352.32,18639.0,MAINTENANCE,Operator_24
COMM00664,SATCOM_00664,-42.858278,-148.920623,20827.29,Ka,5472.45,6286.6,ACTIVE,Operator_14
COMM00665,SATCOM_00665,85.180793,-113.589595,5592.14,C,8066.81,11231.91,ACTIVE,Operator_50
COMM00666,SATCOM_00666,-22.426646,-120.914173,31765.05,S,23899.04,8936.69,INACTIVE,Operator_134
COMM00667,SATCOM_00667,-85.200508,-92.904794,21441.92,L,21957.45,19510.85,ACTIVE,Operator_213
COMM00668,SATCOM_00668,35.152045,18.165714,21183.74,S,7522.18,21364.39,MAINTENANCE,Operator_180
COMM00669,SATCOM_00669,39.585666,39.839288,9859.43,Ka,7102.72,18387.15,INACTIVE,Operator_168
COMM00670,SATCOM_00670,43.98671,-44.547193,24610.87,S,28160.56,7199.54,MAINTENANCE,Operator_108
COMM00671,SATCOM_00671,-53.073385,-65.30949,31807.03,Ka,16641.86,10328.23,ACTIVE,Operator_24
COMM00672,SATCOM_00672,6.449122,-174.223847,21172.49,Ku,28809.87,15657.72,ACTIVE,Operator_73
COMM00673,SATCOM_00673,38.65069,-125.684821,22205.44,Ku,7036.87,4054.38,INACTIVE,Operator_166
COMM00674,SATCOM_00674,-7.61518,150.39174,15811.16,C,4013.84,28998.82,INACTIVE,Operator_155
COMM00675,SATCOM_00675,-7.528349,168.723795,3632.6,Ku,1124.85,13108.39,ACTIVE,Operator_40
COMM00676,SATCOM_00676,50.616838,-59.177028,14786.71,C,2583.24,4893.47,MAINTENANCE,Operator_170
COMM00677,SATCOM_00677,77.07432,-51.789535,11400.22,C,12788.16,12843.49,MAINTENANCE,Operator_102
COMM00678,SATCOM_00678,-31.407143,-42.116778,34754.42,X,12961.79,15647.49,MAINTENANCE,Operator_41
COMM00679,SATCOM_00679,55.266391,-83.124072,13806.69,X,20374.25,3701.99,INACTIVE,Operator_96
COMM00680,SATCOM_00680,25.632479,-121.2601,8390.13,Ka,3802.77,24467.16,MAINTENANCE,Operator_185
COMM00681,SATCOM_00681,-34.226473,128.621601,16384.11,X,8306.72,5657.96,ACTIVE,Operator_93
COMM00682,SATCOM_00682,67.012879,142.049302,11594.63,Ku,27338.09,18414.44,MAINTENANCE,Operator_59
COMM00683,SATCOM_00683,80.48575,-29.881035,20590.36,L,6334.87,10473.71,ACTIVE,Operator_245
COMM00684,SATCOM_00684,72.592314,-177.799316,19074.91,Ku,26117.76,10606.5,ACTIVE,Operator_224
COMM00685,SATCOM_00685,45.397402,-87.569074,16828.36,X,3924.88,13773.39,MAINTENANCE,Operator_36
COMM00686,SATCOM_00686,84.749568,148.62676,10137.13,S,18235.47,22944.72,MAINTENANCE,Operator_213
COMM00687,SATCOM_00687,42.226886,-93.367508,10488.3,L,22062.91,9471.82,ACTIVE,Operator_244
COMM00688,SATCOM_00688,-74.260175,-89.586252,14816.99,C,11629.75,20969.77,INACTIVE,Operator_37
COMM00689,SATCOM_00689,41.505842,-74.785025,14778.93,Ka,2220.17,11245.04,INACTIVE,Operator_163
COMM00690,SATCOM_00690,76.909887,-26.678625,25104.97,L,6783.43,17919.79,ACTIVE,Operator_213
COMM00691,SATCOM_00691,-56.451927,-152.305045,32023.28,S,23172.23,12727.43,MAINTENANCE,Operator_232
COMM00692,SATCOM_00692,-65.08338,-40.837329,3668.07,Ku,13105.05,5996.61,MAINTENANCE,Operator_164
COMM00693,SATCOM_00693,7.744553,19.17079,4568.87,Ku,3354.5,9598.02,MAINTENANCE,Operator_46
COMM00694,SATCOM_00694,-13.199433,-85.020056,17974.3,C,23663.1,26715.79,INACTIVE,Operator_106
COMM00695,SATCOM_00695,-64.071998,-17.092648,32888.02,C,8556.72,26922.63,INACTIVE,Operator_25
COMM00696,SATCOM_00696,-11.934568,160.142873,21472.91,S,20939.06,3212.72,MAINTENANCE,Operator_163
COMM00697,SATCOM_00697,46.192443,-135.977274,35241.75,L,10684.42,5747.39,ACTIVE,Operator_191
COMM00698,SATCOM_00698,-60.059434,-103.750113,12089.07,X,16907.68,23246.94,INACTIVE,Operator_86
COMM00699,SATCOM_00699,-79.094946,-167.191908,12632.57,L,4791.43,23225.06,ACTIVE,Operator_105
COMM00700,SATCOM_00700,37.107683,130.999287,2954.41,Ku,15908.73,24297.88,INACTIVE,Operator_85
COMM00701,SATCOM_00701,47.406316,21.626103,33127.71,Ka,14263.89,25209.32,INACTIVE,Operator_126
COMM00702,SATCOM_00702,-38.51295,97.335431,28379.39,Ka,15839.56,13650.69,MAINTENANCE,Operator_50
COMM00703,SATCOM_00703,64.232082,41.403107,19588.83,Ku,9788.36,23766.49,ACTIVE,Operator_114
COMM00704,SATCOM_00704,68.434997,-25.16783,9454.69,C,10838.9,14437.63,INACTIVE,Operator_6
COMM00705,SATCOM_00705,19.565362,-18.610666,10126.6,Ku,10994.59,11608.02,INACTIVE,Operator_205
COMM00706,SATCOM_00706,-51.832198,-166.122186,15196.29,S,27370.9,21693.44,MAINTENANCE,Operator_31
COMM00707,SATCOM_00707,18.058271,-89.331022,28788.51,Ka,2339.33,21998.85,ACTIVE,Operator_83
COMM00708,SATCOM_00708,-28.120877,157.294045,511.6,C,12141.37,23594.05,ACTIVE,Operator_77
COMM00709,SATCOM_00709,74.443212,132.117804,11344.74,Ku,27578.49,15538.64,MAINTENANCE,Operator_235
COMM00710,SATCOM_00710,-75.656653,-126.019693,33091.9,C,8678.73,21294.05,ACTIVE,Operator_3
COMM00711,SATCOM_00711,77.181423,-8.723692,33154.02,C,13147.67,22909.16,INACTIVE,Operator_127
COMM00712,SATCOM_00712,44.964594,-170.910393,15097.21,S,27644.92,19295.3,MAINTENANCE,Operator_33
COMM00713,SATCOM_00713,-3.660475,61.415597,14893.51,S,26112.6,7395.81,ACTIVE,Operator_12
COMM00714,SATCOM_00714,-73.759884,7.14014,7423.53,C,12486.57,19186.54,MAINTENANCE,Operator_176
COMM00715,SATCOM_00715,-51.225429,-36.709502,19783.95,L,10571.37,1037.22,MAINTENANCE,Operator_57
COMM00716,SATCOM_00716,84.587047,54.791862,24278.98,Ka,12767.66,24219.65,INACTIVE,Operator_41
COMM00717,SATCOM_00717,-67.098142,-56.942172,21325.62,Ka,22074.09,1709.35,ACTIVE,Operator_210
COMM00718,SATCOM_00718,38.405538,-122.242319,9376.14,S,7248.34,14329.36,ACTIVE,Operator_134
COMM00719,SATCOM_00719,-75.221958,-103.155692,26286.22,S,2580.71,26536.77,ACTIVE,Operator_145
COMM00720,SATCOM_00720,46.599984,-98.79545,2778.92,C,20997.02,26266.29,INACTIVE,Operator_146
COMM00721,SATCOM_00721,68.080542,7.988038,17549.47,C,16597.41,18021.21,INACTIVE,Operator_189
COMM00722,SATCOM_00722,-77.530416,164.419541,16774.0,L,14728.94,22961.99,INACTIVE,Operator_238
COMM00723,SATCOM_00723,47.096378,-9.918529,26500.99,S,25569.16,3274.37,INACTIVE,Operator_246
COMM00724,SATCOM_00724,65.84573,-105.115,35438.39,Ku,2332.27,29319.25,INACTIVE,Operator_118
COMM00725,SATCOM_00725,57.204616,128.022001,3953.94,Ka,26264.51,1325.3,INACTIVE,Operator_7
COMM00726,SATCOM_00726,89.615133,-130.872612,1729.07,X,1935.66,24145.73,INACTIVE,Operator_35
COMM00727,SATCOM_00727,-88.04427,135.468527,24677.72,L,8510.97,13109.7,ACTIVE,Operator_229
COMM00728,SATCOM_00728,48.421181,20.411263,2690.66,Ka,1295.66,14083.28,MAINTENANCE,Operator_93
COMM00729,SATCOM_00729,-71.12966,-162.601874,26581.13,C,24321.42,29518.23,INACTIVE,Operator_235
COMM00730,SATCOM_00730,15.493848,-49.305895,2385.64,C,24861.91,28494.18,INACTIVE,Operator_50
COMM00731,SATCOM_00731,5.802142,-136.677852,8683.5,C,19621.78,19851.05,ACTIVE,Operator_60
COMM00732,SATCOM_00732,-25.349113,57.665598,19579.51,Ka,28447.31,2887.82,ACTIVE,Operator_161
COMM00733,SATCOM_00733,-1.192161,-3.9891,14281.04,S,8761.76,10704.7,ACTIVE,Operator_30
COMM00734,SATCOM_00734,1.627562,31.323884,8028.51,Ka,29976.85,7982.14,MAINTENANCE,Operator_80
COMM00735,SATCOM_00735,80.970736,30.063542,14747.66,Ka,14006.29,22911.15,INACTIVE,Operator_226
COMM00736,SATCOM_00736,-20.577437,-150.839069,11553.32,S,29609.49,6981.37,ACTIVE,Operator_247
COMM00737,SATCOM_00737,-79.688165,-8.813466,26258.34,Ku,24717.17,13537.18,ACTIVE,Operator_149
COMM00738,SATCOM_00738,39.886097,15.364862,31127.08,L,1619.11,26058.21,MAINTENANCE,Operator_136
COMM00739,SATCOM_00739,14.356795,179.853968,34264.86,C,19995.06,14689.29,ACTIVE,Operator_187
COMM00740,SATCOM_00740,26.92625,-139.196359,23129.73,L,7572.46,18088.24,INACTIVE,Operator_241
COMM00741,SATCOM_00741,-71.579146,35.871868,27152.27,X,19017.16,19828.14,MAINTENANCE,Operator_242
COMM00742,SATCOM_00742,78.88756,160.006639,4783.76,L,14510.71,21271.17,MAINTENANCE,Operator_112
COMM00743,SATCOM_00743,53.325641,22.123299,9723.37,S,26887.61,3958.93,ACTIVE,Operator_63
COMM00744,SATCOM_00744,8.166334,-93.672823,30749.78,X,28175.95,17519.74,INACTIVE,Operator_202
COMM00745,SATCOM_00745,-37.760391,-94.313248,2069.08,Ka,14944.78,7425.27,INACTIVE,Operator_180
COMM00746,SATCOM_00746,-22.526948,-145.026442,32929.14,L,9280.2,8390.42,INACTIVE,Operator_218
COMM00747,SATCOM_00747,44.394998,1.343772,3842.03,Ku,14698.37,6334.47,INACTIVE,Operator_24
COMM00748,SATCOM_00748,-67.65876,52.465423,29511.93,Ka,17278.3,19399.26,ACTIVE,Operator_103
COMM00749,SATCOM_00749,28.584823,105.123166,3379.08,C,2728.47,29314.77,MAINTENANCE,Operator_61
COMM00750,SATCOM_00750,-55.385524,112.692815,16651.04,S,17745.81,29014.43,ACTIVE,Operator_145
COMM00751,SATCOM_00751,37.873034,174.132569,3618.64,C,23953.59,20840.2,MAINTENANCE,Operator_164
COMM00752,SATCOM_00752,-83.502134,-110.637943,21352.95,Ka,27721.4,28127.8,INACTIVE,Operator_94
COMM00753,SATCOM_00753,69.660761,-140.245863,12748.28,S,18102.42,16433.13,ACTIVE,Operator_3
COMM00754,SATCOM_00754,22.78009,145.386282,8582.4,X,29562.91,13090.78,MAINTENANCE,Operator_194
COMM00755,SATCOM_00755,54.817387,42.500663,2063.54,S,20577.58,18229.72,INACTIVE,Operator_52
COMM00756,SATCOM_00756,86.239544,115.227597,32955.1,C,11242.71,26886.02,INACTIVE,Operator_222
COMM00757,SATCOM_00757,12.451133,-55.529859,34512.3,C,3881.02,3335.37,ACTIVE,Operator_144
COMM00758,SATCOM_00758,5.579578,94.425121,25972.91,Ku,28290.19,1770.16,INACTIVE,Operator_134
COMM00759,SATCOM_00759,-28.063309,22.669189,7359.61,C,28599.56,26571.93,INACTIVE,Operator_95
COMM00760,SATCOM_00760,-74.162591,-33.148065,21688.56,X,20979.92,2480.85,INACTIVE,Operator_212
COMM00761,SATCOM_00761,36.455797,-109.082391,11282.83,C,16115.53,15394.84,MAINTENANCE,Operator_65
COMM00762,SATCOM_00762,-85.074596,-86.464238,4069.74,C,23101.15,14637.13,INACTIVE,Operator_210
COMM00763,SATCOM_00763,62.901312,12.224453,27639.75,L,25802.78,10432.5,MAINTENANCE,Operator_196
COMM00764,SATCOM_00764,59.966348,90.238668,8938.21,L,24191.26,7478.5,ACTIVE,Operator_107
COMM00765,SATCOM_00765,28.402587,48.342485,19072.27,Ku,15575.99,13564.15,MAINTENANCE,Operator_147
COMM00766,SATCOM_00766,-26.686825,111.726898,30950.32,S,19960.55,12557.34,INACTIVE,Operator_95
COMM00767,SATCOM_00767,21.111068,-11.081469,259.96,Ka,8610.29,2854.76,ACTIVE,Operator_233
COMM00768,SATCOM_00768,33.050326,-107.803523,337.09,X,24093.52,26957.21,MAINTENANCE,Operator_181
COMM00769,SATCOM_00769,2.713246,-174.499485,4074.6,X,5365.89,16294.67,INACTIVE,Operator_190
COMM00770,SATCOM_00770,-86.257991,-87.443543,31457.37,Ku,16445.24,4432.77,INACTIVE,Operator_149
COMM00771,SATCOM_00771,-67.674154,-102.768245,2775.04,Ka,8745.77,19706.21,ACTIVE,Operator_64
COMM00772,SATCOM_00772,-65.415441,66.8552,13587.47,S,11068.62,7198.26,INACTIVE,Operator_222
COMM00773,SATCOM_00773,-80.858073,-106.81492,25832.18,Ku,26492.17,6104.95,MAINTENANCE,Operator_194
COMM00774,SATCOM_00774,-33.433716,116.92531,23140.93,Ka,12945.63,25389.93,MAINTENANCE,Operator_163
COMM00775,SATCOM_00775,30.432579,-156.074027,4552.12,L,9607.94,8854.38,MAINTENANCE,Operator_248
COMM00776,SATCOM_00776,18.593413,-151.048261,7784.03,S,23835.8,8390.68,INACTIVE,Operator_2
COMM00777,SATCOM_00777,53.443367,-138.122898,25662.34,Ku,16422.14,9012.98,ACTIVE,Operator_151
COMM00778,SATCOM_00778,1.771217,-151.984968,32469.44,Ku,19499.77,10952.87,INACTIVE,Operator_73
COMM00779,SATCOM_00779,-40.21789,-75.371222,34099.71,L,25322.46,17837.48,MAINTENANCE,Operator_171
COMM00780,SATCOM_00780,-24.315525,4.0295,35055.86,Ku,25021.46,26559.92,MAINTENANCE,Operator_195
COMM00781,SATCOM_00781,65.643815,-67.292167,23887.59,S,20357.99,17377.93,ACTIVE,Operator_95
COMM00782,SATCOM_00782,19.638676,-147.265381,34825.42,L,8962.14,28643.83,INACTIVE,Operator_210
COMM00783,SATCOM_00783,-57.775084,42.909673,29325.55,C,25466.03,15005.82,ACTIVE,Operator_177
COMM00784,SATCOM_00784,-77.938581,-33.801867,32100.8,Ku,1685.78,23828.52,ACTIVE,Operator_180
COMM00785,SATCOM_00785,-74.257021,166.061442,4739.93,S,26404.95,20228.71,ACTIVE,Operator_20
COMM00786,SATCOM_00786,-59.687445,-149.189046,34891.23,Ka,5608.94,5366.94,INACTIVE,Operator_31
COMM00787,SATCOM_00787,-65.40061,-127.535461,30178.16,Ka,2920.7,21332.9,INACTIVE,Operator_109
COMM00788,SATCOM_00788,-9.505127,-91.955042,12016.98,C,14853.43,12519.34,ACTIVE,Operator_100
COMM00789,SATCOM_00789,33.915353,116.68736,20745.22,X,21436.07,26985.18,ACTIVE,Operator_196
COMM00790,SATCOM_00790,-76.637923,59.573141,20286.04,Ka,11229.89,8868.96,ACTIVE,Operator_73
COMM00791,SATCOM_00791,-27.679733,90.863658,26153.44,X,29441.7,15113.79,INACTIVE,Operator_75
COMM00792,SATCOM_00792,-63.171611,89.285524,28920.76,L,27026.91,21097.16,ACTIVE,Operator_202
COMM00793,SATCOM_00793,-10.993213,4.408474,32960.0,X,8229.22,24875.76,ACTIVE,Operator_186
COMM00794,SATCOM_00794,35.227521,-126.069088,9638.95,L,18977.26,16001.82,MAINTENANCE,Operator_176
COMM00795,SATCOM_00795,25.032534,-109.959038,9400.56,X,2584.61,5693.7,INACTIVE,Operator_64
COMM00796,SATCOM_00796,-55.291364,-23.434445,5122.54,C,6348.67,20244.67,INACTIVE,Operator_10
COMM00797,SATCOM_00797,74.656282,55.649173,3327.34,L,14077.47,13681.37,INACTIVE,Operator_155
COMM00798,SATCOM_00798,-21.845974,65.441835,30791.89,L,9379.67,8356.54,ACTIVE,Operator_121
COMM00799,SATCOM_00799,69.777641,171.015057,34787.1,X,18748.29,23437.9,INACTIVE,Operator_104
COMM00800,SATCOM_00800,39.052334,-101.744069,20489.43,X,5595.13,1787.76,MAINTENANCE,Operator_136
COMM00801,SATCOM_00801,78.59315,-173.632071,12213.94,Ka,20054.61,2835.98,ACTIVE,Operator_192
COMM00802,SATCOM_00802,25.719197,-106.221452,5071.2,S,18687.63,19011.52,ACTIVE,Operator_239
COMM00803,SATCOM_00803,43.304854,-100.925676,18556.64,Ka,3111.0,10993.33,ACTIVE,Operator_11
COMM00804,SATCOM_00804,-47.654114,101.738085,35879.09,C,16445.67,21713.01,ACTIVE,Operator_143
COMM00805,SATCOM_00805,43.553016,149.420164,27256.08,L,17349.18,21637.05,INACTIVE,Operator_152
COMM00806,SATCOM_00806,-1.420822,105.603782,26661.87,C,18390.68,28838.05,MAINTENANCE,Operator_75
COMM00807,SATCOM_00807,-15.32069,-52.037582,8793.48,C,24150.64,4556.49,MAINTENANCE,Operator_104
COMM00808,SATCOM_00808,87.739304,-39.032176,8527.18,X,10894.55,26729.1,MAINTENANCE,Operator_10
COMM00809,SATCOM_00809,80.649716,71.041626,23662.15,C,5940.28,22299.36,ACTIVE,Operator_139
COMM00810,SATCOM_00810,-54.0706,129.398543,32495.06,S,21928.24,11328.47,ACTIVE,Operator_241
COMM00811,SATCOM_00811,21.632326,168.403813,8937.32,C,2773.1,26021.01,INACTIVE,Operator_124
COMM00812,SATCOM_00812,-48.207497,-114.956281,24885.91,S,13458.21,12440.86,MAINTENANCE,Operator_62
COMM00813,SATCOM_00813,75.695571,-166.959282,23535.07,S,28294.58,15319.59,ACTIVE,Operator_162
COMM00814,SATCOM_00814,67.647322,-81.454376,3276.06,L,22057.07,6931.88,INACTIVE,Operator_110
COMM00815,SATCOM_00815,1.477609,152.550735,25974.06,S,4804.8,22343.32,ACTIVE,Operator_207
COMM00816,SATCOM_00816,2.577467,-82.117613,7577.65,Ka,20095.15,14612.25,INACTIVE,Operator_107
COMM00817,SATCOM_00817,-82.481242,170.616834,20339.3,C,12896.51,21461.33,MAINTENANCE,Operator_120
COMM00818,SATCOM_00818,84.305259,122.718089,16698.79,L,5975.12,14288.01,INACTIVE,Operator_93
COMM00819,SATCOM_00819,29.507799,83.820838,26536.57,S,26684.25,18340.12,INACTIVE,Operator_228
COMM00820,SATCOM_00820,-8.854122,-116.072573,18438.32,Ka,18347.6,1362.55,INACTIVE,Operator_199
COMM00821,SATCOM_00821,60.609062,21.897444,17066.64,Ku,10852.79,4743.07,ACTIVE,Operator_48
COMM00822,SATCOM_00822,42.804201,53.002973,5000.28,S,7148.23,28539.65,INACTIVE,Operator_223
COMM00823,SATCOM_00823,80.696896,30.225319,31208.34,C,5779.05,2744.94,INACTIVE,Operator_192
COMM00824,SATCOM_00824,39.053708,128.91781,31115.57,Ka,14392.29,9869.07,ACTIVE,Operator_27
COMM00825,SATCOM_00825,-70.204132,80.191147,262.92,Ku,23645.98,9357.57,MAINTENANCE,Operator_38
COMM00826,SATCOM_00826,-59.837357,-120.456933,22143.14,C,10255.86,15240.28,MAINTENANCE,Operator_221
COMM00827,SATCOM_00827,39.478293,-112.503121,22300.08,L,25075.38,19196.38,INACTIVE,Operator_153
COMM00828,SATCOM_00828,56.542094,57.615114,14416.5,C,7604.5,14162.48,MAINTENANCE,Operator_92
COMM00829,SATCOM_00829,-71.923225,85.303239,25394.51,Ku,22647.37,6275.22,MAINTENANCE,Operator_114
COMM00830,SATCOM_00830,-27.396885,77.680328,11101.14,Ka,17780.02,5997.64,ACTIVE,Operator_233
COMM00831,SATCOM_00831,37.805326,-157.897839,24745.28,Ka,27594.66,28029.39,INACTIVE,Operator_160
COMM00832,SATCOM_00832,52.630952,-108.483976,20682.01,Ku,5256.29,3979.42,INACTIVE,Operator_37
COMM00833,SATCOM_00833,-70.885006,36.65691,18921.76,C,2600.03,23560.86,ACTIVE,Operator_217
COMM00834,SATCOM_00834,-61.256756,170.39762,32700.17,X,17727.41,11359.69,INACTIVE,Operator_160
COMM00835,SATCOM_00835,24.210377,68.129689,5354.52,C,12726.3,5173.28,INACTIVE,Operator_214
COMM00836,SATCOM_00836,-6.350361,-109.380304,17480.55,Ku,20588.21,14247.3,MAINTENANCE,Operator_193
COMM00837,SATCOM_00837,20.477944,-41.889068,18026.27,L,24534.75,21702.88,INACTIVE,Operator_248
COMM00838,SATCOM_00838,-74.932622,-60.174212,20179.54,Ka,24679.52,17288.55,INACTIVE,Operator_190
COMM00839,SATCOM_00839,-19.580938,-13.059536,30597.48,C,20933.43,27056.0,INACTIVE,Operator_161
COMM00840,SATCOM_00840,75.528375,-73.988097,30439.03,L,24231.44,27549.41,ACTIVE,Operator_4
COMM00841,SATCOM_00841,11.384194,74.456614,14145.59,X,11443.43,24560.2,INACTIVE,Operator_215
COMM00842,SATCOM_00842,-41.566221,-140.488297,15600.85,Ku,26252.63,25723.22,ACTIVE,Operator_169
COMM00843,SATCOM_00843,88.726867,49.555657,8808.72,X,23545.94,10489.36,ACTIVE,Operator_242
COMM00844,SATCOM_00844,83.363485,4.081976,26063.94,L,15255.98,17613.95,INACTIVE,Operator_124
COMM00845,SATCOM_00845,-60.019852,-24.215696,18526.97,L,11166.16,25136.55,INACTIVE,Operator_215
COMM00846,SATCOM_00846,-1.608118,53.781788,15276.66,S,10069.59,23440.74,ACTIVE,Operator_219
COMM00847,SATCOM_00847,69.11164,-67.945117,352.67,S,16943.91,21078.72,INACTIVE,Operator_233
COMM00848,SATCOM_00848,-30.942122,-131.728635,29973.13,C,14916.99,15143.05,ACTIVE,Operator_96
COMM00849,SATCOM_00849,-4.538544,124.849519,27986.96,L,19639.82,5100.3,MAINTENANCE,Operator_211
COMM00850,SATCOM_00850,-86.392142,126.135087,27052.94,L,13969.01,21196.29,INACTIVE,Operator_227
COMM00851,SATCOM_00851,32.359374,121.859281,18275.38,Ka,5258.9,13961.8,MAINTENANCE,Operator_19
COMM00852,SATCOM_00852,-36.555202,42.155685,13697.97,C,6628.73,14255.55,ACTIVE,Operator_151
COMM00853,SATCOM_00853,47.996491,3.184185,7984.54,X,1487.98,23219.19,MAINTENANCE,Operator_30
COMM00854,SATCOM_00854,-63.297002,103.331225,21013.69,Ku,14401.21,26073.88,MAINTENANCE,Operator_145
COMM00855,SATCOM_00855,-21.854546,-27.769192,1089.64,C,29480.57,18887.6,INACTIVE,Operator_54
COMM00856,SATCOM_00856,-33.088258,-63.016939,19547.97,Ka,7437.79,13671.44,INACTIVE,Operator_27
COMM00857,SATCOM_00857,-23.698819,-13.261798,21322.87,L,15499.36,6587.96,ACTIVE,Operator_187
COMM00858,SATCOM_00858,-52.21189,-109.202086,16958.65,X,2378.51,27819.74,ACTIVE,Operator_84
COMM00859,SATCOM_00859,70.1652,-77.753295,1408.91,X,12479.41,27144.92,MAINTENANCE,Operator_184
COMM00860,SATCOM_00860,-7.490533,-9.723385,16398.71,L,11887.35,18727.9,MAINTENANCE,Operator_232
COMM00861,SATCOM_00861,-5.40824,-92.069169,19351.04,Ku,16486.28,20039.14,MAINTENANCE,Operator_91
COMM00862,SATCOM_00862,58.75433,-66.894922,6806.41,S,2048.44,2091.33,INACTIVE,Operator_143
COMM00863,SATCOM_00863,-65.464604,3.991754,25240.41,S,12289.44,5704.86,MAINTENANCE,Operator_231
COMM00864,SATCOM_00864,-77.162789,-53.19596,10952.86,X,9834.5,18646.44,INACTIVE,Operator_64
COMM00865,SATCOM_00865,76.131418,113.181295,34118.77,S,11027.14,23868.49,INACTIVE,Operator_66
COMM00866,SATCOM_00866,-31.052506,84.114537,23547.83,X,14814.64,18182.22,MAINTENANCE,Operator_126
COMM00867,SATCOM_00867,45.603374,-169.810427,21623.0,S,11176.85,17546.12,INACTIVE,Operator_192
COMM00868,SATCOM_00868,42.647942,117.71013,9074.73,L,22414.25,8727.16,ACTIVE,Operator_204
COMM00869,SATCOM_00869,-80.291638,-4.719577,10487.11,Ka,27311.5,13686.22,MAINTENANCE,Operator_198
COMM00870,SATCOM_00870,-70.364236,-73.715621,18145.8,Ka,20985.28,12827.98,ACTIVE,Operator_90
COMM00871,SATCOM_00871,-52.613523,-129.045948,3557.62,Ka,29884.61,27216.42,INACTIVE,Operator_61
COMM00872,SATCOM_00872,17.063272,112.746201,1365.44,Ku,4967.64,11903.84,INACTIVE,Operator_201
COMM00873,SATCOM_00873,-33.70932,140.156898,14747.35,X,14605.14,14326.42,MAINTENANCE,Operator_30
COMM00874,SATCOM_00874,-80.9648,-34.217822,12198.93,L,16590.87,2703.05,MAINTENANCE,Operator_60
COMM00875,SATCOM_00875,60.287866,-155.875537,21925.24,S,5779.51,28656.35,ACTIVE,Operator_60
COMM00876,SATCOM_00876,0.78581,146.503709,16777.28,Ku,24929.07,15143.2,INACTIVE,Operator_107
COMM00877,SATCOM_00877,-21.647289,-161.494637,31190.26,X,28494.39,14925.06,ACTIVE,Operator_226
COMM00878,SATCOM_00878,-23.343165,-51.308025,18823.67,C,28036.31,15334.56,INACTIVE,Operator_80
COMM00879,SATCOM_00879,-25.287546,114.989101,33553.78,Ku,13321.87,28928.0,MAINTENANCE,Operator_192
COMM00880,SATCOM_00880,2.354447,106.764145,7875.11,C,6945.43,3796.54,ACTIVE,Operator_24
COMM00881,SATCOM_00881,42.186072,-2.884922,22223.33,X,14658.05,15141.02,MAINTENANCE,Operator_210
COMM00882,SATCOM_00882,-83.856645,-160.684017,24957.17,S,8847.87,25631.54,ACTIVE,Operator_210
COMM00883,SATCOM_00883,87.040606,-81.46819,29961.19,C,27742.78,8532.03,INACTIVE,Operator_144
COMM00884,SATCOM_00884,-46.367402,154.976223,13153.31,L,23609.52,27747.23,ACTIVE,Operator_139
COMM00885,SATCOM_00885,14.205735,156.558578,18423.01,Ku,20668.35,4288.18,MAINTENANCE,Operator_35
COMM00886,SATCOM_00886,-42.199095,59.517454,4322.76,L,4509.19,17885.04,INACTIVE,Operator_56
COMM00887,SATCOM_00887,-13.981308,150.749202,17460.85,X,26462.39,27482.55,MAINTENANCE,Operator_75
COMM00888,SATCOM_00888,30.665109,-154.279852,27703.85,Ku,20340.04,7468.25,MAINTENANCE,Operator_233
COMM00889,SATCOM_00889,-72.428507,120.156513,23165.42,Ku,3388.73,25153.73,MAINTENANCE,Operator_112
COMM00890,SATCOM_00890,-53.51311,91.753288,4169.22,C,28870.79,1489.35,INACTIVE,Operator_229
COMM00891,SATCOM_00891,6.847668,152.193119,20493.99,C,26176.93,7414.91,INACTIVE,Operator_81
COMM00892,SATCOM_00892,-56.916045,-27.751492,2958.05,Ku,4484.97,9277.66,MAINTENANCE,Operator_51
COMM00893,SATCOM_00893,-34.736596,-111.905584,19734.43,C,15606.56,28672.84,ACTIVE,Operator_27
COMM00894,SATCOM_00894,-5.238605,155.491978,12337.83,C,11262.28,11015.99,MAINTENANCE,Operator_95
COMM00895,SATCOM_00895,-69.259752,156.045524,15199.51,C,25287.27,15755.54,INACTIVE,Operator_104
COMM00896,SATCOM_00896,-60.388783,-94.090031,31087.63,S,23620.94,13681.66,MAINTENANCE,Operator_41
COMM00897,SATCOM_00897,84.418522,11.726371,12127.76,Ku,12878.71,11344.2,ACTIVE,Operator_137
COMM00898,SATCOM_00898,-20.934209,-116.36016,17874.37,C,3749.73,15971.39,ACTIVE,Operator_234
COMM00899,SATCOM_00899,-78.566496,79.013539,21246.95,S,13114.24,3002.22,ACTIVE,Operator_203
COMM00900,SATCOM_00900,10.637195,-114.211078,27678.32,Ka,24816.11,2592.99,ACTIVE,Operator_54
COMM00901,SATCOM_00901,14.895422,-96.938879,1562.53,S,28586.77,28646.66,MAINTENANCE,Operator_7
COMM00902,SATCOM_00902,-9.015527,123.530292,24762.22,S,25959.48,15298.65,INACTIVE,Operator_200
COMM00903,SATCOM_00903,76.071389,165.957842,24310.56,C,7862.53,28998.38,ACTIVE,Operator_219
COMM00904,SATCOM_00904,-87.924639,27.155317,35360.49,L,23951.54,4321.59,ACTIVE,Operator_102
COMM00905,SATCOM_00905,89.978002,-171.74724,6658.46,Ku,20259.82,28500.13,ACTIVE,Operator_23
COMM00906,SATCOM_00906,40.89807,-111.222465,33516.31,S,2962.95,7770.11,ACTIVE,Operator_211
COMM00907,SATCOM_00907,37.03119,29.069642,547.85,Ka,24432.42,20881.82,INACTIVE,Operator_248
COMM00908,SATCOM_00908,39.608623,-32.498413,23152.14,L,18315.91,6554.56,MAINTENANCE,Operator_71
COMM00909,SATCOM_00909,63.901137,28.68539,34178.36,L,29207.47,29563.31,ACTIVE,Operator_123
COMM00910,SATCOM_00910,-74.119049,154.431734,34919.85,S,19720.19,21305.57,ACTIVE,Operator_232
COMM00911,SATCOM_00911,-30.111851,146.471088,26718.55,Ku,2413.97,18546.83,MAINTENANCE,Operator_13
COMM00912,SATCOM_00912,-41.278294,124.8813,18327.62,Ka,15396.77,28382.8,INACTIVE,Operator_4
COMM00913,SATCOM_00913,47.232303,-93.191245,7500.0,X,5069.18,20558.09,MAINTENANCE,Operator_49
COMM00914,SATCOM_00914,-82.200015,72.334248,3108.13,X,1730.5,25624.46,INACTIVE,Operator_154
COMM00915,SATCOM_00915,-69.27515,45.633592,31557.25,C,22293.58,28131.02,ACTIVE,Operator_147
COMM00916,SATCOM_00916,-49.190513,-3.849089,19796.59,Ku,28213.9,25684.09,ACTIVE,Operator_219
COMM00917,SATCOM_00917,29.415104,81.317774,10012.64,Ka,3058.3,26935.19,MAINTENANCE,Operator_20
COMM00918,SATCOM_00918,-67.345948,-7.352306,18263.81,X,5027.09,1249.21,MAINTENANCE,Operator_181
COMM00919,SATCOM_00919,-18.857983,172.952353,33574.92,L,23504.66,18255.14,INACTIVE,Operator_39
COMM00920,SATCOM_00920,39.757244,161.18317,20534.03,L,14712.77,9949.12,ACTIVE,Operator_130
COMM00921,SATCOM_00921,-5.529973,-105.557958,33352.02,Ku,11098.93,3075.08,ACTIVE,Operator_38
COMM00922,SATCOM_00922,-41.127249,165.175602,31864.38,L,4718.95,4124.6,MAINTENANCE,Operator_86
COMM00923,SATCOM_00923,20.212815,45.911811,23046.37,C,24378.06,4595.93,ACTIVE,Operator_205
COMM00924,SATCOM_00924,78.918736,34.85272,35662.23,S,16153.0,2253.39,ACTIVE,Operator_61
COMM00925,SATCOM_00925,-88.716549,61.598271,19874.12,X,16389.35,24369.04,MAINTENANCE,Operator_125
COMM00926,SATCOM_00926,-38.098777,-15.605682,14209.74,Ka,21119.92,8340.21,MAINTENANCE,Operator_161
COMM00927,SATCOM_00927,-88.579645,154.143665,26395.38,Ku,25149.7,27701.49,INACTIVE,Operator_238
COMM00928,SATCOM_00928,60.400638,-158.363803,33566.55,Ka,25585.13,16822.99,INACTIVE,Operator_74
COMM00929,SATCOM_00929,3.847795,144.961306,27247.71,Ku,19121.73,23668.28,INACTIVE,Operator_7
COMM00930,SATCOM_00930,72.560734,112.365065,26422.09,Ku,17572.16,4976.05,ACTIVE,Operator_92
COMM00931,SATCOM_00931,-34.714078,-0.810911,14313.73,S,21954.78,11633.88,MAINTENANCE,Operator_136
COMM00932,SATCOM_00932,-64.835945,-32.793294,25074.25,C,19956.05,1331.31,MAINTENANCE,Operator_192
COMM00933,SATCOM_00933,6.756781,-99.393957,4734.14,C,1679.83,23486.21,MAINTENANCE,Operator_45
COMM00934,SATCOM_00934,-33.082034,57.651542,2157.39,Ka,28147.22,4551.65,ACTIVE,Operator_24
COMM00935,SATCOM_00935,-6.410018,169.816067,27980.76,X,3215.97,20515.87,INACTIVE,Operator_81
COMM00936,SATCOM_00936,57.748927,121.005835,4933.02,Ka,16489.36,23906.6,INACTIVE,Operator_76
COMM00937,SATCOM_00937,18.723307,-2.97869,12565.27,L,3983.48,16548.21,MAINTENANCE,Operator_46
COMM00938,SATCOM_00938,-27.511697,-43.281961,20192.69,Ka,21708.16,15999.57,INACTIVE,Operator_24
COMM00939,SATCOM_00939,20.786841,-35.118579,14541.8,S,20977.08,3584.67,INACTIVE,Operator_70
COMM00940,SATCOM_00940,-26.39862,-96.838688,28293.72,S,14378.49,2183.62,ACTIVE,Operator_63
COMM00941,SATCOM_00941,-32.830313,-156.182856,29596.88,L,20003.62,1051.83,INACTIVE,Operator_53
COMM00942,SATCOM_00942,88.095112,67.557211,16560.2,C,19709.11,22901.92,INACTIVE,Operator_147
COMM00943,SATCOM_00943,69.651388,105.800626,17838.16,S,7561.91,19449.49,MAINTENANCE,Operator_71
COMM00944,SATCOM_00944,-17.499148,-76.046508,35852.53,S,21801.09,27212.93,ACTIVE,Operator_82
COMM00945,SATCOM_00945,54.747972,-47.367335,3985.03,L,14618.3,18821.25,MAINTENANCE,Operator_107
COMM00946,SATCOM_00946,-88.143071,-98.664484,26473.8,S,28389.16,15358.04,MAINTENANCE,Operator_7
COMM00947,SATCOM_00947,10.557787,124.029675,23178.4,C,3481.94,15053.45,MAINTENANCE,Operator_177
COMM00948,SATCOM_00948,-55.96149,-64.480449,1877.44,S,24357.5,11316.4,INACTIVE,Operator_73
COMM00949,SATCOM_00949,-75.054889,72.423684,26012.49,C,7730.05,25182.16,MAINTENANCE,Operator_237
COMM00950,SATCOM_00950,-4.125082,88.578773,30054.22,C,25847.3,5850.81,ACTIVE,Operator_158
COMM00951,SATCOM_00951,5.010505,-163.265277,1253.74,C,15366.77,8674.15,INACTIVE,Operator_150
COMM00952,SATCOM_00952,-0.62789,-20.446148,8695.15,Ka,4989.12,14170.63,ACTIVE,Operator_215
COMM00953,SATCOM_00953,26.739241,-151.950661,34403.84,C,16427.71,8209.91,ACTIVE,Operator_71
COMM00954,SATCOM_00954,-22.993397,-78.616063,14584.09,L,15872.07,25180.56,ACTIVE,Operator_154
COMM00955,SATCOM_00955,-23.482391,113.447022,23976.32,C,6858.85,21799.01,INACTIVE,Operator_128
COMM00956,SATCOM_00956,-6.41663,-47.59295,23980.06,X,9507.37,14079.45,ACTIVE,Operator_86
COMM00957,SATCOM_00957,55.48284,-79.00617,12881.78,X,6388.38,16169.96,MAINTENANCE,Operator_41
COMM00958,SATCOM_00958,29.483838,50.113083,30245.48,X,5442.43,13308.22,ACTIVE,Operator_50
COMM00959,SATCOM_00959,-15.059527,-52.528672,33782.63,X,3163.65,4030.09,MAINTENANCE,Operator_93
COMM00960,SATCOM_00960,-48.386184,-175.765593,24686.6,Ka,1883.92,25160.84,INACTIVE,Operator_124
COMM00961,SATCOM_00961,84.387497,-73.139334,12378.07,L,28466.76,24792.14,ACTIVE,Operator_122
COMM00962,SATCOM_00962,-1.824621,31.171732,18705.64,Ku,18588.73,12390.82,INACTIVE,Operator_31
COMM00963,SATCOM_00963,70.934967,-139.387986,8628.59,S,15241.09,19388.92,MAINTENANCE,Operator_210
COMM00964,SATCOM_00964,10.350963,-53.464108,1376.53,X,21262.92,19692.61,ACTIVE,Operator_62
COMM00965,SATCOM_00965,-10.040884,159.790444,12105.81,Ku,20054.24,9611.81,MAINTENANCE,Operator_249
COMM00966,SATCOM_00966,-58.261873,29.794623,33595.19,C,11718.03,26431.39,INACTIVE,Operator_215
COMM00967,SATCOM_00967,30.933841,-51.424391,19012.83,X,27441.77,1931.94,ACTIVE,Operator_112
COMM00968,SATCOM_00968,58.949131,-71.419058,28153.91,Ka,1966.72,4326.44,MAINTENANCE,Operator_120
COMM00969,SATCOM_00969,-40.18943,100.861802,15023.23,L,14752.96,16462.54,ACTIVE,Operator_246
COMM00970,SATCOM_00970,-50.861428,-17.397478,6292.83,Ka,28632.15,12360.46,INACTIVE,Operator_114
COMM00971,SATCOM_00971,-30.925788,-158.427211,6441.16,Ku,18858.68,23028.11,ACTIVE,Operator_143
COMM00972,SATCOM_00972,-23.566048,-52.770697,29781.13,Ku,4477.0,22069.22,MAINTENANCE,Operator_161
COMM00973,SATCOM_00973,0.768485,70.64268,14867.13,Ku,5002.25,7338.28,ACTIVE,Operator_124
COMM00974,SATCOM_00974,-58.541297,-72.39255,7345.61,Ku,29077.78,29343.84,ACTIVE,Operator_216
COMM00975,SATCOM_00975,89.658256,161.590899,25597.49,L,13833.55,2863.67,INACTIVE,Operator_123
COMM00976,SATCOM_00976,5.932608,78.569485,6029.18,L,23165.68,16044.74,INACTIVE,Operator_218
COMM00977,SATCOM_00977,40.648478,-64.054965,7384.79,X,7497.4,23814.31,ACTIVE,Operator_247
COMM00978,SATCOM_00978,66.142226,111.817286,16950.15,Ka,11755.29,7709.59,MAINTENANCE,Operator_79
COMM00979,SATCOM_00979,36.314412,-106.58719,22928.69,Ku,2616.09,6912.51,INACTIVE,Operator_50
COMM00980,SATCOM_00980,48.190807,71.099783,19775.49,L,6165.08,11043.99,INACTIVE,Operator_240
COMM00981,SATCOM_00981,62.856608,167.301442,19208.51,C,9817.83,21373.02,INACTIVE,Operator_112
COMM00982,SATCOM_00982,-47.377467,-33.588477,2152.6,X,8578.7,23924.51,ACTIVE,Operator_247
COMM00983,SATCOM_00983,-26.527856,95.51962,20297.22,Ka,19151.3,10868.46,INACTIVE,Operator_132
COMM00984,SATCOM_00984,82.687687,76.79969,30852.2,S,22190.24,17648.0,INACTIVE,Operator_46
COMM00985,SATCOM_00985,32.990932,109.739209,5150.87,Ku,27266.89,22811.39,MAINTENANCE,Operator_74
COMM00986,SATCOM_00986,-54.636118,101.454322,25155.85,X,18622.54,16440.61,ACTIVE,Operator_205
COMM00987,SATCOM_00987,-22.68134,179.527031,10635.0,C,22152.4,21335.72,ACTIVE,Operator_60
COMM00988,SATCOM_00988,-76.842535,165.005699,11582.79,C,19818.35,2345.93,INACTIVE,Operator_174
COMM00989,SATCOM_00989,-53.261443,-75.094057,4567.22,Ka,16927.15,21426.3,ACTIVE,Operator_240
COMM00990,SATCOM_00990,-60.401971,141.603861,6360.97,L,21603.44,7812.18,MAINTENANCE,Operator_102
COMM00991,SATCOM_00991,-23.748483,174.907676,31533.79,X,2220.23,15915.27,ACTIVE,Operator_50
COMM00992,SATCOM_00992,-40.804399,-95.217382,9406.74,Ka,22940.27,13857.92,ACTIVE,Operator_187
COMM00993,SATCOM_00993,-6.260901,15.013232,27115.74,S,18136.23,29485.12,INACTIVE,Operator_233
COMM00994,SATCOM_00994,-88.897306,-55.259688,9030.38,C,22077.85,4940.88,MAINTENANCE,Operator_234
COMM00995,SATCOM_00995,-38.516515,174.800148,22190.38,S,12289.0,29689.12,INACTIVE,Operator_156
COMM00996,SATCOM_00996,-15.979503,10.272349,6321.06,Ka,23882.97,29796.01,INACTIVE,Operator_83
COMM00997,SATCOM_00997,12.543733,116.189383,15065.13,Ku,23380.58,24367.46,INACTIVE,Operator_157
COMM00998,SATCOM_00998,10.740519,-7.63972,34871.05,Ku,5954.06,23150.92,MAINTENANCE,Operator_116
COMM00999,SATCOM_00999,17.168307,-66.573577,8582.22,X,6238.67,15894.35,INACTIVE,Operator_70
COMM01000,SATCOM_01000,-74.602793,-11.942485,5540.19,Ka,16133.05,28372.23,INACTIVE,Operator_243
COMM01001,SATCOM_01001,-68.836766,176.24222,34030.05,X,17015.62,29859.87,ACTIVE,Operator_171
COMM01002,SATCOM_01002,-70.943298,168.677325,29247.24,Ka,12687.54,12091.39,MAINTENANCE,Operator_58
COMM01003,SATCOM_01003,39.056871,-157.426906,2253.73,L,5329.82,19247.9,MAINTENANCE,Operator_171
COMM01004,SATCOM_01004,48.672062,-109.632417,11310.39,Ku,11519.89,18445.2,MAINTENANCE,Operator_154
COMM01005,SATCOM_01005,-26.375995,137.201207,25169.77,Ku,3735.06,16185.42,ACTIVE,Operator_199
COMM01006,SATCOM_01006,-70.208573,-20.526073,33103.86,C,1462.21,1734.21,INACTIVE,Operator_241
COMM01007,SATCOM_01007,82.149852,143.996095,6192.55,S,7877.04,6676.66,ACTIVE,Operator_214
COMM01008,SATCOM_01008,21.247733,104.817952,15247.76,S,26958.44,19963.35,MAINTENANCE,Operator_24
COMM01009,SATCOM_01009,-62.212044,-96.333662,3250.89,Ku,28078.23,5811.02,MAINTENANCE,Operator_191
COMM01010,SATCOM_01010,36.09968,44.028231,34228.37,X,17960.73,23694.09,INACTIVE,Operator_155
COMM01011,SATCOM_01011,-55.417579,109.939939,21959.87,S,11155.24,19045.9,MAINTENANCE,Operator_125
COMM01012,SATCOM_01012,26.594153,-156.34317,5188.55,S,28832.55,7828.6,MAINTENANCE,Operator_150
COMM01013,SATCOM_01013,7.642211,-75.989028,32630.88,X,29436.65,26511.28,MAINTENANCE,Operator_78
COMM01014,SATCOM_01014,33.684855,-108.164162,30857.14,Ka,5739.28,18984.34,MAINTENANCE,Operator_247
COMM01015,SATCOM_01015,69.920647,48.609608,13330.93,L,16096.17,22892.87,MAINTENANCE,Operator_48
COMM01016,SATCOM_01016,-74.669398,67.933091,10801.38,Ka,6978.11,16305.69,INACTIVE,Operator_221
COMM01017,SATCOM_01017,-46.237005,-71.938883,34325.18,X,5881.92,25530.57,INACTIVE,Operator_74
COMM01018,SATCOM_01018,68.150727,-143.412062,27480.24,S,29125.68,26746.42,MAINTENANCE,Operator_52
COMM01019,SATCOM_01019,74.459877,16.869604,11633.41,L,1070.78,18275.34,MAINTENANCE,Operator_111
COMM01020,SATCOM_01020,51.497913,36.186985,29538.72,L,24958.16,25489.84,MAINTENANCE,Operator_173
COMM01021,SATCOM_01021,59.510933,73.034392,29746.62,C,27324.24,20022.26,MAINTENANCE,Operator_111
COMM01022,SATCOM_01022,41.409785,-66.376094,20560.28,Ka,18665.75,22638.5,ACTIVE,Operator_79
COMM01023,SATCOM_01023,31.890753,-30.124813,9563.53,C,21655.77,11903.92,ACTIVE,Operator_75
COMM01024,SATCOM_01024,72.691555,-171.815316,9490.71,L,13565.46,16616.31,MAINTENANCE,Operator_55
COMM01025,SATCOM_01025,65.552843,-142.369637,33096.0,S,2557.2,22416.19,INACTIVE,Operator_126
COMM01026,SATCOM_01026,17.977422,-44.491665,8288.26,L,29242.7,20798.91,ACTIVE,Operator_26
COMM01027,SATCOM_01027,-53.211843,65.923737,17587.27,Ka,3325.39,20138.63,INACTIVE,Operator_104
COMM01028,SATCOM_01028,-23.06449,-24.027802,7712.47,Ku,3566.81,13236.3,INACTIVE,Operator_127
COMM01029,SATCOM_01029,-62.865642,-129.95428,29490.72,Ku,10410.99,20787.72,INACTIVE,Operator_200
COMM01030,SATCOM_01030,5.306884,38.655329,18149.03,Ka,8211.63,26901.31,MAINTENANCE,Operator_101
COMM01031,SATCOM_01031,-45.513446,161.411909,24220.0,C,28299.17,6715.5,INACTIVE,Operator_232
COMM01032,SATCOM_01032,40.540602,-175.346513,26466.43,C,16305.9,26820.59,MAINTENANCE,Operator_232
COMM01033,SATCOM_01033,41.083626,-178.12806,9892.52,Ka,24891.76,16050.22,INACTIVE,Operator_108
COMM01034,SATCOM_01034,-22.320176,-84.437876,1852.24,S,20086.49,21349.48,MAINTENANCE,Operator_182
COMM01035,SATCOM_01035,-8.642063,15.07635,20954.62,C,3292.95,2317.22,MAINTENANCE,Operator_154
COMM01036,SATCOM_01036,-29.067255,2.506149,30598.65,Ku,18418.8,13018.26,MAINTENANCE,Operator_161
COMM01037,SATCOM_01037,-1.883537,68.220569,17260.91,S,11695.33,29903.0,ACTIVE,Operator_52
COMM01038,SATCOM_01038,80.654429,170.960218,9974.43,S,25464.23,13458.44,INACTIVE,Operator_177
COMM01039,SATCOM_01039,-38.84889,-56.901583,2071.84,X,11435.96,27361.66,ACTIVE,Operator_179
COMM01040,SATCOM_01040,-53.945971,-125.539169,18157.45,L,3177.53,26223.47,ACTIVE,Operator_76
COMM01041,SATCOM_01041,-68.224859,28.073082,18647.44,Ka,7016.39,5025.32,MAINTENANCE,Operator_234
COMM01042,SATCOM_01042,-89.190086,-28.184719,8894.33,L,16986.22,27975.84,MAINTENANCE,Operator_192
COMM01043,SATCOM_01043,7.351528,28.640354,8783.42,L,7246.01,6793.67,MAINTENANCE,Operator_44
COMM01044,SATCOM_01044,-51.198095,6.809358,30602.84,Ku,13473.44,7623.48,ACTIVE,Operator_160
COMM01045,SATCOM_01045,-74.371244,100.265756,30314.23,L,18559.25,20221.11,MAINTENANCE,Operator_242
COMM01046,SATCOM_01046,69.064289,79.760012,6002.54,S,3777.5,19237.57,MAINTENANCE,Operator_147
COMM01047,SATCOM_01047,-35.870535,166.346209,5775.4,X,18374.08,8559.17,MAINTENANCE,Operator_66
COMM01048,SATCOM_01048,43.138392,104.367115,14310.37,Ku,6561.24,20615.53,MAINTENANCE,Operator_56
COMM01049,SATCOM_01049,5.554541,155.540344,26381.5,Ku,11713.72,3864.64,ACTIVE,Operator_241
COMM01050,SATCOM_01050,48.874535,-40.983317,2896.73,X,14700.66,5989.98,INACTIVE,Operator_65
COMM01051,SATCOM_01051,-80.385965,-106.272052,1703.61,Ku,28520.07,23092.37,MAINTENANCE,Operator_93
COMM01052,SATCOM_01052,74.16756,7.774755,22246.18,S,1641.26,1825.13,MAINTENANCE,Operator_9
COMM01053,SATCOM_01053,85.482747,164.861402,30183.37,C,12054.31,28999.84,INACTIVE,Operator_111
COMM01054,SATCOM_01054,-33.986306,118.634093,12525.26,C,19346.18,25638.91,MAINTENANCE,Operator_53
COMM01055,SATCOM_01055,2.208521,46.059531,2075.5,S,1956.16,1566.28,MAINTENANCE,Operator_87
COMM01056,SATCOM_01056,-3.030845,-48.466407,7846.28,L,6010.7,5065.63,ACTIVE,Operator_181
COMM01057,SATCOM_01057,19.809608,126.641052,26588.77,Ku,25671.23,20073.07,INACTIVE,Operator_239
COMM01058,SATCOM_01058,-16.043738,140.735105,21421.95,Ku,12152.41,1955.61,MAINTENANCE,Operator_220
COMM01059,SATCOM_01059,69.808149,-165.579046,16384.37,Ka,28836.01,9896.75,MAINTENANCE,Operator_109
COMM01060,SATCOM_01060,24.758441,-65.09239,23635.02,X,8294.24,17511.92,ACTIVE,Operator_120
COMM01061,SATCOM_01061,58.282404,-61.03465,34352.25,Ka,24498.6,27574.29,INACTIVE,Operator_61
COMM01062,SATCOM_01062,38.475529,-94.469087,649.46,L,12848.65,4330.35,ACTIVE,Operator_109
COMM01063,SATCOM_01063,-2.438439,-145.544905,13230.45,C,23912.36,27030.92,INACTIVE,Operator_84
COMM01064,SATCOM_01064,33.009922,23.301444,14087.49,Ku,3976.13,9920.93,INACTIVE,Operator_39
COMM01065,SATCOM_01065,-38.210348,59.875089,22939.4,Ku,19795.7,15937.59,MAINTENANCE,Operator_13
COMM01066,SATCOM_01066,-66.283573,-174.58966,28352.48,Ka,25422.3,5374.33,INACTIVE,Operator_82
COMM01067,SATCOM_01067,75.763507,-174.752832,21363.46,X,22768.06,18654.71,MAINTENANCE,Operator_7
COMM01068,SATCOM_01068,11.13102,-60.100712,29996.26,S,15017.68,14282.63,MAINTENANCE,Operator_233
COMM01069,SATCOM_01069,37.591896,70.54579,33456.42,Ku,17920.64,14035.06,INACTIVE,Operator_193
COMM01070,SATCOM_01070,-18.139346,33.755621,22899.38,S,23380.71,10505.28,ACTIVE,Operator_97
COMM01071,SATCOM_01071,-3.553156,141.648508,5878.27,Ku,25961.26,6052.04,INACTIVE,Operator_65
COMM01072,SATCOM_01072,76.000198,-1.710348,26488.5,L,14586.45,4419.22,ACTIVE,Operator_44
COMM01073,SATCOM_01073,-50.238921,169.485515,34907.35,S,12889.07,1243.15,MAINTENANCE,Operator_35
COMM01074,SATCOM_01074,-58.144013,63.461421,31738.79,C,20721.46,11223.43,MAINTENANCE,Operator_65
COMM01075,SATCOM_01075,5.901493,84.009075,520.55,Ka,9466.63,3510.68,INACTIVE,Operator_203
COMM01076,SATCOM_01076,-71.351808,179.121778,4697.88,L,19152.51,19080.93,INACTIVE,Operator_166
COMM01077,SATCOM_01077,6.58228,67.761701,8033.79,S,12632.16,20379.62,ACTIVE,Operator_50
COMM01078,SATCOM_01078,-30.772884,62.514417,9866.86,Ku,6645.7,2697.44,INACTIVE,Operator_201
COMM01079,SATCOM_01079,64.028278,-118.320572,23305.71,C,20069.87,12548.37,MAINTENANCE,Operator_186
COMM01080,SATCOM_01080,57.312622,-135.566551,32655.93,Ka,29374.29,27680.1,MAINTENANCE,Operator_53
COMM01081,SATCOM_01081,-6.941104,-22.235197,30327.78,L,26819.21,12428.93,ACTIVE,Operator_226
COMM01082,SATCOM_01082,66.114743,12.495009,6457.97,X,13667.54,12115.54,MAINTENANCE,Operator_4
COMM01083,SATCOM_01083,-21.894279,179.732288,15594.68,S,21581.23,8719.03,MAINTENANCE,Operator_199
COMM01084,SATCOM_01084,-21.969458,20.225734,25308.15,L,9222.75,18334.66,ACTIVE,Operator_234
COMM01085,SATCOM_01085,6.641186,129.670962,21945.23,L,23229.68,7141.26,ACTIVE,Operator_90
COMM01086,SATCOM_01086,20.289664,-127.600812,34198.31,C,13013.81,8838.34,INACTIVE,Operator_149
COMM01087,SATCOM_01087,-3.199487,-28.424901,26462.37,X,6677.52,22699.8,MAINTENANCE,Operator_127
COMM01088,SATCOM_01088,39.440357,107.582555,34237.78,L,28719.32,8529.68,INACTIVE,Operator_118
COMM01089,SATCOM_01089,-71.382655,-86.934275,35209.91,Ka,4694.92,24266.6,ACTIVE,Operator_122
COMM01090,SATCOM_01090,-36.170834,39.395466,3759.7,S,18191.61,17638.68,ACTIVE,Operator_194
COMM01091,SATCOM_01091,-17.013997,170.566867,33934.24,Ku,3236.02,23244.66,MAINTENANCE,Operator_165
COMM01092,SATCOM_01092,-43.917721,61.50641,20093.98,S,27471.57,5909.54,ACTIVE,Operator_51
COMM01093,SATCOM_01093,84.441414,146.748209,5925.63,Ku,13533.32,12159.31,ACTIVE,Operator_125
COMM01094,SATCOM_01094,85.853871,47.215559,28741.64,L,3893.87,29500.76,ACTIVE,Operator_61
COMM01095,SATCOM_01095,15.767561,146.835571,23017.63,C,6600.18,9190.65,ACTIVE,Operator_141
COMM01096,SATCOM_01096,52.961552,-143.201049,910.06,S,29027.35,10041.55,ACTIVE,Operator_214
COMM01097,SATCOM_01097,57.030519,-122.1328,28505.19,C,14742.31,26281.91,ACTIVE,Operator_114
COMM01098,SATCOM_01098,74.985338,137.281414,33648.33,Ku,8049.19,17060.44,MAINTENANCE,Operator_177
COMM01099,SATCOM_01099,-36.290601,-149.218384,34586.22,X,19385.83,12134.5,MAINTENANCE,Operator_23
COMM01100,SATCOM_01100,33.571562,-55.027727,8934.07,C,26546.8,6007.58,MAINTENANCE,Operator_195
COMM01101,SATCOM_01101,81.334826,28.334124,15341.49,L,19192.08,28489.89,MAINTENANCE,Operator_146
COMM01102,SATCOM_01102,55.199339,21.646796,34519.93,S,16473.96,18620.04,ACTIVE,Operator_3
COMM01103,SATCOM_01103,20.16078,104.333524,20925.25,S,14417.1,22783.2,ACTIVE,Operator_23
COMM01104,SATCOM_01104,-59.100435,26.142652,33985.86,L,18551.69,7157.84,INACTIVE,Operator_176
COMM01105,SATCOM_01105,-25.783933,-40.376505,7946.74,X,28715.39,7143.04,ACTIVE,Operator_60
COMM01106,SATCOM_01106,76.773311,-59.228306,25865.7,L,18650.78,20807.42,INACTIVE,Operator_145
COMM01107,SATCOM_01107,17.090929,-157.643368,10604.73,S,4448.1,7806.91,MAINTENANCE,Operator_224
COMM01108,SATCOM_01108,-26.033869,57.617354,11155.28,C,2870.97,27678.36,MAINTENANCE,Operator_86
COMM01109,SATCOM_01109,5.65655,56.915971,7779.83,C,12783.09,27337.88,ACTIVE,Operator_176
COMM01110,SATCOM_01110,31.935196,-160.22271,11563.68,Ku,9880.44,7354.87,MAINTENANCE,Operator_45
COMM01111,SATCOM_01111,-85.043681,-9.048866,33761.55,C,6252.57,9294.72,MAINTENANCE,Operator_157
COMM01112,SATCOM_01112,89.413463,75.855449,33512.85,S,11691.7,8180.45,INACTIVE,Operator_10
COMM01113,SATCOM_01113,80.20351,-119.567409,11206.84,Ka,28088.38,4522.91,MAINTENANCE,Operator_43
COMM01114,SATCOM_01114,-27.110964,-6.110224,26526.03,L,27895.58,23230.19,ACTIVE,Operator_141
COMM01115,SATCOM_01115,38.334782,-63.950017,23555.63,Ku,29968.49,14376.46,ACTIVE,Operator_222
COMM01116,SATCOM_01116,-13.646987,1.193811,4234.53,C,20262.42,23614.12,INACTIVE,Operator_24
COMM01117,SATCOM_01117,82.558396,-37.475414,7537.79,C,26149.79,5034.11,MAINTENANCE,Operator_243
COMM01118,SATCOM_01118,-69.560123,-35.465658,20897.56,Ku,27717.8,26065.08,ACTIVE,Operator_31
COMM01119,SATCOM_01119,82.816356,110.501137,6777.25,S,10085.89,1703.46,MAINTENANCE,Operator_72
COMM01120,SATCOM_01120,-6.866061,-115.484224,11431.1,C,11409.13,22844.88,INACTIVE,Operator_12
COMM01121,SATCOM_01121,-30.758821,153.629154,18081.76,X,8515.24,26291.79,MAINTENANCE,Operator_189
COMM01122,SATCOM_01122,-34.685835,142.168549,32283.28,X,28629.22,17937.56,INACTIVE,Operator_61
COMM01123,SATCOM_01123,-7.066738,167.927895,3474.23,Ka,6316.94,10347.36,ACTIVE,Operator_178
COMM01124,SATCOM_01124,-49.319157,-80.076443,5292.79,X,12273.35,26571.46,MAINTENANCE,Operator_163
COMM01125,SATCOM_01125,-9.355063,7.510842,227.75,X,7070.16,20218.74,INACTIVE,Operator_114
COMM01126,SATCOM_01126,-86.066285,152.500505,21960.68,S,17011.44,29750.32,MAINTENANCE,Operator_66
COMM01127,SATCOM_01127,-82.163278,10.398313,24351.37,L,7685.87,29309.33,ACTIVE,Operator_87
COMM01128,SATCOM_01128,-60.596322,-163.794587,25689.23,L,13957.24,17194.48,MAINTENANCE,Operator_202
COMM01129,SATCOM_01129,-71.001984,66.816794,9156.38,L,27499.35,7876.28,MAINTENANCE,Operator_22
COMM01130,SATCOM_01130,-45.838187,-136.464426,28381.47,X,18786.56,27477.53,MAINTENANCE,Operator_69
COMM01131,SATCOM_01131,-46.277189,-96.308959,19164.23,S,5928.01,22753.17,ACTIVE,Operator_101
COMM01132,SATCOM_01132,-20.776887,-137.718425,33700.94,S,4383.33,9294.96,MAINTENANCE,Operator_116
COMM01133,SATCOM_01133,-85.057946,114.958138,27493.52,S,15353.93,28664.0,MAINTENANCE,Operator_68
COMM01134,SATCOM_01134,82.784722,41.01793,27646.27,C,24528.06,21515.86,INACTIVE,Operator_28
COMM01135,SATCOM_01135,-55.301311,39.460658,32477.11,S,23357.92,5780.8,ACTIVE,Operator_222
COMM01136,SATCOM_01136,42.08331,131.617104,10881.75,L,5753.81,12697.48,MAINTENANCE,Operator_24
COMM01137,SATCOM_01137,20.872696,76.773033,34365.43,C,16444.61,11088.64,INACTIVE,Operator_247
COMM01138,SATCOM_01138,45.24718,-136.610453,32487.36,L,14965.93,26440.05,ACTIVE,Operator_135
COMM01139,SATCOM_01139,30.529941,-6.841759,13861.78,S,11623.41,23417.66,ACTIVE,Operator_133
COMM01140,SATCOM_01140,-49.719269,-147.120726,21328.11,Ku,4422.92,13775.05,ACTIVE,Operator_81
COMM01141,SATCOM_01141,-45.157089,-139.806806,10698.45,Ku,11514.3,29101.74,MAINTENANCE,Operator_73
COMM01142,SATCOM_01142,-41.249439,-95.204156,9019.54,L,4358.49,3896.35,INACTIVE,Operator_170
COMM01143,SATCOM_01143,84.786599,76.66964,8916.39,Ka,7264.02,28311.03,MAINTENANCE,Operator_173
COMM01144,SATCOM_01144,88.030311,-31.352796,13608.32,X,19444.33,16082.57,MAINTENANCE,Operator_124
COMM01145,SATCOM_01145,45.450277,-126.202832,31109.46,C,20034.6,17549.14,INACTIVE,Operator_241
COMM01146,SATCOM_01146,-67.35787,-126.20671,10174.59,S,11512.11,29313.82,ACTIVE,Operator_155
COMM01147,SATCOM_01147,-42.642221,-4.203538,34931.25,X,8931.09,9721.4,MAINTENANCE,Operator_244
COMM01148,SATCOM_01148,17.39405,43.065159,33166.43,Ka,13671.35,29205.82,ACTIVE,Operator_82
COMM01149,SATCOM_01149,33.914449,-30.711762,25567.71,L,18597.41,28539.02,ACTIVE,Operator_8
COMM01150,SATCOM_01150,24.465115,-93.306187,512.62,Ku,1950.42,20115.59,INACTIVE,Operator_24
COMM01151,SATCOM_01151,66.182209,-54.091868,29770.89,S,10250.75,11729.72,ACTIVE,Operator_38
COMM01152,SATCOM_01152,-89.9241,-20.809397,15253.66,C,18814.5,4545.06,ACTIVE,Operator_49
COMM01153,SATCOM_01153,54.127864,-15.275144,3727.39,X,25754.05,23546.77,INACTIVE,Operator_28
COMM01154,SATCOM_01154,-15.682746,161.925557,3505.15,L,2438.16,24896.6,INACTIVE,Operator_224
COMM01155,SATCOM_01155,-84.240925,-12.604358,12469.23,Ku,6742.8,7461.84,ACTIVE,Operator_152
COMM01156,SATCOM_01156,74.161144,-96.111905,9155.41,X,2757.73,9376.81,MAINTENANCE,Operator_84
COMM01157,SATCOM_01157,68.204641,94.988645,17886.19,C,5853.17,22441.73,ACTIVE,Operator_164
COMM01158,SATCOM_01158,-69.762265,-106.543414,10703.68,Ka,2280.67,28630.32,MAINTENANCE,Operator_87
COMM01159,SATCOM_01159,-74.639045,105.28342,19697.48,Ka,28352.3,23094.82,INACTIVE,Operator_111
COMM01160,SATCOM_01160,48.944447,149.374526,5594.81,L,14666.4,25621.1,ACTIVE,Operator_160
COMM01161,SATCOM_01161,-1.257408,-124.202693,6361.73,L,3798.63,4085.34,MAINTENANCE,Operator_1
COMM01162,SATCOM_01162,48.026443,-42.938519,35131.79,X,20944.43,18823.37,ACTIVE,Operator_95
COMM01163,SATCOM_01163,59.759513,32.721879,30410.52,Ku,25892.18,21163.28,ACTIVE,Operator_226
COMM01164,SATCOM_01164,3.09595,28.019388,13869.66,Ku,7890.54,13249.71,MAINTENANCE,Operator_135
COMM01165,SATCOM_01165,36.059044,83.374367,16400.89,S,5495.31,27120.24,ACTIVE,Operator_16
COMM01166,SATCOM_01166,-72.773004,169.353517,28379.79,Ku,22525.79,17945.09,INACTIVE,Operator_71
COMM01167,SATCOM_01167,43.001028,92.049787,32399.3,X,8086.73,10548.57,INACTIVE,Operator_166
COMM01168,SATCOM_01168,19.026549,16.974109,21575.65,C,19082.45,4075.89,MAINTENANCE,Operator_49
COMM01169,SATCOM_01169,44.370955,-134.48413,21420.93,X,29695.51,14946.31,ACTIVE,Operator_175
COMM01170,SATCOM_01170,28.133132,-144.103727,24902.8,L,4702.27,23251.88,INACTIVE,Operator_205
COMM01171,SATCOM_01171,80.940675,-144.259777,7653.48,Ka,21803.01,1689.96,MAINTENANCE,Operator_148
COMM01172,SATCOM_01172,59.952041,-63.797906,28344.44,L,21020.03,14657.6,MAINTENANCE,Operator_191
COMM01173,SATCOM_01173,19.99346,-66.471148,17520.43,Ku,17271.09,13054.65,MAINTENANCE,Operator_11
COMM01174,SATCOM_01174,-64.432182,8.617767,18685.97,Ku,22782.38,8162.33,ACTIVE,Operator_188
COMM01175,SATCOM_01175,-37.943877,0.431634,6630.0,Ku,1751.04,29525.0,INACTIVE,Operator_148
COMM01176,SATCOM_01176,9.579249,64.805977,35382.45,Ka,4591.39,26895.92,MAINTENANCE,Operator_31
COMM01177,SATCOM_01177,48.772689,-123.198634,29665.64,X,18706.27,3144.2,MAINTENANCE,Operator_96
COMM01178,SATCOM_01178,44.864628,10.54037,1458.42,S,6744.46,10694.49,ACTIVE,Operator_82
COMM01179,SATCOM_01179,-87.204701,-135.522303,7928.4,L,3080.18,15624.91,INACTIVE,Operator_13
COMM01180,SATCOM_01180,-64.86077,142.007816,19319.39,Ka,26277.18,14579.2,ACTIVE,Operator_243
COMM01181,SATCOM_01181,4.744267,-87.189759,33296.88,S,13445.85,4610.05,ACTIVE,Operator_160
COMM01182,SATCOM_01182,-88.278926,58.377933,29593.88,Ku,9309.79,1678.0,MAINTENANCE,Operator_161
COMM01183,SATCOM_01183,64.623944,89.470609,20951.8,X,16565.37,11693.8,INACTIVE,Operator_160
COMM01184,SATCOM_01184,-3.236043,175.352855,31167.4,Ka,29310.81,12759.82,INACTIVE,Operator_176
COMM01185,SATCOM_01185,22.758201,-110.361755,15713.99,Ku,7450.03,14832.97,ACTIVE,Operator_52
COMM01186,SATCOM_01186,-55.328846,-98.174943,33705.95,L,11475.75,8832.75,INACTIVE,Operator_27
COMM01187,SATCOM_01187,-17.49599,103.137787,4644.73,C,24164.42,26378.19,INACTIVE,Operator_37
COMM01188,SATCOM_01188,-68.08417,-49.584217,26412.8,L,19468.29,11325.74,INACTIVE,Operator_43
COMM01189,SATCOM_01189,-64.240144,-41.596144,29426.21,L,7598.47,7943.33,INACTIVE,Operator_80
COMM01190,SATCOM_01190,-59.745384,71.824844,4165.86,S,25029.06,15366.65,ACTIVE,Operator_162
COMM01191,SATCOM_01191,-4.870838,-30.3853,26354.34,C,21080.84,1282.51,MAINTENANCE,Operator_151
COMM01192,SATCOM_01192,18.424848,30.931914,6101.64,Ka,13503.08,23542.63,MAINTENANCE,Operator_104
COMM01193,SATCOM_01193,68.82624,-45.855561,16584.81,L,1953.27,25035.11,MAINTENANCE,Operator_237
COMM01194,SATCOM_01194,-53.771297,-127.273063,18897.98,Ka,29410.82,19196.44,ACTIVE,Operator_4
COMM01195,SATCOM_01195,-56.263908,-45.724566,24809.4,Ku,25111.05,19690.92,MAINTENANCE,Operator_132
COMM01196,SATCOM_01196,-24.815964,-76.450424,25495.08,Ka,21388.4,8099.05,INACTIVE,Operator_60
COMM01197,SATCOM_01197,60.440002,37.144553,449.46,X,9400.79,21269.55,INACTIVE,Operator_161
COMM01198,SATCOM_01198,1.810515,22.764535,26547.38,Ka,29488.07,25180.91,INACTIVE,Operator_190
COMM01199,SATCOM_01199,-85.855707,-169.681985,7221.16,C,12862.47,23163.5,ACTIVE,Operator_83
COMM01200,SATCOM_01200,8.7341,-139.688616,4855.48,L,1095.58,3706.12,INACTIVE,Operator_112
COMM01201,SATCOM_01201,-83.927826,-148.14472,6551.44,S,21752.12,15913.21,ACTIVE,Operator_98
COMM01202,SATCOM_01202,-77.573819,-26.650556,19993.28,S,17060.25,26642.39,MAINTENANCE,Operator_99
COMM01203,SATCOM_01203,-9.671893,-82.133679,14184.0,C,24993.57,28134.13,INACTIVE,Operator_150
COMM01204,SATCOM_01204,69.592311,122.30141,3115.5,X,7099.61,26647.14,ACTIVE,Operator_74
COMM01205,SATCOM_01205,-68.260677,100.738271,21890.37,Ka,6552.92,17862.73,MAINTENANCE,Operator_105
COMM01206,SATCOM_01206,-40.769162,-102.744948,32418.81,S,2345.58,18372.37,MAINTENANCE,Operator_160
COMM01207,SATCOM_01207,-14.43692,81.653977,32190.57,Ku,9934.36,20514.45,ACTIVE,Operator_34
COMM01208,SATCOM_01208,26.391982,-43.510126,33373.87,X,28060.17,19046.68,INACTIVE,Operator_180
COMM01209,SATCOM_01209,-48.501117,112.635313,7823.76,X,24967.11,16731.52,MAINTENANCE,Operator_209
COMM01210,SATCOM_01210,40.625826,156.136569,9473.65,L,12611.84,10486.52,ACTIVE,Operator_143
COMM01211,SATCOM_01211,36.701893,-63.469978,22689.1,S,4788.93,20711.94,ACTIVE,Operator_25
COMM01212,SATCOM_01212,69.436975,1.955472,26566.58,Ka,10687.55,17039.11,MAINTENANCE,Operator_204
COMM01213,SATCOM_01213,84.456957,-98.726991,28531.72,X,14343.45,29597.99,INACTIVE,Operator_231
COMM01214,SATCOM_01214,-66.296111,-129.622803,23449.9,C,8937.33,9785.63,MAINTENANCE,Operator_101
COMM01215,SATCOM_01215,-86.139873,-0.501233,35026.51,X,8370.92,19791.2,INACTIVE,Operator_53
COMM01216,SATCOM_01216,26.277445,8.726461,626.34,Ka,10787.74,26316.07,ACTIVE,Operator_43
COMM01217,SATCOM_01217,-83.747764,-76.557098,27655.62,L,26615.5,29324.64,ACTIVE,Operator_121
COMM01218,SATCOM_01218,40.265622,130.964621,20651.97,Ka,26698.37,15745.71,INACTIVE,Operator_172
COMM01219,SATCOM_01219,51.674087,4.567045,4921.93,Ku,12039.17,13336.48,ACTIVE,Operator_150
COMM01220,SATCOM_01220,-4.241501,-106.388979,22617.27,Ka,28269.61,29405.83,MAINTENANCE,Operator_61
COMM01221,SATCOM_01221,49.037058,152.778545,14460.59,L,12113.09,4672.13,INACTIVE,Operator_4
COMM01222,SATCOM_01222,-17.176377,-150.022706,13286.65,X,26417.84,14120.75,INACTIVE,Operator_63
COMM01223,SATCOM_01223,2.794765,-98.379231,20915.15,L,11676.86,24884.52,ACTIVE,Operator_219
COMM01224,SATCOM_01224,22.874028,12.106972,1817.89,C,15036.02,11178.38,ACTIVE,Operator_176
COMM01225,SATCOM_01225,-56.969006,-136.769032,26861.93,L,2815.95,22086.34,INACTIVE,Operator_11
COMM01226,SATCOM_01226,36.720976,-162.536703,14688.37,Ka,29648.74,8037.1,MAINTENANCE,Operator_23
COMM01227,SATCOM_01227,-1.877352,-38.700371,8496.98,S,10448.62,9180.85,ACTIVE,Operator_242
COMM01228,SATCOM_01228,28.872124,164.773675,16765.54,S,27195.17,7910.77,INACTIVE,Operator_71
COMM01229,SATCOM_01229,-53.111077,-41.439487,13619.67,Ku,9471.08,25849.36,ACTIVE,Operator_186
COMM01230,SATCOM_01230,-3.969167,-73.655491,12667.84,L,27764.88,10087.54,ACTIVE,Operator_71
COMM01231,SATCOM_01231,18.950044,-131.312682,10872.04,C,27231.18,17652.74,ACTIVE,Operator_118
COMM01232,SATCOM_01232,12.969415,-135.112109,20997.41,Ku,25953.92,12675.02,ACTIVE,Operator_206
COMM01233,SATCOM_01233,89.372297,-175.53241,34080.12,S,22155.58,9230.4,INACTIVE,Operator_62
COMM01234,SATCOM_01234,-73.207107,-136.177715,33812.07,S,16606.72,19588.37,INACTIVE,Operator_37
COMM01235,SATCOM_01235,-58.684983,-177.9396,33137.98,Ku,10203.68,15853.21,INACTIVE,Operator_52
COMM01236,SATCOM_01236,-28.742367,22.809422,513.88,C,14323.66,29702.92,ACTIVE,Operator_98
COMM01237,SATCOM_01237,15.019708,-102.005526,28267.04,L,28003.0,25304.5,INACTIVE,Operator_38
COMM01238,SATCOM_01238,-12.098447,-2.120625,17482.97,L,18795.05,19018.99,MAINTENANCE,Operator_186
COMM01239,SATCOM_01239,-2.301699,52.695373,16752.78,Ka,12183.82,28541.06,MAINTENANCE,Operator_41
COMM01240,SATCOM_01240,-73.232042,-145.62552,22314.79,S,2582.16,12895.09,INACTIVE,Operator_238
COMM01241,SATCOM_01241,-32.963762,27.288413,628.2,C,4337.84,15843.8,MAINTENANCE,Operator_197
COMM01242,SATCOM_01242,17.942888,-21.635461,34287.61,Ka,8011.77,20119.25,MAINTENANCE,Operator_244
COMM01243,SATCOM_01243,-52.127383,-135.858087,18563.78,Ka,27811.33,18179.91,ACTIVE,Operator_78
COMM01244,SATCOM_01244,52.017358,-39.044039,8711.99,C,29179.7,10040.46,MAINTENANCE,Operator_147
COMM01245,SATCOM_01245,-30.530588,7.058894,26882.58,Ka,27375.52,27659.96,ACTIVE,Operator_147
COMM01246,SATCOM_01246,-65.29354,74.826348,7491.87,Ku,15149.52,9525.59,MAINTENANCE,Operator_83
COMM01247,SATCOM_01247,-2.742842,116.127994,6062.23,Ku,25683.33,19905.17,MAINTENANCE,Operator_183
COMM01248,SATCOM_01248,-5.017019,127.966243,10813.59,Ku,2894.15,22636.33,ACTIVE,Operator_238
COMM01249,SATCOM_01249,-57.293912,1.240814,9078.23,Ka,18354.15,22006.15,INACTIVE,Operator_12
COMM01250,SATCOM_01250,14.317378,44.939048,21191.43,X,10960.37,12464.69,ACTIVE,Operator_16
COMM01251,SATCOM_01251,-39.334223,-148.413175,24422.64,L,14722.0,1027.39,ACTIVE,Operator_39
COMM01252,SATCOM_01252,52.060583,152.514703,14382.73,L,27104.94,4059.8,ACTIVE,Operator_11
COMM01253,SATCOM_01253,81.058524,-80.317714,16050.27,X,8996.48,3898.69,INACTIVE,Operator_180
COMM01254,SATCOM_01254,-22.389154,-73.310093,27233.02,C,7915.11,10723.92,INACTIVE,Operator_58
COMM01255,SATCOM_01255,-9.49489,177.62637,23182.09,X,17213.78,26166.23,ACTIVE,Operator_168
COMM01256,SATCOM_01256,16.026575,-67.44367,13763.51,S,17411.96,19668.32,MAINTENANCE,Operator_247
COMM01257,SATCOM_01257,-70.114907,-122.756773,17906.8,C,11363.12,2439.98,ACTIVE,Operator_99
COMM01258,SATCOM_01258,-37.881657,169.044399,12550.03,S,11315.58,24260.78,INACTIVE,Operator_88
COMM01259,SATCOM_01259,-46.834761,128.752158,17896.77,C,7979.74,29428.86,MAINTENANCE,Operator_60
COMM01260,SATCOM_01260,-16.293393,32.425163,35326.27,Ka,10427.13,27084.8,MAINTENANCE,Operator_166
COMM01261,SATCOM_01261,68.915931,-37.252009,26626.05,L,1077.26,10008.77,INACTIVE,Operator_125
COMM01262,SATCOM_01262,-46.238508,163.739046,12993.31,Ku,16888.9,20315.78,ACTIVE,Operator_81
COMM01263,SATCOM_01263,-59.165581,-124.643094,22705.63,C,4852.79,28464.42,ACTIVE,Operator_51
COMM01264,SATCOM_01264,-59.260312,55.163191,17296.39,X,7297.94,21255.3,INACTIVE,Operator_103
COMM01265,SATCOM_01265,55.640174,43.00241,32670.4,X,10721.13,29751.68,MAINTENANCE,Operator_237
COMM01266,SATCOM_01266,30.802957,47.935806,32719.93,Ka,17940.66,18810.83,ACTIVE,Operator_230
COMM01267,SATCOM_01267,-4.899534,31.82591,23207.45,Ku,4768.75,6696.55,ACTIVE,Operator_205
COMM01268,SATCOM_01268,40.518678,-171.440305,28379.39,C,15864.75,14962.43,MAINTENANCE,Operator_100
COMM01269,SATCOM_01269,-85.349961,-156.191372,19870.9,Ku,29274.99,29215.4,ACTIVE,Operator_218
COMM01270,SATCOM_01270,57.950642,15.778065,30248.53,S,4980.86,7600.18,ACTIVE,Operator_97
COMM01271,SATCOM_01271,49.642129,-104.348334,21045.5,C,9945.73,10871.36,INACTIVE,Operator_6
COMM01272,SATCOM_01272,-60.624673,145.304993,26592.24,Ka,16794.04,1705.33,INACTIVE,Operator_107
COMM01273,SATCOM_01273,64.321868,32.349139,25336.35,C,20070.1,24456.72,MAINTENANCE,Operator_16
COMM01274,SATCOM_01274,-79.121565,54.850752,12433.3,S,7654.36,28861.84,INACTIVE,Operator_14
COMM01275,SATCOM_01275,39.161756,-39.800874,34258.44,C,10472.7,11245.82,ACTIVE,Operator_159
COMM01276,SATCOM_01276,60.897455,130.702363,1942.57,Ku,6981.55,15351.33,INACTIVE,Operator_29
COMM01277,SATCOM_01277,30.262385,72.904779,23446.42,Ku,2399.94,19474.77,MAINTENANCE,Operator_38
COMM01278,SATCOM_01278,-24.25261,164.750813,24215.0,Ku,27664.43,20012.7,INACTIVE,Operator_19
COMM01279,SATCOM_01279,68.591606,-60.65206,3788.92,X,27520.87,10858.35,ACTIVE,Operator_36
COMM01280,SATCOM_01280,-0.888126,-158.310809,23488.37,S,13123.13,11473.0,ACTIVE,Operator_55
COMM01281,SATCOM_01281,60.143488,-32.452597,637.79,L,13297.07,24890.73,INACTIVE,Operator_40
COMM01282,SATCOM_01282,-86.52234,-179.129863,30757.63,Ka,21178.93,9367.16,MAINTENANCE,Operator_40
COMM01283,SATCOM_01283,-20.512601,-146.124763,18228.34,Ku,9538.36,4870.31,MAINTENANCE,Operator_101
COMM01284,SATCOM_01284,80.874463,132.778751,23664.01,C,10096.81,5742.4,ACTIVE,Operator_224
COMM01285,SATCOM_01285,-9.194599,34.328766,28451.24,C,22710.64,26673.41,INACTIVE,Operator_168
COMM01286,SATCOM_01286,66.864057,57.337261,13813.17,Ku,25582.92,7564.02,ACTIVE,Operator_97
COMM01287,SATCOM_01287,-4.452621,35.874067,23448.64,L,18518.51,3401.61,INACTIVE,Operator_240
COMM01288,SATCOM_01288,48.295862,77.093624,6253.38,Ku,3055.63,7879.49,ACTIVE,Operator_231
COMM01289,SATCOM_01289,-72.426411,127.428471,16842.06,C,17401.68,11621.55,ACTIVE,Operator_135
COMM01290,SATCOM_01290,-9.676746,-84.95019,10029.98,L,25731.56,17911.91,MAINTENANCE,Operator_104
COMM01291,SATCOM_01291,56.594364,58.857145,18977.34,Ku,9069.6,18278.72,INACTIVE,Operator_105
COMM01292,SATCOM_01292,-76.02565,-59.643958,17824.59,Ku,21419.02,16620.82,ACTIVE,Operator_208
COMM01293,SATCOM_01293,69.299267,25.156248,20302.72,L,2967.64,6408.98,ACTIVE,Operator_93
COMM01294,SATCOM_01294,60.335281,47.660722,16963.42,S,26306.29,8620.34,MAINTENANCE,Operator_220
COMM01295,SATCOM_01295,14.383792,124.650618,9854.6,Ka,25286.01,12139.18,MAINTENANCE,Operator_213
COMM01296,SATCOM_01296,-60.803507,-45.90083,8145.91,Ka,18823.51,15499.2,MAINTENANCE,Operator_214
COMM01297,SATCOM_01297,64.101138,-32.391973,6513.18,S,26816.51,3715.37,INACTIVE,Operator_42
COMM01298,SATCOM_01298,-65.343856,130.66203,5606.81,S,22651.26,6408.04,INACTIVE,Operator_180
COMM01299,SATCOM_01299,76.197548,-177.699702,19027.35,L,20753.78,21689.43,MAINTENANCE,Operator_158
COMM01300,SATCOM_01300,-85.963968,142.682236,1379.6,C,28617.71,12201.69,ACTIVE,Operator_247
COMM01301,SATCOM_01301,-26.531254,178.476915,11398.31,X,23997.42,17700.49,ACTIVE,Operator_40
COMM01302,SATCOM_01302,-75.521506,93.161784,33611.45,C,6949.44,6826.55,MAINTENANCE,Operator_222
COMM01303,SATCOM_01303,76.061348,138.083033,28225.91,L,4787.32,19949.78,INACTIVE,Operator_4
COMM01304,SATCOM_01304,-56.28499,-153.701411,21565.21,Ka,29035.82,6651.02,ACTIVE,Operator_56
COMM01305,SATCOM_01305,-65.734211,125.697577,22805.44,X,16412.62,18153.19,ACTIVE,Operator_189
COMM01306,SATCOM_01306,65.154185,47.836911,32641.63,S,11420.69,18455.84,ACTIVE,Operator_59
COMM01307,SATCOM_01307,69.462241,-148.667505,867.66,Ka,10792.16,9519.89,INACTIVE,Operator_34
COMM01308,SATCOM_01308,-30.715776,128.198703,34053.31,X,16461.72,4430.09,MAINTENANCE,Operator_243
COMM01309,SATCOM_01309,-34.783943,-161.8151,22359.99,Ka,13010.75,12994.22,ACTIVE,Operator_33
COMM01310,SATCOM_01310,-10.193342,26.797524,18099.32,Ka,9866.89,7767.09,INACTIVE,Operator_109
COMM01311,SATCOM_01311,-74.368572,-134.718136,492.95,Ka,21183.84,6466.34,MAINTENANCE,Operator_87
COMM01312,SATCOM_01312,-5.528847,168.960407,27719.19,L,25547.68,22762.35,ACTIVE,Operator_18
COMM01313,SATCOM_01313,-59.404882,-115.264313,9726.83,Ka,7586.49,26711.22,MAINTENANCE,Operator_200
COMM01314,SATCOM_01314,9.123912,51.310339,24612.77,X,10270.2,20564.01,INACTIVE,Operator_7
COMM01315,SATCOM_01315,-57.65842,-6.488883,29321.74,X,29392.46,28887.07,ACTIVE,Operator_63
COMM01316,SATCOM_01316,46.783545,-134.524073,8608.78,Ku,1077.72,4597.78,ACTIVE,Operator_210
COMM01317,SATCOM_01317,-47.958214,53.14696,35032.05,S,21309.46,24536.7,INACTIVE,Operator_48
COMM01318,SATCOM_01318,-81.265251,-129.80521,16302.24,S,7148.28,4005.58,MAINTENANCE,Operator_93
COMM01319,SATCOM_01319,22.934719,-98.803746,11314.0,L,21863.85,14729.25,ACTIVE,Operator_193
COMM01320,SATCOM_01320,67.524677,62.788461,223.38,Ka,13908.74,4646.0,INACTIVE,Operator_198
COMM01321,SATCOM_01321,-84.121117,-146.769942,7595.59,S,6539.62,22966.37,MAINTENANCE,Operator_109
COMM01322,SATCOM_01322,-22.277793,175.962857,2738.62,S,27353.84,20631.6,ACTIVE,Operator_96
COMM01323,SATCOM_01323,28.346227,-179.252922,6339.58,C,16541.12,10368.14,MAINTENANCE,Operator_85
COMM01324,SATCOM_01324,76.524279,-136.015568,21583.58,S,10582.01,1098.49,MAINTENANCE,Operator_151
COMM01325,SATCOM_01325,29.78339,-174.026983,5432.92,Ka,2824.94,3059.44,ACTIVE,Operator_70
COMM01326,SATCOM_01326,-88.627341,-156.269386,9863.34,C,14872.75,1555.43,ACTIVE,Operator_231
COMM01327,SATCOM_01327,-56.041637,42.73173,28292.54,Ka,17058.96,25485.94,MAINTENANCE,Operator_126
COMM01328,SATCOM_01328,-33.917948,-69.039384,24337.35,L,18793.68,10908.43,MAINTENANCE,Operator_92
COMM01329,SATCOM_01329,-32.113902,154.32283,29503.33,C,13621.42,9297.11,MAINTENANCE,Operator_47
COMM01330,SATCOM_01330,-12.962941,12.344903,28606.73,Ka,9207.92,7227.74,INACTIVE,Operator_23
COMM01331,SATCOM_01331,48.598402,-88.291864,25332.7,S,5759.08,5901.67,INACTIVE,Operator_97
COMM01332,SATCOM_01332,9.084115,113.869497,3476.37,X,25261.8,7517.81,INACTIVE,Operator_115
COMM01333,SATCOM_01333,-27.169391,125.238635,279.95,Ku,25985.3,18743.54,ACTIVE,Operator_41
COMM01334,SATCOM_01334,56.93932,115.615327,26899.07,L,2640.52,28428.36,ACTIVE,Operator_22
COMM01335,SATCOM_01335,43.828245,139.097528,6954.75,C,11308.06,24394.23,MAINTENANCE,Operator_245
COMM01336,SATCOM_01336,-67.897689,-130.965609,26897.32,L,20571.38,1146.79,INACTIVE,Operator_185
COMM01337,SATCOM_01337,-89.978574,-56.833963,20128.05,Ku,20996.69,25311.33,MAINTENANCE,Operator_87
COMM01338,SATCOM_01338,-56.803409,2.516951,16915.44,Ka,21946.23,17806.41,INACTIVE,Operator_242
COMM01339,SATCOM_01339,-23.639551,-24.195387,35434.19,Ka,11845.93,21497.23,MAINTENANCE,Operator_67
COMM01340,SATCOM_01340,14.959177,-129.444551,15562.63,X,23187.18,5264.34,MAINTENANCE,Operator_239
COMM01341,SATCOM_01341,38.092669,-42.174381,31885.83,L,2555.95,23001.98,ACTIVE,Operator_28
COMM01342,SATCOM_01342,-54.203853,19.786748,27684.32,C,13121.87,6399.99,MAINTENANCE,Operator_124
COMM01343,SATCOM_01343,50.724436,174.886486,34207.1,Ka,4254.0,25207.11,INACTIVE,Operator_91
COMM01344,SATCOM_01344,-67.185666,-86.636469,11613.11,Ka,28550.08,5778.38,INACTIVE,Operator_234
COMM01345,SATCOM_01345,57.331813,73.992395,6661.46,S,3580.33,16865.18,ACTIVE,Operator_119
COMM01346,SATCOM_01346,-54.561642,149.404637,25135.4,S,8509.88,6523.31,ACTIVE,Operator_242
COMM01347,SATCOM_01347,-47.300811,-126.907763,31283.16,C,22510.22,11814.81,ACTIVE,Operator_160
COMM01348,SATCOM_01348,-6.774342,-115.532831,13879.15,Ka,2373.52,15725.51,MAINTENANCE,Operator_9
COMM01349,SATCOM_01349,88.347312,102.975155,35725.75,Ka,20906.12,20656.1,ACTIVE,Operator_125
COMM01350,SATCOM_01350,-74.46485,-81.508357,20892.97,S,1213.08,20587.16,ACTIVE,Operator_157
COMM01351,SATCOM_01351,74.198847,155.224005,20522.19,L,9636.34,2674.55,INACTIVE,Operator_76
COMM01352,SATCOM_01352,75.585679,154.892887,30270.06,C,3810.83,17492.5,ACTIVE,Operator_50
COMM01353,SATCOM_01353,53.942959,-24.857171,20201.1,Ka,5366.06,1970.25,MAINTENANCE,Operator_29
COMM01354,SATCOM_01354,14.635765,-61.94022,10606.87,C,16496.95,7916.2,INACTIVE,Operator_48
COMM01355,SATCOM_01355,-52.417801,-149.218446,18511.96,L,22282.06,12045.47,ACTIVE,Operator_124
COMM01356,SATCOM_01356,-24.910817,-152.787315,26025.86,L,5103.32,25136.15,ACTIVE,Operator_190
COMM01357,SATCOM_01357,21.939098,-11.297285,4316.9,S,2874.55,15919.33,INACTIVE,Operator_236
COMM01358,SATCOM_01358,-62.608054,104.919371,7986.83,S,24956.61,7716.03,INACTIVE,Operator_234
COMM01359,SATCOM_01359,73.684234,33.275135,29300.36,X,1430.99,17227.56,MAINTENANCE,Operator_100
COMM01360,SATCOM_01360,26.680747,141.495132,29881.27,S,3667.91,29453.82,INACTIVE,Operator_177
COMM01361,SATCOM_01361,25.880328,-147.427935,24287.52,S,2224.68,8760.79,MAINTENANCE,Operator_97
COMM01362,SATCOM_01362,77.52842,9.281832,6401.59,X,12076.39,12953.07,ACTIVE,Operator_114
COMM01363,SATCOM_01363,2.023138,62.665428,34273.65,Ku,28700.71,18191.66,INACTIVE,Operator_221
COMM01364,SATCOM_01364,54.086475,168.324885,35882.1,X,8707.9,16405.0,MAINTENANCE,Operator_163
COMM01365,SATCOM_01365,-13.506144,-105.965436,5218.2,X,4373.76,13772.97,INACTIVE,Operator_183
COMM01366,SATCOM_01366,-28.044128,105.220707,17141.02,S,6144.75,12008.2,ACTIVE,Operator_65
COMM01367,SATCOM_01367,0.001225,-117.890523,21466.11,S,29834.12,8934.44,MAINTENANCE,Operator_125
COMM01368,SATCOM_01368,73.567431,12.297674,33326.94,Ku,9156.13,5558.45,MAINTENANCE,Operator_22
COMM01369,SATCOM_01369,87.335564,-83.91457,12782.79,L,22403.59,4051.31,MAINTENANCE,Operator_147
COMM01370,SATCOM_01370,-46.388994,102.910553,1529.86,L,29955.29,29492.34,MAINTENANCE,Operator_44
COMM01371,SATCOM_01371,51.74385,47.174401,28858.7,L,23331.26,17305.7,ACTIVE,Operator_40
COMM01372,SATCOM_01372,-42.105272,-20.678384,3191.27,Ku,8959.72,27194.5,MAINTENANCE,Operator_213
COMM01373,SATCOM_01373,89.680476,-177.593467,11631.52,C,17115.57,22266.8,INACTIVE,Operator_241
COMM01374,SATCOM_01374,47.048704,-19.462696,4887.65,L,5786.17,17492.44,INACTIVE,Operator_183
COMM01375,SATCOM_01375,-40.935491,9.287204,4069.18,C,17411.84,3168.74,ACTIVE,Operator_31
COMM01376,SATCOM_01376,5.692175,-103.592584,27087.82,Ku,22224.26,4257.61,INACTIVE,Operator_88
COMM01377,SATCOM_01377,-8.527814,175.40962,19547.73,L,21436.72,2889.82,MAINTENANCE,Operator_153
COMM01378,SATCOM_01378,89.760495,34.058672,33747.36,X,15451.59,24136.04,ACTIVE,Operator_175
COMM01379,SATCOM_01379,52.870033,-2.126394,4349.68,Ku,26863.76,9638.11,MAINTENANCE,Operator_30
COMM01380,SATCOM_01380,-79.539335,-169.691618,31769.75,S,8647.93,5499.5,INACTIVE,Operator_47
COMM01381,SATCOM_01381,33.789551,-7.172393,5542.24,X,19286.24,7558.83,INACTIVE,Operator_53
COMM01382,SATCOM_01382,27.912666,-134.120107,32887.3,Ku,12689.28,5817.93,MAINTENANCE,Operator_66
COMM01383,SATCOM_01383,13.660081,-172.053737,17732.13,L,17057.33,18911.56,ACTIVE,Operator_214
COMM01384,SATCOM_01384,24.080768,84.697009,20465.16,C,16882.54,19617.38,INACTIVE,Operator_189
COMM01385,SATCOM_01385,-5.617185,168.552403,13266.86,X,13424.38,20529.08,ACTIVE,Operator_74
COMM01386,SATCOM_01386,81.443419,-30.389823,3166.48,Ku,16821.5,28711.53,ACTIVE,Operator_159
COMM01387,SATCOM_01387,79.879456,-80.750009,25163.62,S,3773.36,4712.45,ACTIVE,Operator_27
COMM01388,SATCOM_01388,-74.314955,173.463155,35277.65,X,18141.62,28608.32,INACTIVE,Operator_172
COMM01389,SATCOM_01389,51.300153,-96.143744,1601.57,Ku,5694.02,8678.36,ACTIVE,Operator_3
COMM01390,SATCOM_01390,37.613271,-2.008805,8253.12,C,2570.48,8225.91,MAINTENANCE,Operator_139
COMM01391,SATCOM_01391,45.938423,78.99436,22913.28,X,10122.55,14765.77,INACTIVE,Operator_76
COMM01392,SATCOM_01392,89.83041,28.334912,16783.56,Ku,16260.8,26759.58,MAINTENANCE,Operator_246
COMM01393,SATCOM_01393,21.270537,-30.620562,31215.2,X,27184.88,2736.66,MAINTENANCE,Operator_153
COMM01394,SATCOM_01394,65.312038,-125.004758,31583.64,L,28585.44,18223.4,ACTIVE,Operator_138
COMM01395,SATCOM_01395,46.356549,44.103264,23455.94,Ka,6537.94,25468.97,ACTIVE,Operator_26
COMM01396,SATCOM_01396,-30.018291,-150.706154,1327.24,Ku,5953.26,3841.47,INACTIVE,Operator_76
COMM01397,SATCOM_01397,75.161323,96.553599,3979.85,S,28546.56,12943.4,INACTIVE,Operator_152
COMM01398,SATCOM_01398,89.968949,35.066201,30157.58,Ku,9323.36,10555.19,MAINTENANCE,Operator_221
COMM01399,SATCOM_01399,-20.428326,-101.891394,29797.42,C,20581.8,25474.48,MAINTENANCE,Operator_151
COMM01400,SATCOM_01400,-53.749958,10.461431,32421.07,Ka,14172.68,23069.92,ACTIVE,Operator_209
COMM01401,SATCOM_01401,-39.972577,67.408758,2843.72,Ku,21226.42,1717.46,INACTIVE,Operator_236
COMM01402,SATCOM_01402,-36.701517,-137.023154,641.65,S,12912.89,18212.85,INACTIVE,Operator_55
COMM01403,SATCOM_01403,-19.413963,17.19028,19721.59,X,6540.5,8177.19,INACTIVE,Operator_155
COMM01404,SATCOM_01404,-79.576873,-18.049911,26036.88,C,3709.86,14699.02,MAINTENANCE,Operator_84
COMM01405,SATCOM_01405,-14.821917,129.55038,1319.64,Ka,24744.54,26827.86,INACTIVE,Operator_25
COMM01406,SATCOM_01406,-63.621017,-3.709042,7740.2,C,9421.6,2696.84,MAINTENANCE,Operator_58
COMM01407,SATCOM_01407,-81.441673,-67.247857,29137.11,Ka,16121.52,7795.27,MAINTENANCE,Operator_219
COMM01408,SATCOM_01408,-9.362873,-64.293957,10140.1,Ku,27981.08,15029.4,MAINTENANCE,Operator_238
COMM01409,SATCOM_01409,35.680607,34.770548,9118.93,S,7210.88,19222.23,INACTIVE,Operator_170
COMM01410,SATCOM_01410,-20.651243,149.507866,4966.93,Ka,20339.11,24471.88,INACTIVE,Operator_53
COMM01411,SATCOM_01411,-5.104449,113.180989,30791.02,Ku,22696.16,27779.27,INACTIVE,Operator_8
COMM01412,SATCOM_01412,22.140231,-111.868407,10333.13,Ku,24249.59,4396.2,MAINTENANCE,Operator_2
COMM01413,SATCOM_01413,-74.488472,-8.884536,15636.09,L,12647.06,13475.93,INACTIVE,Operator_117
COMM01414,SATCOM_01414,36.119149,-134.53483,682.23,C,1199.35,6167.29,INACTIVE,Operator_154
COMM01415,SATCOM_01415,-27.01078,-137.094869,34518.22,Ka,22315.4,2343.75,INACTIVE,Operator_205
COMM01416,SATCOM_01416,-71.122612,7.298578,8402.29,X,25079.74,1615.62,ACTIVE,Operator_41
COMM01417,SATCOM_01417,36.06602,-74.1827,14268.26,Ka,23623.15,16252.55,MAINTENANCE,Operator_224
COMM01418,SATCOM_01418,26.528401,-126.661474,15260.64,C,9738.17,3975.28,ACTIVE,Operator_44
COMM01419,SATCOM_01419,-47.999062,41.353484,14480.55,L,14188.57,11477.29,MAINTENANCE,Operator_140
COMM01420,SATCOM_01420,55.205256,21.701069,33527.61,Ka,4141.85,4660.85,INACTIVE,Operator_204
COMM01421,SATCOM_01421,84.861643,32.535487,33325.63,X,26538.33,14865.86,INACTIVE,Operator_192
COMM01422,SATCOM_01422,46.430561,-107.62339,17680.46,S,4401.69,6267.81,INACTIVE,Operator_125
COMM01423,SATCOM_01423,35.496876,39.997797,5508.26,L,29383.51,5860.88,MAINTENANCE,Operator_168
COMM01424,SATCOM_01424,8.101537,-101.466711,21494.09,S,16581.99,2419.0,MAINTENANCE,Operator_48
COMM01425,SATCOM_01425,72.277596,-83.080507,15920.88,S,5147.3,16447.39,INACTIVE,Operator_114
COMM01426,SATCOM_01426,-66.361298,95.291632,6194.19,C,24809.05,22062.42,MAINTENANCE,Operator_47
COMM01427,SATCOM_01427,-17.190928,70.815278,12376.78,Ka,6163.85,11639.44,INACTIVE,Operator_189
COMM01428,SATCOM_01428,-32.529002,-34.343306,34465.26,X,5188.43,3983.48,MAINTENANCE,Operator_208
COMM01429,SATCOM_01429,-75.724153,-155.616445,900.66,C,25264.43,16703.45,MAINTENANCE,Operator_107
COMM01430,SATCOM_01430,-33.462434,10.044383,31548.56,C,29326.93,14959.68,ACTIVE,Operator_71
COMM01431,SATCOM_01431,-73.691739,-23.750879,18805.0,C,25182.46,20693.67,INACTIVE,Operator_84
COMM01432,SATCOM_01432,-79.755489,80.831486,7314.56,Ku,13385.77,3789.36,ACTIVE,Operator_225
COMM01433,SATCOM_01433,-89.350181,-150.869066,5816.91,Ka,25913.39,12459.1,MAINTENANCE,Operator_84
COMM01434,SATCOM_01434,20.654988,19.737498,22820.13,Ka,9862.68,1744.38,ACTIVE,Operator_209
COMM01435,SATCOM_01435,43.634803,-179.138132,13675.35,X,21544.11,14514.83,INACTIVE,Operator_37
COMM01436,SATCOM_01436,-63.258852,133.738036,30853.8,X,26211.17,15544.1,ACTIVE,Operator_152
COMM01437,SATCOM_01437,54.495688,-38.798466,12023.16,L,6375.96,25111.8,ACTIVE,Operator_212
COMM01438,SATCOM_01438,-41.61017,-138.210986,10908.55,S,12038.26,7843.56,ACTIVE,Operator_149
COMM01439,SATCOM_01439,56.5928,-178.287499,27997.97,X,13644.15,8855.14,INACTIVE,Operator_149
COMM01440,SATCOM_01440,23.022473,164.517084,25332.31,L,27717.65,20532.57,ACTIVE,Operator_111
COMM01441,SATCOM_01441,-58.510405,-31.598064,23595.99,Ku,26310.17,27305.35,INACTIVE,Operator_183
COMM01442,SATCOM_01442,-20.302111,160.309301,7836.66,Ku,20608.48,12596.05,MAINTENANCE,Operator_123
COMM01443,SATCOM_01443,53.127974,137.097498,11023.64,X,11961.63,7270.18,MAINTENANCE,Operator_101
COMM01444,SATCOM_01444,40.196665,-52.205552,15949.12,Ku,3679.43,14981.41,ACTIVE,Operator_33
COMM01445,SATCOM_01445,19.734291,159.813041,25474.27,C,28416.48,28732.69,ACTIVE,Operator_50
COMM01446,SATCOM_01446,-62.985854,-7.254895,7014.25,C,2808.71,4178.41,MAINTENANCE,Operator_83
COMM01447,SATCOM_01447,73.376961,-1.620135,25933.22,C,19361.62,29740.69,ACTIVE,Operator_169
COMM01448,SATCOM_01448,-23.051789,-142.977855,5333.32,Ka,10027.41,29358.22,ACTIVE,Operator_39
COMM01449,SATCOM_01449,-87.699514,-147.062487,24427.46,Ku,17376.94,20578.71,ACTIVE,Operator_210
COMM01450,SATCOM_01450,75.124866,87.077967,882.31,Ka,8903.93,9669.79,MAINTENANCE,Operator_89
COMM01451,SATCOM_01451,-89.666715,-75.386439,4843.6,S,12418.25,10751.71,ACTIVE,Operator_36
COMM01452,SATCOM_01452,-57.960977,65.273008,4345.3,Ku,19521.83,11689.62,INACTIVE,Operator_185
COMM01453,SATCOM_01453,44.787459,117.446669,23350.27,X,7477.89,8100.25,ACTIVE,Operator_228
COMM01454,SATCOM_01454,17.901105,-113.709788,1097.17,C,10389.25,22623.46,MAINTENANCE,Operator_114
COMM01455,SATCOM_01455,-37.367768,-66.80478,23871.27,Ka,11695.86,26514.79,ACTIVE,Operator_240
COMM01456,SATCOM_01456,77.361828,-71.859957,2640.22,Ku,19208.14,21786.1,MAINTENANCE,Operator_202
COMM01457,SATCOM_01457,-60.199535,-68.303018,8041.15,Ku,29344.21,15560.76,MAINTENANCE,Operator_143
COMM01458,SATCOM_01458,-65.857569,-163.768528,24260.4,S,1807.0,27280.66,ACTIVE,Operator_206
COMM01459,SATCOM_01459,-22.831663,59.794763,33145.28,S,13992.49,13506.4,MAINTENANCE,Operator_189
COMM01460,SATCOM_01460,-78.463313,108.052928,29321.5,S,24871.98,8513.51,INACTIVE,Operator_174
COMM01461,SATCOM_01461,-62.988542,-146.904709,4111.55,Ka,2337.17,19015.71,MAINTENANCE,Operator_53
COMM01462,SATCOM_01462,-35.167237,-161.685505,5162.96,C,20981.75,25261.02,MAINTENANCE,Operator_7
COMM01463,SATCOM_01463,21.369445,111.599122,14445.82,X,12597.73,17939.74,INACTIVE,Operator_18
COMM01464,SATCOM_01464,-85.601171,55.975304,13946.92,X,3267.32,8456.76,ACTIVE,Operator_209
COMM01465,SATCOM_01465,-26.64236,-77.260004,31135.29,L,23397.83,5482.71,MAINTENANCE,Operator_241
COMM01466,SATCOM_01466,14.861612,-146.025803,17754.3,X,24572.9,8302.07,ACTIVE,Operator_56
COMM01467,SATCOM_01467,-48.678794,153.095611,35323.37,S,23066.0,3524.47,INACTIVE,Operator_146
COMM01468,SATCOM_01468,17.003868,74.228002,244.65,C,6410.36,18398.79,MAINTENANCE,Operator_232
COMM01469,SATCOM_01469,-63.264307,165.449564,34831.91,C,11539.8,6251.59,INACTIVE,Operator_181
COMM01470,SATCOM_01470,58.226547,-1.048453,29604.09,S,18587.3,1723.3,ACTIVE,Operator_192
COMM01471,SATCOM_01471,40.991335,-39.998174,19805.5,Ka,14962.74,13539.03,INACTIVE,Operator_16
COMM01472,SATCOM_01472,-14.95895,106.451396,32028.51,Ka,22599.34,17681.88,INACTIVE,Operator_203
COMM01473,SATCOM_01473,82.513496,-100.290099,12382.26,X,6988.09,7932.51,MAINTENANCE,Operator_113
COMM01474,SATCOM_01474,-59.381829,-61.831758,2794.78,L,25781.08,27336.42,MAINTENANCE,Operator_209
COMM01475,SATCOM_01475,9.697987,-161.443369,23944.22,Ka,9365.25,25530.39,INACTIVE,Operator_46
COMM01476,SATCOM_01476,22.893032,89.499665,30103.78,S,27787.81,29190.83,INACTIVE,Operator_93
COMM01477,SATCOM_01477,89.330497,-101.66617,11968.15,L,22206.58,9223.41,ACTIVE,Operator_90
COMM01478,SATCOM_01478,25.210631,26.539763,13578.94,C,25194.04,8828.77,INACTIVE,Operator_14
COMM01479,SATCOM_01479,-44.096408,-141.703078,21923.77,L,16457.79,14344.1,INACTIVE,Operator_114
COMM01480,SATCOM_01480,-30.173446,177.557455,21496.34,C,7201.92,24314.96,INACTIVE,Operator_151
COMM01481,SATCOM_01481,-2.198346,122.67015,29844.55,S,11870.98,18262.67,MAINTENANCE,Operator_38
COMM01482,SATCOM_01482,-49.916699,-48.293896,27480.73,Ka,23264.66,16787.53,MAINTENANCE,Operator_94
COMM01483,SATCOM_01483,87.622126,-33.483994,27323.31,Ku,7157.45,5643.48,INACTIVE,Operator_24
COMM01484,SATCOM_01484,41.237455,108.844271,12241.0,C,13779.43,27745.06,MAINTENANCE,Operator_244
COMM01485,SATCOM_01485,54.862191,-65.260351,11903.76,Ka,14752.72,22203.84,ACTIVE,Operator_118
COMM01486,SATCOM_01486,47.573757,-6.323071,15651.49,Ka,1721.69,5475.86,INACTIVE,Operator_23
COMM01487,SATCOM_01487,-86.660231,-83.376193,8292.53,Ka,20189.75,5846.72,INACTIVE,Operator_32
COMM01488,SATCOM_01488,26.899191,-34.969271,13705.93,L,17460.56,17089.53,ACTIVE,Operator_218
COMM01489,SATCOM_01489,-2.674554,-26.976217,4340.78,Ku,17989.49,7776.6,MAINTENANCE,Operator_3
COMM01490,SATCOM_01490,80.010234,161.698713,28462.0,Ku,25809.02,22397.67,MAINTENANCE,Operator_164
COMM01491,SATCOM_01491,83.675734,147.625772,32020.5,L,20680.94,25543.18,INACTIVE,Operator_108
COMM01492,SATCOM_01492,25.522766,-162.022827,1572.23,Ku,16021.94,8071.14,INACTIVE,Operator_246
COMM01493,SATCOM_01493,-8.625258,-131.137118,1214.46,Ka,15718.02,16858.16,ACTIVE,Operator_17
COMM01494,SATCOM_01494,71.666425,128.342462,29827.42,S,24197.11,25962.62,MAINTENANCE,Operator_242
COMM01495,SATCOM_01495,-31.841792,-82.23059,24273.84,L,9770.56,6599.63,MAINTENANCE,Operator_116
COMM01496,SATCOM_01496,86.070633,-38.068945,8446.59,X,15680.19,14172.44,MAINTENANCE,Operator_101
COMM01497,SATCOM_01497,59.979678,100.637454,19948.03,S,10079.35,8535.5,INACTIVE,Operator_241
COMM01498,SATCOM_01498,-40.572002,179.984986,28441.33,L,13573.17,29254.44,INACTIVE,Operator_74
COMM01499,SATCOM_01499,-71.942546,-143.907307,20115.92,C,19918.09,16775.91,INACTIVE,Operator_228
COMM01500,SATCOM_01500,-5.579827,-128.816476,8749.31,L,15718.63,20593.23,INACTIVE,Operator_54
COMM01501,SATCOM_01501,-4.155723,131.519291,3282.86,Ku,24210.96,11503.14,MAINTENANCE,Operator_168
COMM01502,SATCOM_01502,-64.225453,76.092123,23060.89,S,18991.56,10395.25,ACTIVE,Operator_104
COMM01503,SATCOM_01503,-10.95418,-52.276668,12600.91,L,11379.17,10942.09,ACTIVE,Operator_160
COMM01504,SATCOM_01504,-51.836085,-60.79404,31732.46,C,29609.09,2359.94,ACTIVE,Operator_185
COMM01505,SATCOM_01505,79.994297,127.79632,32447.45,C,8437.43,1970.32,ACTIVE,Operator_202
COMM01506,SATCOM_01506,81.306307,-162.397937,18742.61,Ku,7173.82,16135.35,INACTIVE,Operator_155
COMM01507,SATCOM_01507,-62.354383,-10.072462,27873.28,L,21668.67,11676.02,INACTIVE,Operator_247
COMM01508,SATCOM_01508,-60.981292,-132.110482,2174.05,Ka,17821.8,16226.21,INACTIVE,Operator_30
COMM01509,SATCOM_01509,-31.317263,116.508669,21322.91,C,23624.12,7348.77,MAINTENANCE,Operator_202
COMM01510,SATCOM_01510,5.31156,121.793011,29803.9,S,19252.28,6793.43,INACTIVE,Operator_80
COMM01511,SATCOM_01511,79.231054,-98.67825,32427.87,Ku,7902.63,4778.23,MAINTENANCE,Operator_222
COMM01512,SATCOM_01512,18.473637,62.10653,26125.34,X,1701.69,22245.68,INACTIVE,Operator_118
COMM01513,SATCOM_01513,62.156649,69.612397,21548.7,X,1542.36,25557.82,ACTIVE,Operator_108
COMM01514,SATCOM_01514,-83.829624,-39.363979,23726.12,Ku,3535.48,6430.6,INACTIVE,Operator_115
COMM01515,SATCOM_01515,-43.679283,32.849295,14081.93,C,21077.27,7284.62,INACTIVE,Operator_126
COMM01516,SATCOM_01516,-23.5078,-49.254456,33848.71,S,23109.36,26298.78,INACTIVE,Operator_81
COMM01517,SATCOM_01517,-9.708043,84.519074,3497.09,C,24386.5,27217.92,INACTIVE,Operator_169
COMM01518,SATCOM_01518,37.619431,4.681656,20215.71,C,10356.06,4157.33,MAINTENANCE,Operator_184
COMM01519,SATCOM_01519,-11.409281,172.898432,21928.96,L,2016.55,1403.93,MAINTENANCE,Operator_164
COMM01520,SATCOM_01520,48.712384,-179.704538,14198.08,C,3831.97,24839.72,INACTIVE,Operator_61
COMM01521,SATCOM_01521,-12.696308,-168.023866,28824.87,Ku,23423.01,24191.54,MAINTENANCE,Operator_212
COMM01522,SATCOM_01522,55.058479,-72.451658,31009.54,Ka,24064.12,3080.02,MAINTENANCE,Operator_181
COMM01523,SATCOM_01523,47.937211,-20.844592,35877.77,S,21819.2,23078.08,INACTIVE,Operator_47
COMM01524,SATCOM_01524,-11.165217,-41.648638,5692.72,Ku,21531.49,12306.34,ACTIVE,Operator_18
COMM01525,SATCOM_01525,-53.96862,144.330071,19755.24,S,25455.63,10301.63,MAINTENANCE,Operator_158
COMM01526,SATCOM_01526,-42.75563,-28.857453,2899.63,Ku,5432.47,26359.77,MAINTENANCE,Operator_46
COMM01527,SATCOM_01527,-4.785289,-160.847576,24057.09,S,24881.25,10556.28,ACTIVE,Operator_150
COMM01528,SATCOM_01528,-20.815276,23.582559,3001.38,X,4074.62,22650.03,ACTIVE,Operator_133
COMM01529,SATCOM_01529,-13.248007,-125.14051,8238.42,C,23676.74,27840.08,ACTIVE,Operator_134
COMM01530,SATCOM_01530,78.147639,-12.214932,35444.43,L,2848.2,20928.13,MAINTENANCE,Operator_99
COMM01531,SATCOM_01531,74.640302,-150.304851,28432.39,C,17137.98,22109.48,INACTIVE,Operator_198
COMM01532,SATCOM_01532,-37.792399,96.272199,16714.25,C,21794.47,17678.25,ACTIVE,Operator_114
COMM01533,SATCOM_01533,-54.415449,-26.09512,6863.5,Ka,15403.15,8738.74,ACTIVE,Operator_82
COMM01534,SATCOM_01534,84.404366,69.336352,21667.72,X,9123.58,29364.24,INACTIVE,Operator_39
COMM01535,SATCOM_01535,-34.219996,-33.069391,23291.04,Ka,25324.99,27146.5,ACTIVE,Operator_163
COMM01536,SATCOM_01536,21.617578,31.590372,30894.13,X,3374.23,4010.53,MAINTENANCE,Operator_40
COMM01537,SATCOM_01537,-26.605529,75.356516,981.5,C,11031.88,3788.64,MAINTENANCE,Operator_142
COMM01538,SATCOM_01538,36.941187,48.769572,10614.68,C,6456.24,17189.45,INACTIVE,Operator_180
COMM01539,SATCOM_01539,-15.055137,140.958817,19668.8,Ku,14747.01,1321.17,MAINTENANCE,Operator_175
COMM01540,SATCOM_01540,71.048239,75.587615,12318.92,Ku,28792.57,27447.1,ACTIVE,Operator_177
COMM01541,SATCOM_01541,1.993384,74.835121,13323.46,L,20304.64,18858.68,INACTIVE,Operator_31
COMM01542,SATCOM_01542,44.118586,166.077434,29164.34,L,8634.51,3268.45,MAINTENANCE,Operator_139
COMM01543,SATCOM_01543,72.745355,159.722168,20268.94,L,11646.66,1031.83,ACTIVE,Operator_63
COMM01544,SATCOM_01544,78.101145,11.546486,7236.57,L,26487.27,3350.81,MAINTENANCE,Operator_226
COMM01545,SATCOM_01545,54.734561,-14.92901,12864.5,X,8054.65,21131.21,MAINTENANCE,Operator_218
COMM01546,SATCOM_01546,53.427038,-13.499482,34445.07,C,20286.48,21607.02,ACTIVE,Operator_77
COMM01547,SATCOM_01547,40.574881,-150.691949,2116.25,C,28294.76,20125.59,MAINTENANCE,Operator_43
COMM01548,SATCOM_01548,-34.739549,-81.846342,15926.84,Ku,22527.16,29677.8,MAINTENANCE,Operator_121
COMM01549,SATCOM_01549,-18.76733,-88.964371,11083.5,L,13418.1,13765.58,ACTIVE,Operator_238
COMM01550,SATCOM_01550,89.709892,32.740578,7652.87,L,21764.56,8858.18,ACTIVE,Operator_210
COMM01551,SATCOM_01551,81.34544,-27.392576,26671.68,Ka,26618.06,22513.29,MAINTENANCE,Operator_106
COMM01552,SATCOM_01552,63.683376,47.554903,5052.26,Ku,21258.65,3209.5,INACTIVE,Operator_210
COMM01553,SATCOM_01553,-13.67059,167.486517,25112.42,C,11491.05,7794.15,ACTIVE,Operator_70
COMM01554,SATCOM_01554,-71.681531,-27.316468,20981.96,X,10441.24,24198.18,INACTIVE,Operator_56
COMM01555,SATCOM_01555,47.744937,-51.81847,30500.21,L,23966.38,18084.82,MAINTENANCE,Operator_43
COMM01556,SATCOM_01556,-46.024534,-105.701764,17571.07,L,19806.03,2315.31,MAINTENANCE,Operator_229
COMM01557,SATCOM_01557,-72.402067,126.106586,16020.19,X,17197.71,9894.01,ACTIVE,Operator_21
COMM01558,SATCOM_01558,61.224518,-43.572935,230.36,Ka,9836.99,9315.86,INACTIVE,Operator_112
COMM01559,SATCOM_01559,53.578759,30.771401,29920.54,X,1625.71,10333.59,ACTIVE,Operator_80
COMM01560,SATCOM_01560,54.042756,16.202148,12466.93,S,21484.83,21900.13,ACTIVE,Operator_191
COMM01561,SATCOM_01561,2.039607,51.303208,15051.57,S,16106.35,14213.68,ACTIVE,Operator_233
COMM01562,SATCOM_01562,-50.056832,-33.213747,33565.15,L,14798.86,15083.07,MAINTENANCE,Operator_182
COMM01563,SATCOM_01563,-51.24356,-62.475055,9092.3,C,28527.48,14180.87,INACTIVE,Operator_45
COMM01564,SATCOM_01564,13.433266,-62.526229,9790.59,Ku,18413.77,6626.15,MAINTENANCE,Operator_213
COMM01565,SATCOM_01565,-18.069497,-72.468048,24743.09,Ku,21046.7,21657.26,ACTIVE,Operator_249
COMM01566,SATCOM_01566,83.000314,28.351569,9915.75,Ku,8653.54,2917.35,MAINTENANCE,Operator_74
COMM01567,SATCOM_01567,-23.33349,-2.289251,32580.6,Ka,1100.53,22819.27,ACTIVE,Operator_208
COMM01568,SATCOM_01568,84.180781,-136.698844,7578.84,Ku,23142.24,10054.6,MAINTENANCE,Operator_1
COMM01569,SATCOM_01569,19.559903,-66.605136,20727.65,S,29015.51,19424.54,MAINTENANCE,Operator_144
COMM01570,SATCOM_01570,-12.609356,148.098886,9312.02,Ku,1035.23,3363.19,ACTIVE,Operator_175
COMM01571,SATCOM_01571,-51.664723,50.766168,2524.29,C,25714.3,21194.87,INACTIVE,Operator_245
COMM01572,SATCOM_01572,31.530562,136.939835,16777.04,L,12042.34,1912.37,ACTIVE,Operator_40
COMM01573,SATCOM_01573,-12.935136,-13.71134,15835.36,X,9992.67,15050.32,INACTIVE,Operator_65
COMM01574,SATCOM_01574,-72.11864,36.434462,1123.33,Ku,4966.87,3183.19,INACTIVE,Operator_232
COMM01575,SATCOM_01575,-31.780347,-74.742935,16957.45,L,15061.94,2482.03,ACTIVE,Operator_12
COMM01576,SATCOM_01576,-49.663865,-102.885781,3925.99,C,9554.77,25441.06,ACTIVE,Operator_79
COMM01577,SATCOM_01577,-7.095184,-91.341955,18721.57,Ka,27084.08,2354.7,ACTIVE,Operator_156
COMM01578,SATCOM_01578,-15.405532,-161.030341,13096.11,S,15191.33,9213.92,ACTIVE,Operator_216
COMM01579,SATCOM_01579,24.068193,-105.44045,16215.01,Ka,22322.83,19260.86,INACTIVE,Operator_34
COMM01580,SATCOM_01580,6.194992,24.753888,19448.48,Ka,9928.43,22919.62,MAINTENANCE,Operator_214
COMM01581,SATCOM_01581,39.47774,-164.44502,28979.06,S,29378.07,1739.57,INACTIVE,Operator_18
COMM01582,SATCOM_01582,-45.716768,162.05671,315.59,C,23487.45,8037.2,MAINTENANCE,Operator_83
COMM01583,SATCOM_01583,-71.485302,-80.218177,20593.45,X,17852.65,8420.43,ACTIVE,Operator_117
COMM01584,SATCOM_01584,8.156935,-73.937358,28623.48,Ku,1269.12,24824.16,INACTIVE,Operator_200
COMM01585,SATCOM_01585,51.115913,32.833364,21724.92,X,15117.49,26377.68,MAINTENANCE,Operator_89
COMM01586,SATCOM_01586,-31.002934,66.210999,9629.25,Ku,5096.06,8178.93,ACTIVE,Operator_63
COMM01587,SATCOM_01587,77.761044,-117.673006,317.36,Ku,5456.22,14566.37,INACTIVE,Operator_208
COMM01588,SATCOM_01588,36.644713,-96.467234,10636.13,C,16536.07,15924.19,INACTIVE,Operator_71
COMM01589,SATCOM_01589,-74.071942,100.705747,26234.27,Ku,16499.68,7009.78,ACTIVE,Operator_217
COMM01590,SATCOM_01590,12.815285,-57.344706,27083.2,L,13872.94,8698.8,ACTIVE,Operator_227
COMM01591,SATCOM_01591,-49.449629,100.095113,8189.2,Ka,26612.99,29462.56,INACTIVE,Operator_52
COMM01592,SATCOM_01592,-50.125955,158.527621,35087.26,Ku,10708.84,14927.53,INACTIVE,Operator_187
COMM01593,SATCOM_01593,60.679449,-13.38062,13378.86,L,17039.22,22446.12,ACTIVE,Operator_120
COMM01594,SATCOM_01594,-48.128801,29.87062,22791.73,S,1204.58,11450.83,ACTIVE,Operator_226
COMM01595,SATCOM_01595,33.526704,177.90772,34806.73,X,12859.18,8152.27,ACTIVE,Operator_74
COMM01596,SATCOM_01596,-1.299494,57.684288,33831.73,Ka,21852.95,19783.79,INACTIVE,Operator_80
COMM01597,SATCOM_01597,17.156933,-177.671414,13846.27,S,18895.41,28803.42,ACTIVE,Operator_10
COMM01598,SATCOM_01598,51.4091,92.034039,30993.84,C,3332.72,15923.46,INACTIVE,Operator_229
COMM01599,SATCOM_01599,-27.111912,-14.174865,26885.36,Ku,1650.43,26290.95,INACTIVE,Operator_113
COMM01600,SATCOM_01600,19.228735,0.463945,23520.38,X,17068.39,11499.01,MAINTENANCE,Operator_201
COMM01601,SATCOM_01601,-15.242239,-24.830817,2909.39,X,25859.66,5935.63,MAINTENANCE,Operator_55
COMM01602,SATCOM_01602,21.215005,-101.859619,6247.33,Ku,9349.93,20795.72,ACTIVE,Operator_138
COMM01603,SATCOM_01603,78.94709,-127.625583,32877.75,Ka,26348.86,29994.79,INACTIVE,Operator_89
COMM01604,SATCOM_01604,-64.029647,109.265409,13021.99,Ka,17406.07,1720.04,ACTIVE,Operator_233
COMM01605,SATCOM_01605,42.807041,-26.389685,19343.57,X,1828.2,14633.32,MAINTENANCE,Operator_164
COMM01606,SATCOM_01606,-81.246912,124.676003,1501.93,S,29477.49,17929.59,INACTIVE,Operator_179
COMM01607,SATCOM_01607,31.305285,-108.18417,5128.41,Ku,23613.76,3918.01,MAINTENANCE,Operator_56
COMM01608,SATCOM_01608,31.538211,41.84956,29166.79,Ku,5829.07,26253.14,INACTIVE,Operator_162
COMM01609,SATCOM_01609,-11.257512,-151.678812,35488.63,Ku,29518.4,6263.4,INACTIVE,Operator_208
COMM01610,SATCOM_01610,23.614896,-166.524822,23852.29,L,23982.94,11489.48,MAINTENANCE,Operator_97
COMM01611,SATCOM_01611,-0.711842,-20.701663,13771.74,Ku,6082.06,6991.59,INACTIVE,Operator_155
COMM01612,SATCOM_01612,32.946362,-31.523919,18456.35,L,21961.76,22213.66,INACTIVE,Operator_184
COMM01613,SATCOM_01613,47.599048,99.180284,6768.33,Ka,7581.77,19323.1,ACTIVE,Operator_170
COMM01614,SATCOM_01614,-9.353982,16.57044,8549.64,Ku,5030.9,28521.91,INACTIVE,Operator_6
COMM01615,SATCOM_01615,32.783655,-28.664015,13970.41,Ku,27254.82,5734.12,MAINTENANCE,Operator_27
COMM01616,SATCOM_01616,-83.624763,-87.209894,17379.35,Ka,17821.78,18935.56,INACTIVE,Operator_118
COMM01617,SATCOM_01617,-72.940222,-82.725949,10780.33,C,6099.95,15181.03,ACTIVE,Operator_1
COMM01618,SATCOM_01618,-80.978577,29.07624,24961.75,X,20297.63,19867.52,INACTIVE,Operator_121
COMM01619,SATCOM_01619,-57.909483,-44.431388,12269.17,C,17816.57,14107.91,ACTIVE,Operator_4
COMM01620,SATCOM_01620,-50.467732,117.495117,22247.06,Ku,24572.94,11875.69,MAINTENANCE,Operator_236
COMM01621,SATCOM_01621,86.250287,-134.421585,8176.83,Ku,12175.13,28859.58,ACTIVE,Operator_227
COMM01622,SATCOM_01622,49.509274,-124.196637,19430.26,C,19628.95,26127.69,INACTIVE,Operator_54
COMM01623,SATCOM_01623,78.128878,-100.650732,10213.52,L,16855.01,12018.52,MAINTENANCE,Operator_11
COMM01624,SATCOM_01624,34.528701,-25.539298,17401.1,C,22005.65,18975.92,ACTIVE,Operator_220
COMM01625,SATCOM_01625,63.097992,103.972398,18584.24,C,22074.0,3916.41,MAINTENANCE,Operator_214
COMM01626,SATCOM_01626,-1.923403,151.642425,17006.29,Ka,22757.38,24061.72,INACTIVE,Operator_143
COMM01627,SATCOM_01627,-51.664877,-5.860497,23215.03,L,17641.27,29149.4,INACTIVE,Operator_213
COMM01628,SATCOM_01628,80.590375,-47.723772,4555.8,C,9975.28,20920.3,ACTIVE,Operator_199
COMM01629,SATCOM_01629,-2.552584,-48.343394,32859.1,Ka,3818.51,19653.73,ACTIVE,Operator_117
COMM01630,SATCOM_01630,0.192499,137.519299,24809.2,L,23946.21,11302.61,MAINTENANCE,Operator_108
COMM01631,SATCOM_01631,6.951349,38.928533,3376.36,S,12104.85,28064.42,INACTIVE,Operator_245
COMM01632,SATCOM_01632,-69.634267,61.539457,33482.86,S,3423.83,19655.25,ACTIVE,Operator_39
COMM01633,SATCOM_01633,-37.848434,138.202891,28946.18,C,22734.42,9169.89,INACTIVE,Operator_50
COMM01634,SATCOM_01634,-15.014415,-141.998319,8532.18,Ku,3278.26,14579.87,MAINTENANCE,Operator_170
COMM01635,SATCOM_01635,-17.964176,-35.303899,444.73,C,23840.63,17154.14,MAINTENANCE,Operator_56
COMM01636,SATCOM_01636,-71.965619,88.572917,3752.41,Ka,17237.48,24254.95,ACTIVE,Operator_157
COMM01637,SATCOM_01637,10.540622,-60.081676,10584.03,C,17453.27,21487.8,INACTIVE,Operator_150
COMM01638,SATCOM_01638,-36.195871,133.774717,8982.77,S,19288.27,3511.42,INACTIVE,Operator_76
COMM01639,SATCOM_01639,-55.122841,-172.759935,17124.39,S,18410.35,23947.91,INACTIVE,Operator_149
COMM01640,SATCOM_01640,34.222699,68.648076,5241.32,X,18964.69,21279.23,ACTIVE,Operator_173
COMM01641,SATCOM_01641,89.867185,55.103133,6389.02,X,26881.86,3174.03,INACTIVE,Operator_159
COMM01642,SATCOM_01642,64.884895,-11.637898,23498.86,Ku,4155.56,10397.01,MAINTENANCE,Operator_82
COMM01643,SATCOM_01643,-18.194623,-154.353816,3083.01,X,9223.53,28474.16,INACTIVE,Operator_193
COMM01644,SATCOM_01644,17.971496,103.164567,4810.31,Ku,3758.66,28791.34,ACTIVE,Operator_153
COMM01645,SATCOM_01645,-40.879188,-13.166043,18287.04,L,4527.43,2327.55,MAINTENANCE,Operator_17
COMM01646,SATCOM_01646,-72.611852,178.792611,34438.1,L,7880.2,29076.22,INACTIVE,Operator_129
COMM01647,SATCOM_01647,45.277552,-74.541142,17246.95,C,6225.36,5522.72,INACTIVE,Operator_241
COMM01648,SATCOM_01648,29.071629,57.429418,14526.57,C,15990.16,14247.49,INACTIVE,Operator_188
COMM01649,SATCOM_01649,59.967849,-151.53376,35307.96,Ku,28673.02,8393.88,ACTIVE,Operator_143
COMM01650,SATCOM_01650,-66.132368,-60.839009,7013.11,C,23796.78,4325.64,ACTIVE,Operator_90
COMM01651,SATCOM_01651,14.904349,-88.728718,10285.76,L,2705.78,19336.36,INACTIVE,Operator_214
COMM01652,SATCOM_01652,55.519811,-67.567387,21549.42,S,24309.05,16051.88,INACTIVE,Operator_94
COMM01653,SATCOM_01653,-88.581868,102.46987,11376.39,X,7793.19,17387.35,INACTIVE,Operator_15
COMM01654,SATCOM_01654,26.860051,-153.618389,16436.45,S,23640.24,5967.6,ACTIVE,Operator_235
COMM01655,SATCOM_01655,-26.477203,-48.632063,24600.53,L,20375.25,3554.03,MAINTENANCE,Operator_51
COMM01656,SATCOM_01656,-41.782412,-131.305183,21099.06,X,16470.79,9911.28,INACTIVE,Operator_135
COMM01657,SATCOM_01657,4.599048,-108.702834,4072.93,X,21431.06,6703.94,INACTIVE,Operator_34
COMM01658,SATCOM_01658,-63.568706,-55.327907,33792.19,C,6910.35,14981.36,ACTIVE,Operator_110
COMM01659,SATCOM_01659,-58.178638,-40.36605,24482.38,L,1791.41,24654.77,ACTIVE,Operator_26
COMM01660,SATCOM_01660,-52.332628,89.614655,17853.07,X,16864.56,29795.17,MAINTENANCE,Operator_62
COMM01661,SATCOM_01661,-37.604084,137.952171,26819.74,L,15315.64,4444.26,ACTIVE,Operator_39
COMM01662,SATCOM_01662,-55.552827,-56.082577,12254.75,X,29127.89,26474.43,INACTIVE,Operator_127
COMM01663,SATCOM_01663,-54.867573,164.832515,9558.5,L,11411.25,22355.87,INACTIVE,Operator_37
COMM01664,SATCOM_01664,-17.251455,38.497465,9631.06,S,25327.25,18639.87,INACTIVE,Operator_47
COMM01665,SATCOM_01665,32.044935,119.668369,17810.82,Ka,20392.07,17483.48,ACTIVE,Operator_169
COMM01666,SATCOM_01666,-13.625802,43.672921,28474.26,X,17991.41,15267.64,INACTIVE,Operator_244
COMM01667,SATCOM_01667,-1.831001,-21.369415,13255.31,C,19403.41,7005.08,MAINTENANCE,Operator_86
COMM01668,SATCOM_01668,-14.565375,54.024071,34248.84,Ka,20657.24,6754.04,INACTIVE,Operator_234
COMM01669,SATCOM_01669,-20.213716,134.599387,4283.6,Ka,2343.65,17350.21,ACTIVE,Operator_234
COMM01670,SATCOM_01670,-61.000271,164.894973,9699.41,X,4614.02,15775.23,MAINTENANCE,Operator_82
COMM01671,SATCOM_01671,-8.884143,-172.734679,34213.38,C,8602.51,10132.2,ACTIVE,Operator_175
COMM01672,SATCOM_01672,45.814884,-43.958758,35119.94,L,7682.88,11450.26,MAINTENANCE,Operator_217
COMM01673,SATCOM_01673,-40.570798,-109.876719,8840.65,S,21500.5,12535.33,MAINTENANCE,Operator_46
COMM01674,SATCOM_01674,-52.999968,-164.092892,16162.43,Ku,24362.34,16861.71,MAINTENANCE,Operator_25
COMM01675,SATCOM_01675,-0.267309,-48.199988,11602.74,Ka,26811.68,26338.45,ACTIVE,Operator_175
COMM01676,SATCOM_01676,6.954703,81.930369,30938.52,X,16842.9,18629.61,MAINTENANCE,Operator_25
COMM01677,SATCOM_01677,30.204372,70.615066,9899.72,X,2638.52,22600.51,INACTIVE,Operator_195
COMM01678,SATCOM_01678,59.011014,89.566555,13916.74,L,18355.06,14880.99,ACTIVE,Operator_177
COMM01679,SATCOM_01679,53.622739,126.339576,753.82,S,5075.29,10046.11,INACTIVE,Operator_34
COMM01680,SATCOM_01680,-22.901612,-171.206973,30340.46,L,29284.44,2424.38,INACTIVE,Operator_248
COMM01681,SATCOM_01681,83.285006,-28.851844,25905.21,S,29511.09,16778.5,ACTIVE,Operator_43
COMM01682,SATCOM_01682,-39.418789,125.887125,28490.12,C,2288.09,24795.46,MAINTENANCE,Operator_229
COMM01683,SATCOM_01683,39.042098,132.542054,15068.1,L,9233.24,22777.74,INACTIVE,Operator_137
COMM01684,SATCOM_01684,-39.809949,89.239874,19363.64,X,8308.09,20551.45,ACTIVE,Operator_231
COMM01685,SATCOM_01685,63.003614,-17.419624,35367.47,X,16173.46,5131.91,INACTIVE,Operator_224
COMM01686,SATCOM_01686,-67.0059,84.818431,27333.53,L,3521.45,12657.81,INACTIVE,Operator_219
COMM01687,SATCOM_01687,-88.192542,74.488182,1904.49,L,22992.14,9246.63,ACTIVE,Operator_182
COMM01688,SATCOM_01688,-62.707793,-8.533377,1272.8,X,1088.78,5759.63,ACTIVE,Operator_21
COMM01689,SATCOM_01689,13.741984,26.344216,19213.52,C,14414.64,27193.5,MAINTENANCE,Operator_23
COMM01690,SATCOM_01690,14.635368,10.445358,21982.61,S,18941.27,17988.41,INACTIVE,Operator_76
COMM01691,SATCOM_01691,53.937767,-84.302317,1040.15,Ku,21712.29,4877.06,MAINTENANCE,Operator_50
COMM01692,SATCOM_01692,38.331592,163.969852,9232.18,Ku,17741.03,10998.54,INACTIVE,Operator_243
COMM01693,SATCOM_01693,-36.041839,13.250724,35174.22,Ku,21687.31,23906.21,ACTIVE,Operator_108
COMM01694,SATCOM_01694,54.495388,105.232904,3685.81,S,2435.21,15348.65,INACTIVE,Operator_96
COMM01695,SATCOM_01695,-86.279131,119.556826,19438.89,X,16340.37,29766.75,ACTIVE,Operator_28
COMM01696,SATCOM_01696,-73.772175,86.034814,33375.7,C,19537.93,26940.48,MAINTENANCE,Operator_107
COMM01697,SATCOM_01697,45.124796,-128.969377,14898.34,L,15614.3,7450.59,INACTIVE,Operator_60
COMM01698,SATCOM_01698,-72.218338,36.255059,2428.61,C,8274.78,1661.13,INACTIVE,Operator_17
COMM01699,SATCOM_01699,-72.918678,106.11323,23349.59,X,2981.61,22397.51,ACTIVE,Operator_76
COMM01700,SATCOM_01700,-59.038604,88.45087,28437.58,L,7776.25,2801.73,ACTIVE,Operator_174
COMM01701,SATCOM_01701,-70.971288,110.103523,10570.16,Ku,19702.56,19115.34,INACTIVE,Operator_209
COMM01702,SATCOM_01702,48.935251,74.637999,17842.67,L,14510.96,28438.3,INACTIVE,Operator_168
COMM01703,SATCOM_01703,-71.178494,-65.219528,10875.05,L,14405.9,2888.45,ACTIVE,Operator_151
COMM01704,SATCOM_01704,31.091834,56.374642,14247.82,Ku,23094.48,22758.78,ACTIVE,Operator_67
COMM01705,SATCOM_01705,78.13956,3.295876,4892.17,L,9536.86,5206.63,INACTIVE,Operator_170
COMM01706,SATCOM_01706,-54.844106,74.352683,13872.33,L,10931.03,29264.47,MAINTENANCE,Operator_232
COMM01707,SATCOM_01707,-39.604457,-43.247248,21217.96,Ka,14396.94,23410.53,ACTIVE,Operator_174
COMM01708,SATCOM_01708,-26.491938,83.091416,35734.31,Ka,2900.58,14755.3,MAINTENANCE,Operator_152
COMM01709,SATCOM_01709,-82.67799,78.792681,29005.24,C,25084.02,23068.91,MAINTENANCE,Operator_156
COMM01710,SATCOM_01710,46.197021,-41.658657,15988.88,C,10282.36,20278.43,ACTIVE,Operator_162
COMM01711,SATCOM_01711,-17.632904,50.596766,21606.19,Ka,6116.74,10223.28,MAINTENANCE,Operator_180
COMM01712,SATCOM_01712,-72.829672,-43.11293,25368.36,C,7626.14,12115.36,INACTIVE,Operator_180
COMM01713,SATCOM_01713,-56.731436,3.361482,6176.02,Ka,17013.98,12442.45,MAINTENANCE,Operator_128
COMM01714,SATCOM_01714,-62.028195,40.70157,5129.05,S,6371.45,19355.44,ACTIVE,Operator_50
COMM01715,SATCOM_01715,-45.075686,6.746341,26772.33,Ka,1535.82,3080.48,ACTIVE,Operator_187
COMM01716,SATCOM_01716,35.01429,-99.327867,30341.1,Ka,19987.91,28082.54,MAINTENANCE,Operator_52
COMM01717,SATCOM_01717,2.414887,178.943556,29366.28,C,23526.81,17684.18,INACTIVE,Operator_18
COMM01718,SATCOM_01718,69.493592,-34.80281,6674.95,C,15770.03,15868.42,MAINTENANCE,Operator_43
COMM01719,SATCOM_01719,-84.225478,-104.764588,25378.34,X,3322.82,8064.63,MAINTENANCE,Operator_42
COMM01720,SATCOM_01720,54.709086,-57.578161,25051.14,X,16509.34,4483.76,ACTIVE,Operator_6
COMM01721,SATCOM_01721,8.8688,-161.389479,31721.09,S,12711.5,25611.15,ACTIVE,Operator_220
COMM01722,SATCOM_01722,-35.256123,83.381397,4402.74,L,12246.51,2460.46,MAINTENANCE,Operator_87
COMM01723,SATCOM_01723,64.251079,83.036784,4356.95,Ka,4722.47,26495.72,INACTIVE,Operator_213
COMM01724,SATCOM_01724,-11.398559,79.591429,23426.52,C,3344.66,3424.6,INACTIVE,Operator_249
COMM01725,SATCOM_01725,-4.083255,-119.446002,12188.63,Ku,5572.65,21040.81,MAINTENANCE,Operator_213
COMM01726,SATCOM_01726,-23.384847,128.071634,7841.87,Ka,1405.48,26042.11,INACTIVE,Operator_31
COMM01727,SATCOM_01727,-27.656976,58.679981,18946.23,X,27439.86,21230.45,ACTIVE,Operator_44
COMM01728,SATCOM_01728,-74.295635,-19.667407,31374.14,Ku,27536.01,5318.59,INACTIVE,Operator_181
COMM01729,SATCOM_01729,87.528691,-90.073255,22479.14,L,9679.13,22511.83,INACTIVE,Operator_229
COMM01730,SATCOM_01730,-40.284661,-112.761992,12899.92,L,4497.87,12498.21,INACTIVE,Operator_207
COMM01731,SATCOM_01731,-84.572909,-82.805927,12305.97,Ka,16734.53,13661.6,MAINTENANCE,Operator_62
COMM01732,SATCOM_01732,14.082152,-149.315694,20864.76,S,7519.18,11663.38,INACTIVE,Operator_109
COMM01733,SATCOM_01733,52.850672,-149.156911,26220.19,C,1075.77,7260.79,INACTIVE,Operator_122
COMM01734,SATCOM_01734,-62.323256,31.504802,2062.28,Ka,19393.31,9108.53,MAINTENANCE,Operator_53
COMM01735,SATCOM_01735,-32.437179,-69.685341,33556.44,Ka,16635.38,13076.67,INACTIVE,Operator_59
COMM01736,SATCOM_01736,-2.807033,-122.544824,21130.36,Ka,7919.58,3290.26,ACTIVE,Operator_242
COMM01737,SATCOM_01737,2.776527,-148.312519,9544.81,L,16834.28,22300.86,ACTIVE,Operator_70
COMM01738,SATCOM_01738,16.57072,-130.883946,13883.87,X,21159.17,24216.93,INACTIVE,Operator_105
COMM01739,SATCOM_01739,-40.731287,26.042936,30429.59,L,20208.96,10277.35,MAINTENANCE,Operator_31
COMM01740,SATCOM_01740,-54.208504,-49.811766,3071.82,Ka,29552.31,26394.79,ACTIVE,Operator_42
COMM01741,SATCOM_01741,24.792251,116.524239,23340.78,Ka,15468.28,3763.88,INACTIVE,Operator_68
COMM01742,SATCOM_01742,-67.642017,-23.52286,34367.3,Ka,11006.09,7420.67,MAINTENANCE,Operator_44
COMM01743,SATCOM_01743,30.936407,-40.727243,15038.79,L,17645.59,5461.36,INACTIVE,Operator_26
COMM01744,SATCOM_01744,-87.072912,-54.443037,22607.88,X,23770.42,4313.67,MAINTENANCE,Operator_63
COMM01745,SATCOM_01745,-48.06407,18.152647,7451.04,Ka,1726.06,25202.72,INACTIVE,Operator_10
COMM01746,SATCOM_01746,-45.181607,43.1303,9990.24,C,23922.16,24602.79,MAINTENANCE,Operator_21
COMM01747,SATCOM_01747,7.56529,-110.935243,29997.95,L,28483.41,21307.57,ACTIVE,Operator_35
COMM01748,SATCOM_01748,65.813479,152.579006,33218.93,Ka,14960.76,1254.87,MAINTENANCE,Operator_23
COMM01749,SATCOM_01749,-88.95243,-151.433005,17705.12,C,19285.88,10485.43,MAINTENANCE,Operator_163
COMM01750,SATCOM_01750,42.084834,167.128321,13774.39,Ka,11074.21,14400.14,MAINTENANCE,Operator_69
COMM01751,SATCOM_01751,10.040257,36.782213,19688.42,C,13348.08,28512.59,MAINTENANCE,Operator_171
COMM01752,SATCOM_01752,-51.025427,153.841049,26419.61,L,2569.16,12368.73,INACTIVE,Operator_67
COMM01753,SATCOM_01753,-79.739055,-91.610045,21988.99,Ka,18674.79,5381.75,MAINTENANCE,Operator_58
COMM01754,SATCOM_01754,-24.933118,167.449593,30551.3,X,22966.23,13981.83,INACTIVE,Operator_123
COMM01755,SATCOM_01755,-6.18747,-168.982085,7531.85,Ku,5503.59,20366.62,ACTIVE,Operator_213
COMM01756,SATCOM_01756,41.198137,11.990003,19853.34,Ku,22306.96,28663.32,MAINTENANCE,Operator_77
COMM01757,SATCOM_01757,-12.197351,-92.696605,12972.25,L,17279.83,11721.71,MAINTENANCE,Operator_224
COMM01758,SATCOM_01758,43.40255,-37.35752,3512.22,L,17535.35,12322.23,ACTIVE,Operator_232
COMM01759,SATCOM_01759,-50.845685,136.776944,32813.15,C,14266.24,12948.52,MAINTENANCE,Operator_18
COMM01760,SATCOM_01760,-35.191508,30.342687,34853.43,Ku,10189.81,16390.85,ACTIVE,Operator_84
COMM01761,SATCOM_01761,39.287683,-131.35372,6358.2,Ka,1742.44,21597.02,INACTIVE,Operator_82
COMM01762,SATCOM_01762,-79.986285,8.334506,18115.47,C,1870.13,6508.32,MAINTENANCE,Operator_200
COMM01763,SATCOM_01763,-80.504258,115.997227,2254.17,L,6851.38,14790.99,MAINTENANCE,Operator_78
COMM01764,SATCOM_01764,48.211726,165.313623,9821.67,L,14853.44,9789.7,INACTIVE,Operator_222
COMM01765,SATCOM_01765,78.167713,-70.195379,2578.72,Ku,7614.9,11854.4,ACTIVE,Operator_241
COMM01766,SATCOM_01766,59.411437,-110.931348,9112.6,S,26336.58,20929.85,ACTIVE,Operator_62
COMM01767,SATCOM_01767,-31.91616,-19.063294,8887.26,S,13862.55,28553.03,MAINTENANCE,Operator_141
COMM01768,SATCOM_01768,44.119223,74.414777,7669.37,L,17538.73,14352.49,MAINTENANCE,Operator_245
COMM01769,SATCOM_01769,21.405454,114.827691,9717.42,Ku,26937.28,8665.31,MAINTENANCE,Operator_221
COMM01770,SATCOM_01770,49.885174,163.229112,12927.09,S,21599.39,14545.77,ACTIVE,Operator_237
COMM01771,SATCOM_01771,5.836942,-27.540151,19112.32,Ku,10548.04,14808.41,ACTIVE,Operator_240
COMM01772,SATCOM_01772,-13.325828,91.50767,14118.37,S,20748.24,18754.22,MAINTENANCE,Operator_15
COMM01773,SATCOM_01773,-24.99885,140.452914,14306.79,L,22001.76,10217.37,MAINTENANCE,Operator_99
COMM01774,SATCOM_01774,16.957387,-17.947945,9932.96,X,14923.23,10020.31,MAINTENANCE,Operator_109
COMM01775,SATCOM_01775,40.741259,71.609266,14650.27,C,11103.01,18517.56,INACTIVE,Operator_90
COMM01776,SATCOM_01776,68.563285,-87.897524,12013.81,C,1515.67,24440.85,INACTIVE,Operator_9
COMM01777,SATCOM_01777,-20.019549,107.265354,2066.64,L,9397.53,26635.26,INACTIVE,Operator_181
COMM01778,SATCOM_01778,-13.572051,-76.750134,26200.62,C,16628.32,2139.18,MAINTENANCE,Operator_100
COMM01779,SATCOM_01779,-69.736756,136.950443,18517.73,L,24511.42,23736.16,INACTIVE,Operator_186
COMM01780,SATCOM_01780,28.808707,99.188524,6564.16,S,16136.07,10977.76,ACTIVE,Operator_29
COMM01781,SATCOM_01781,-31.771289,-106.835845,14661.21,S,14877.7,27806.17,INACTIVE,Operator_104
COMM01782,SATCOM_01782,73.616462,-77.660563,9920.37,L,15029.89,7254.83,INACTIVE,Operator_41
COMM01783,SATCOM_01783,42.099699,3.070384,29971.07,Ku,1663.98,6951.99,ACTIVE,Operator_15
COMM01784,SATCOM_01784,54.355874,-3.833552,17566.38,Ka,24240.01,3589.22,MAINTENANCE,Operator_225
COMM01785,SATCOM_01785,-88.604823,-116.617669,25714.77,C,2064.63,25203.02,MAINTENANCE,Operator_140
COMM01786,SATCOM_01786,-84.593011,158.773145,12687.84,Ku,24501.27,23021.83,MAINTENANCE,Operator_144
COMM01787,SATCOM_01787,61.082351,118.691949,7902.09,Ka,17559.26,23841.24,ACTIVE,Operator_69
COMM01788,SATCOM_01788,65.163578,-157.184533,35491.31,L,16946.8,25356.82,INACTIVE,Operator_220
COMM01789,SATCOM_01789,-44.786899,-87.86202,18825.97,Ku,21879.67,15315.57,ACTIVE,Operator_47
COMM01790,SATCOM_01790,0.186365,155.991782,28068.56,X,29347.57,27927.03,INACTIVE,Operator_122
COMM01791,SATCOM_01791,-47.679504,106.628466,7042.89,C,17935.1,23629.84,ACTIVE,Operator_229
COMM01792,SATCOM_01792,84.268898,-43.356973,1946.93,L,13937.78,18854.75,INACTIVE,Operator_195
COMM01793,SATCOM_01793,-69.970241,-132.337232,15285.49,L,20939.34,28897.85,MAINTENANCE,Operator_124
COMM01794,SATCOM_01794,8.45916,3.706455,13238.48,Ka,18732.32,23198.67,MAINTENANCE,Operator_217
COMM01795,SATCOM_01795,88.596381,53.219524,8210.59,X,18841.99,26823.55,INACTIVE,Operator_171
COMM01796,SATCOM_01796,37.976489,18.662331,34493.57,L,26325.84,18557.09,MAINTENANCE,Operator_193
COMM01797,SATCOM_01797,-18.534922,-141.879352,26414.07,Ku,26792.69,14122.07,INACTIVE,Operator_141
COMM01798,SATCOM_01798,-15.411091,-177.438024,6390.77,Ku,14407.21,16208.82,ACTIVE,Operator_194
COMM01799,SATCOM_01799,-23.633214,95.435376,12056.58,S,2009.38,7219.37,ACTIVE,Operator_92
COMM01800,SATCOM_01800,33.869512,73.561399,9681.79,X,26139.24,25572.34,MAINTENANCE,Operator_166
COMM01801,SATCOM_01801,-22.295106,-106.926439,12813.23,C,14014.84,21285.15,MAINTENANCE,Operator_131
COMM01802,SATCOM_01802,36.26543,4.403197,11640.42,S,28626.3,23431.33,INACTIVE,Operator_124
COMM01803,SATCOM_01803,-57.224914,99.684647,31342.58,L,1954.86,17222.83,ACTIVE,Operator_17
COMM01804,SATCOM_01804,18.476018,-102.210926,9467.78,Ka,20777.65,24397.74,ACTIVE,Operator_205
COMM01805,SATCOM_01805,-35.619722,-51.910024,16785.46,X,16183.71,15679.03,INACTIVE,Operator_81
COMM01806,SATCOM_01806,-86.339575,132.722781,21518.34,C,9215.63,20591.71,INACTIVE,Operator_90
COMM01807,SATCOM_01807,-28.250468,-55.919084,6632.53,X,20412.97,17384.73,MAINTENANCE,Operator_243
COMM01808,SATCOM_01808,51.658141,4.203927,9552.39,Ka,29052.06,4640.67,MAINTENANCE,Operator_215
COMM01809,SATCOM_01809,43.766452,157.262783,5560.77,X,10036.14,28861.81,INACTIVE,Operator_148
COMM01810,SATCOM_01810,-14.512484,-131.937814,18887.63,Ka,7419.73,29994.28,INACTIVE,Operator_208
COMM01811,SATCOM_01811,-21.29173,-1.924189,11511.75,Ka,3262.19,2886.69,MAINTENANCE,Operator_102
COMM01812,SATCOM_01812,13.860658,173.827338,16885.64,L,11615.4,2258.12,INACTIVE,Operator_193
COMM01813,SATCOM_01813,7.973719,2.306806,12019.52,Ku,2420.5,9448.33,INACTIVE,Operator_209
COMM01814,SATCOM_01814,12.418012,-43.591949,12160.39,S,17658.56,17842.52,INACTIVE,Operator_32
COMM01815,SATCOM_01815,12.664413,-149.471455,19983.65,X,25306.15,21978.02,INACTIVE,Operator_47
COMM01816,SATCOM_01816,54.222138,26.835806,26791.42,X,27575.41,20673.68,INACTIVE,Operator_92
COMM01817,SATCOM_01817,87.363746,81.737655,3103.85,X,12872.83,17240.6,ACTIVE,Operator_204
COMM01818,SATCOM_01818,59.243611,115.359689,10440.86,C,1014.77,14680.95,ACTIVE,Operator_150
COMM01819,SATCOM_01819,-69.076978,-116.172833,5368.0,Ka,16374.06,20754.89,ACTIVE,Operator_196
COMM01820,SATCOM_01820,-78.306282,-19.68493,937.07,Ka,25528.47,9566.99,ACTIVE,Operator_31
COMM01821,SATCOM_01821,89.4808,177.263529,29211.35,L,2616.47,20231.21,MAINTENANCE,Operator_221
COMM01822,SATCOM_01822,36.406625,-166.592194,24552.93,X,7186.25,16123.32,ACTIVE,Operator_46
COMM01823,SATCOM_01823,55.090907,-56.789899,12014.67,C,2758.02,2602.23,MAINTENANCE,Operator_100
COMM01824,SATCOM_01824,-24.955051,163.684433,17435.31,L,8688.6,16929.57,INACTIVE,Operator_2
COMM01825,SATCOM_01825,-47.386362,164.050793,9317.64,C,29603.63,7500.59,ACTIVE,Operator_112
COMM01826,SATCOM_01826,-44.819416,-58.466835,35461.15,C,23680.64,8206.13,MAINTENANCE,Operator_119
COMM01827,SATCOM_01827,76.529499,118.351605,16522.98,X,13783.94,16540.01,ACTIVE,Operator_198
COMM01828,SATCOM_01828,-66.040566,-111.268001,35640.11,Ku,17472.37,13796.87,INACTIVE,Operator_116
COMM01829,SATCOM_01829,34.185438,82.53083,26505.51,Ka,7651.65,18904.31,ACTIVE,Operator_58
COMM01830,SATCOM_01830,70.68777,166.914517,4368.34,L,11443.22,24784.09,MAINTENANCE,Operator_198
COMM01831,SATCOM_01831,-75.852253,-66.955794,8128.98,S,16623.51,28152.24,MAINTENANCE,Operator_204
COMM01832,SATCOM_01832,-30.998881,-178.815598,16702.95,Ku,12772.32,14769.97,MAINTENANCE,Operator_62
COMM01833,SATCOM_01833,-51.214835,143.897369,35356.07,S,7689.33,8824.79,MAINTENANCE,Operator_136
COMM01834,SATCOM_01834,-43.306315,-165.070182,17270.31,Ka,21593.07,6743.35,INACTIVE,Operator_30
COMM01835,SATCOM_01835,-15.945904,105.084097,907.89,Ka,25510.55,29200.67,INACTIVE,Operator_55
COMM01836,SATCOM_01836,59.925723,136.481813,8362.05,Ka,27755.15,3724.79,MAINTENANCE,Operator_162
COMM01837,SATCOM_01837,7.491361,27.859852,33302.11,C,16458.63,10937.1,INACTIVE,Operator_83
COMM01838,SATCOM_01838,-65.136521,121.290106,25043.37,Ka,28489.69,26864.48,MAINTENANCE,Operator_106
COMM01839,SATCOM_01839,86.889186,-1.611964,29226.26,X,29084.02,15809.15,ACTIVE,Operator_67
COMM01840,SATCOM_01840,-28.113444,-106.313612,20283.59,L,8314.62,4513.53,INACTIVE,Operator_60
COMM01841,SATCOM_01841,81.374935,-114.919283,390.33,C,2620.89,6116.97,MAINTENANCE,Operator_164
COMM01842,SATCOM_01842,25.172586,-9.580285,18510.61,X,11904.86,2271.4,ACTIVE,Operator_221
COMM01843,SATCOM_01843,-49.140007,22.492561,35871.4,X,25884.9,27917.31,INACTIVE,Operator_90
COMM01844,SATCOM_01844,17.562169,-96.781165,5166.98,L,7945.37,4668.44,ACTIVE,Operator_243
COMM01845,SATCOM_01845,56.803218,-33.081941,10031.23,C,7393.67,17115.79,ACTIVE,Operator_123
COMM01846,SATCOM_01846,-57.429264,6.120123,6267.59,C,8865.28,4002.21,MAINTENANCE,Operator_90
COMM01847,SATCOM_01847,44.411846,82.863888,21395.07,Ku,18498.96,6585.34,ACTIVE,Operator_41
COMM01848,SATCOM_01848,66.483096,-15.068839,27570.28,X,8057.01,16771.82,ACTIVE,Operator_184
COMM01849,SATCOM_01849,31.512984,-46.766472,16363.41,Ku,5225.87,17199.58,MAINTENANCE,Operator_52
COMM01850,SATCOM_01850,21.618868,11.087334,16231.81,Ka,4368.22,14361.56,ACTIVE,Operator_109
COMM01851,SATCOM_01851,-57.860543,7.60085,23800.61,C,25807.41,5799.96,MAINTENANCE,Operator_231
COMM01852,SATCOM_01852,-4.807634,-151.304931,7103.95,L,27914.23,17204.02,INACTIVE,Operator_249
COMM01853,SATCOM_01853,-66.607024,98.421999,13518.8,X,4456.81,24355.87,ACTIVE,Operator_167
COMM01854,SATCOM_01854,16.488545,-74.781116,20699.25,L,26630.55,9137.78,MAINTENANCE,Operator_5
COMM01855,SATCOM_01855,75.734211,-79.4556,18942.78,Ka,29677.74,20164.96,ACTIVE,Operator_219
COMM01856,SATCOM_01856,-55.212797,-48.186505,12703.68,L,5465.38,15746.66,INACTIVE,Operator_112
COMM01857,SATCOM_01857,63.632674,-11.407098,27363.55,Ku,26735.46,16593.87,ACTIVE,Operator_79
COMM01858,SATCOM_01858,-79.846394,-124.984029,6324.74,S,15502.39,25018.1,MAINTENANCE,Operator_132
COMM01859,SATCOM_01859,-1.184136,103.930272,8207.96,Ka,27909.2,28722.58,INACTIVE,Operator_65
COMM01860,SATCOM_01860,-21.027326,-108.696984,23497.43,S,19358.83,4316.79,INACTIVE,Operator_21
COMM01861,SATCOM_01861,56.283464,7.464283,27063.3,L,16442.38,29843.34,ACTIVE,Operator_219
COMM01862,SATCOM_01862,-83.037296,13.016725,3187.69,C,20477.51,21713.44,INACTIVE,Operator_221
COMM01863,SATCOM_01863,89.469726,171.319919,2323.34,Ku,24123.8,23060.42,MAINTENANCE,Operator_137
COMM01864,SATCOM_01864,-74.265406,57.666265,5632.66,C,29335.75,3653.51,MAINTENANCE,Operator_84
COMM01865,SATCOM_01865,7.438277,-143.871391,2190.03,L,23041.7,11926.3,MAINTENANCE,Operator_62
COMM01866,SATCOM_01866,83.856886,40.562976,709.7,S,11831.2,26359.9,ACTIVE,Operator_142
COMM01867,SATCOM_01867,69.322343,-143.126484,30422.46,S,18642.5,21922.59,MAINTENANCE,Operator_15
COMM01868,SATCOM_01868,-17.215491,78.649642,5842.67,Ku,20261.15,25200.14,INACTIVE,Operator_240
COMM01869,SATCOM_01869,24.532261,-56.320533,19450.06,Ku,23593.95,20877.8,ACTIVE,Operator_169
COMM01870,SATCOM_01870,9.290135,-143.93465,9430.12,X,13331.05,7180.77,MAINTENANCE,Operator_36
COMM01871,SATCOM_01871,62.119196,130.168072,18089.85,S,20498.76,14466.37,MAINTENANCE,Operator_206
COMM01872,SATCOM_01872,67.287096,-5.050659,15213.48,Ka,13962.45,19778.12,INACTIVE,Operator_22
COMM01873,SATCOM_01873,5.767749,-63.650555,28743.1,X,25039.12,1923.9,MAINTENANCE,Operator_155
COMM01874,SATCOM_01874,64.391881,109.077504,4348.96,S,17614.41,14760.76,INACTIVE,Operator_60
COMM01875,SATCOM_01875,43.259279,-121.844999,20310.51,X,11725.18,12660.51,INACTIVE,Operator_50
COMM01876,SATCOM_01876,-23.276911,166.733566,28172.82,X,22900.75,3017.0,ACTIVE,Operator_78
COMM01877,SATCOM_01877,78.478565,-38.797225,25261.13,C,28091.1,21150.35,MAINTENANCE,Operator_126
COMM01878,SATCOM_01878,-77.330119,10.574119,2539.0,Ku,3780.53,29230.22,ACTIVE,Operator_172
COMM01879,SATCOM_01879,-45.108132,35.085984,21200.2,X,12998.43,26029.94,INACTIVE,Operator_59
COMM01880,SATCOM_01880,-77.963153,20.37377,21858.31,X,23892.71,26408.67,MAINTENANCE,Operator_15
COMM01881,SATCOM_01881,22.213943,-60.297582,8360.84,S,19695.94,24105.39,ACTIVE,Operator_49
COMM01882,SATCOM_01882,-72.064862,30.455792,9508.16,X,28801.53,19440.65,INACTIVE,Operator_20
COMM01883,SATCOM_01883,16.286735,-2.543947,19721.89,Ku,24683.23,24543.39,MAINTENANCE,Operator_249
COMM01884,SATCOM_01884,58.891009,60.311675,3743.55,L,2016.8,24629.19,MAINTENANCE,Operator_49
COMM01885,SATCOM_01885,46.50917,88.33847,7831.88,Ku,9344.3,4308.37,MAINTENANCE,Operator_61
COMM01886,SATCOM_01886,-31.509645,-52.389567,11883.98,C,9782.17,23527.52,ACTIVE,Operator_147
COMM01887,SATCOM_01887,-77.510893,47.117978,7035.74,Ku,22357.12,29589.39,ACTIVE,Operator_65
COMM01888,SATCOM_01888,37.486505,-169.486805,14049.64,C,2854.84,19452.79,INACTIVE,Operator_115
COMM01889,SATCOM_01889,74.152201,-112.729803,32641.52,L,15471.15,8201.87,INACTIVE,Operator_67
COMM01890,SATCOM_01890,-45.575213,-144.368741,1554.26,Ka,5285.81,8937.57,INACTIVE,Operator_45
COMM01891,SATCOM_01891,-40.82359,-102.287972,35119.77,C,8537.6,8448.31,MAINTENANCE,Operator_150
COMM01892,SATCOM_01892,39.3915,168.91464,35508.07,L,5579.33,23031.92,INACTIVE,Operator_13
COMM01893,SATCOM_01893,-55.219939,49.804251,30301.77,Ku,23417.11,7255.8,MAINTENANCE,Operator_136
COMM01894,SATCOM_01894,14.561766,-29.247353,1214.71,S,6263.95,18150.28,ACTIVE,Operator_10
COMM01895,SATCOM_01895,1.013226,-91.968424,29810.65,S,19377.85,26696.39,INACTIVE,Operator_133
COMM01896,SATCOM_01896,-81.792152,50.541363,22256.62,S,18148.33,13940.64,ACTIVE,Operator_29
COMM01897,SATCOM_01897,-22.870391,129.192749,18692.59,L,7686.85,28416.12,INACTIVE,Operator_128
COMM01898,SATCOM_01898,-49.94827,52.613239,23125.1,S,12018.66,27859.01,ACTIVE,Operator_123
COMM01899,SATCOM_01899,12.307772,-93.147504,26916.88,Ku,8842.96,18188.6,MAINTENANCE,Operator_237
COMM01900,SATCOM_01900,-9.763301,165.747191,18264.06,L,23114.89,17268.72,MAINTENANCE,Operator_193
COMM01901,SATCOM_01901,21.243697,-70.178722,20175.62,S,17017.34,4280.98,ACTIVE,Operator_215
COMM01902,SATCOM_01902,-12.294039,17.928348,34866.5,L,28914.62,6976.78,INACTIVE,Operator_188
COMM01903,SATCOM_01903,-56.732582,-159.984237,19430.25,Ka,3703.49,23785.73,INACTIVE,Operator_247
COMM01904,SATCOM_01904,-34.789686,-145.094371,2490.59,X,1684.15,3036.63,ACTIVE,Operator_100
COMM01905,SATCOM_01905,9.202713,105.992027,12212.79,S,26719.26,7506.72,MAINTENANCE,Operator_110
COMM01906,SATCOM_01906,-22.746156,-162.655773,33618.79,L,15948.64,2718.78,INACTIVE,Operator_3
COMM01907,SATCOM_01907,-16.497009,-78.040116,32348.14,X,13439.87,1835.1,ACTIVE,Operator_66
COMM01908,SATCOM_01908,-69.467966,-14.330523,17315.84,C,25668.87,4389.19,ACTIVE,Operator_91
COMM01909,SATCOM_01909,9.435143,-142.412826,34420.99,Ka,26994.49,13944.79,MAINTENANCE,Operator_204
COMM01910,SATCOM_01910,-84.944101,97.929701,26739.2,C,26703.42,23730.13,MAINTENANCE,Operator_94
COMM01911,SATCOM_01911,-2.776027,150.578683,18551.66,Ku,3591.18,1485.7,ACTIVE,Operator_153
COMM01912,SATCOM_01912,-74.92312,-162.072034,34946.39,L,12164.38,29868.34,MAINTENANCE,Operator_214
COMM01913,SATCOM_01913,84.826255,70.023742,5213.07,L,12571.16,18815.18,INACTIVE,Operator_108
COMM01914,SATCOM_01914,42.456523,-52.737939,3200.32,X,17801.13,18000.18,INACTIVE,Operator_21
COMM01915,SATCOM_01915,20.88178,96.059851,17380.12,X,24632.95,29026.27,INACTIVE,Operator_229
COMM01916,SATCOM_01916,-34.280937,83.107712,26837.63,C,9012.6,5084.86,INACTIVE,Operator_111
COMM01917,SATCOM_01917,36.421128,124.707599,7429.03,Ku,17126.39,17788.14,MAINTENANCE,Operator_125
COMM01918,SATCOM_01918,-35.500704,111.213364,34159.35,L,28022.6,15741.14,INACTIVE,Operator_190
COMM01919,SATCOM_01919,-79.805667,16.936921,5590.92,C,6422.18,2557.15,INACTIVE,Operator_210
COMM01920,SATCOM_01920,-87.288166,66.113957,5295.53,Ku,7366.04,19326.16,MAINTENANCE,Operator_188
COMM01921,SATCOM_01921,49.122774,-22.622564,12268.65,Ka,17385.78,1525.3,INACTIVE,Operator_158
COMM01922,SATCOM_01922,-35.780019,114.254833,5068.27,C,26786.49,25138.55,ACTIVE,Operator_129
COMM01923,SATCOM_01923,-20.116592,9.952955,5320.15,L,23340.11,3091.64,INACTIVE,Operator_19
COMM01924,SATCOM_01924,75.792491,146.11627,18839.1,X,3399.5,7312.97,ACTIVE,Operator_38
COMM01925,SATCOM_01925,-60.140347,107.440721,5203.33,Ku,1452.5,22477.37,MAINTENANCE,Operator_137
COMM01926,SATCOM_01926,-44.982333,111.314019,8227.02,C,20645.15,24004.41,INACTIVE,Operator_91
COMM01927,SATCOM_01927,-70.671394,-106.863184,13916.32,Ku,29350.76,28351.7,INACTIVE,Operator_220
COMM01928,SATCOM_01928,45.064651,149.677142,23618.96,X,29798.25,15860.03,INACTIVE,Operator_9
COMM01929,SATCOM_01929,-88.768151,-32.062628,3919.77,X,2545.89,18628.89,MAINTENANCE,Operator_193
COMM01930,SATCOM_01930,5.431086,-177.12794,5126.75,C,6445.17,15967.8,MAINTENANCE,Operator_15
COMM01931,SATCOM_01931,-54.517401,84.500425,33690.18,Ka,11239.5,2076.7,ACTIVE,Operator_142
COMM01932,SATCOM_01932,-14.177376,73.607414,28400.73,C,22943.13,24055.17,MAINTENANCE,Operator_2
COMM01933,SATCOM_01933,-47.204711,-133.849395,26633.15,L,12326.63,25378.17,MAINTENANCE,Operator_215
COMM01934,SATCOM_01934,-24.575661,-8.594379,12987.06,S,17049.61,17170.94,MAINTENANCE,Operator_94
COMM01935,SATCOM_01935,0.565157,90.1031,25599.52,Ku,24890.7,6569.73,MAINTENANCE,Operator_184
COMM01936,SATCOM_01936,72.192652,-143.425942,28785.58,C,13146.86,29475.66,ACTIVE,Operator_149
COMM01937,SATCOM_01937,-14.526692,-3.380244,4892.12,L,25232.7,12015.14,MAINTENANCE,Operator_244
COMM01938,SATCOM_01938,-73.491019,152.725221,31963.15,L,3558.74,17086.4,MAINTENANCE,Operator_145
COMM01939,SATCOM_01939,49.86183,96.481694,3624.65,C,14300.85,7110.29,MAINTENANCE,Operator_71
COMM01940,SATCOM_01940,-42.591342,-52.187547,16009.77,Ku,12361.7,27150.3,MAINTENANCE,Operator_200
COMM01941,SATCOM_01941,62.09075,84.729707,2616.24,S,10233.54,10362.03,INACTIVE,Operator_216
COMM01942,SATCOM_01942,-79.0323,90.631747,31070.36,Ku,12753.65,22189.61,ACTIVE,Operator_247
COMM01943,SATCOM_01943,44.755899,-144.926847,19952.89,X,20078.1,4844.47,ACTIVE,Operator_163
COMM01944,SATCOM_01944,-69.688905,-75.693185,30217.67,Ka,9867.75,1463.68,INACTIVE,Operator_17
COMM01945,SATCOM_01945,-15.030333,-62.535139,18779.33,Ku,22920.51,26882.48,INACTIVE,Operator_239
COMM01946,SATCOM_01946,13.636489,-99.280092,21245.27,Ku,6765.15,3446.03,INACTIVE,Operator_105
COMM01947,SATCOM_01947,86.284094,39.570687,27590.02,S,21376.43,10284.04,INACTIVE,Operator_25
COMM01948,SATCOM_01948,54.269756,-57.814703,4603.85,X,1591.24,15531.96,ACTIVE,Operator_61
COMM01949,SATCOM_01949,-45.809403,-6.962231,25670.72,S,15022.74,2262.4,INACTIVE,Operator_63
COMM01950,SATCOM_01950,18.355099,64.642448,16534.8,Ku,4485.87,11969.23,INACTIVE,Operator_87
COMM01951,SATCOM_01951,39.501344,-78.431671,33906.28,L,21503.22,24968.41,ACTIVE,Operator_22
COMM01952,SATCOM_01952,-29.845376,115.32315,17306.33,C,12889.18,1564.96,INACTIVE,Operator_187
COMM01953,SATCOM_01953,65.260053,150.201072,33974.91,X,3350.48,29185.46,MAINTENANCE,Operator_52
COMM01954,SATCOM_01954,-13.019745,-90.530312,14261.41,X,11628.32,19514.73,ACTIVE,Operator_73
COMM01955,SATCOM_01955,-61.632057,171.296523,30933.35,Ka,24106.39,8860.26,ACTIVE,Operator_49
COMM01956,SATCOM_01956,80.873013,2.288326,18195.08,C,5545.47,1253.44,MAINTENANCE,Operator_83
COMM01957,SATCOM_01957,-87.894731,0.507613,34078.87,S,28807.8,6932.99,MAINTENANCE,Operator_215
COMM01958,SATCOM_01958,55.997814,-84.758835,26935.84,C,2898.64,24641.66,MAINTENANCE,Operator_246
COMM01959,SATCOM_01959,55.618861,79.747846,14767.61,X,3581.75,21225.8,INACTIVE,Operator_155
COMM01960,SATCOM_01960,-80.963923,-116.126755,19062.33,Ku,22489.42,2244.26,INACTIVE,Operator_42
COMM01961,SATCOM_01961,-5.067446,-106.573159,10471.8,Ku,24030.24,23537.51,ACTIVE,Operator_234
COMM01962,SATCOM_01962,52.442683,141.634463,11355.11,Ka,23516.99,10460.33,ACTIVE,Operator_20
COMM01963,SATCOM_01963,-24.736635,80.917573,21838.52,Ku,4927.44,21127.22,ACTIVE,Operator_67
COMM01964,SATCOM_01964,-22.107158,163.788478,8801.82,C,22374.46,28868.09,ACTIVE,Operator_163
COMM01965,SATCOM_01965,-69.157396,119.883804,7558.77,Ku,2150.74,23750.84,ACTIVE,Operator_235
COMM01966,SATCOM_01966,-54.101287,-138.487963,33826.36,S,6965.4,10396.33,ACTIVE,Operator_95
COMM01967,SATCOM_01967,-11.183657,-91.1219,506.85,L,4658.06,18569.3,INACTIVE,Operator_71
COMM01968,SATCOM_01968,11.074676,165.973226,3657.81,Ka,10461.27,7085.98,ACTIVE,Operator_102
COMM01969,SATCOM_01969,60.786895,92.683622,15946.23,C,19686.56,29031.94,ACTIVE,Operator_52
COMM01970,SATCOM_01970,-13.940828,165.687168,28486.02,Ku,20458.8,19164.98,ACTIVE,Operator_168
COMM01971,SATCOM_01971,86.308817,-4.285816,16578.3,Ka,10098.16,22447.61,INACTIVE,Operator_246
COMM01972,SATCOM_01972,-12.502687,-38.36077,26330.38,Ka,26305.63,15508.78,MAINTENANCE,Operator_203
COMM01973,SATCOM_01973,23.677855,30.160979,3975.45,S,7430.47,14609.72,INACTIVE,Operator_80
COMM01974,SATCOM_01974,44.633168,61.625019,30410.73,X,19965.81,13430.63,MAINTENANCE,Operator_108
COMM01975,SATCOM_01975,52.866,-169.888226,8578.42,S,24030.6,17407.06,ACTIVE,Operator_41
COMM01976,SATCOM_01976,-25.845633,-70.32304,19898.3,Ku,7480.71,23655.34,MAINTENANCE,Operator_188
COMM01977,SATCOM_01977,-0.082519,-1.972546,27762.77,L,11456.23,25493.76,ACTIVE,Operator_137
COMM01978,SATCOM_01978,51.01364,50.174485,35006.06,C,18725.59,6429.88,MAINTENANCE,Operator_13
COMM01979,SATCOM_01979,37.705277,11.092171,3037.25,X,15468.98,24776.2,ACTIVE,Operator_236
COMM01980,SATCOM_01980,-27.47043,-94.00499,34643.77,X,2929.73,6766.08,ACTIVE,Operator_106
COMM01981,SATCOM_01981,12.275364,34.037267,6707.94,Ku,10582.24,15325.09,INACTIVE,Operator_183
COMM01982,SATCOM_01982,-25.161526,-149.260126,20799.77,L,23669.16,11135.76,INACTIVE,Operator_67
COMM01983,SATCOM_01983,-13.829514,-89.907372,31386.41,L,5280.49,5609.26,INACTIVE,Operator_200
COMM01984,SATCOM_01984,68.603249,-153.798348,18373.61,S,12767.89,17607.52,ACTIVE,Operator_230
COMM01985,SATCOM_01985,-69.028433,-5.415898,15795.26,L,4080.45,26319.73,MAINTENANCE,Operator_7
COMM01986,SATCOM_01986,-87.519956,-128.734596,32998.73,X,22392.57,18986.18,MAINTENANCE,Operator_55
COMM01987,SATCOM_01987,-77.942549,-127.754564,35372.66,Ku,18921.28,10638.42,MAINTENANCE,Operator_179
COMM01988,SATCOM_01988,66.173669,147.737037,12234.33,Ku,9870.73,1531.59,ACTIVE,Operator_81
COMM01989,SATCOM_01989,31.510108,43.567988,23167.12,Ka,12328.93,23977.42,INACTIVE,Operator_23
COMM01990,SATCOM_01990,-51.11047,130.033836,15932.01,S,15315.95,5365.88,ACTIVE,Operator_8
COMM01991,SATCOM_01991,-14.942512,161.663737,4691.94,X,27037.29,21341.58,INACTIVE,Operator_202
COMM01992,SATCOM_01992,27.846193,-131.742378,9901.78,S,23650.89,17196.62,ACTIVE,Operator_168
COMM01993,SATCOM_01993,-10.180054,-99.748133,20390.15,Ka,27997.81,24110.0,ACTIVE,Operator_83
COMM01994,SATCOM_01994,72.612417,-11.84137,19420.02,Ka,11111.86,10639.84,ACTIVE,Operator_81
COMM01995,SATCOM_01995,-79.909397,160.849607,11726.62,C,26053.34,8160.48,MAINTENANCE,Operator_116
COMM01996,SATCOM_01996,28.362768,153.738392,7787.14,X,1408.55,5154.42,ACTIVE,Operator_13
COMM01997,SATCOM_01997,-68.230855,-6.837906,8301.04,Ka,20300.16,22768.99,INACTIVE,Operator_173
COMM01998,SATCOM_01998,-7.905407,-77.310934,28578.09,Ka,7446.0,12282.11,MAINTENANCE,Operator_160
COMM01999,SATCOM_01999,72.313153,-134.855818,33772.59,X,23880.68,26533.45,INACTIVE,Operator_11
COMM02000,SATCOM_02000,67.812463,-141.662388,30214.03,Ka,29232.57,25243.86,INACTIVE,Operator_75
COMM02001,SATCOM_02001,-76.043982,-51.30027,1983.07,Ka,26239.56,6059.16,MAINTENANCE,Operator_61
COMM02002,SATCOM_02002,-77.13968,96.703258,28479.88,C,4493.78,20819.85,MAINTENANCE,Operator_71
COMM02003,SATCOM_02003,-29.768815,11.15532,3147.0,S,10355.59,19931.25,INACTIVE,Operator_6
COMM02004,SATCOM_02004,37.474259,33.277647,18140.25,L,18464.58,11238.14,INACTIVE,Operator_129
COMM02005,SATCOM_02005,-50.083882,172.985531,35158.2,S,19829.33,18333.94,MAINTENANCE,Operator_200
COMM02006,SATCOM_02006,21.818054,45.527354,5351.72,Ku,29746.96,29240.32,MAINTENANCE,Operator_201
COMM02007,SATCOM_02007,62.709272,151.973828,9009.14,Ku,26507.06,16425.39,INACTIVE,Operator_5
COMM02008,SATCOM_02008,-19.589249,-155.597636,23975.44,L,7472.79,6910.13,INACTIVE,Operator_124
COMM02009,SATCOM_02009,5.511124,164.970108,35186.85,Ku,22168.76,7985.61,INACTIVE,Operator_65
COMM02010,SATCOM_02010,-88.727085,158.744618,17872.17,Ku,26941.97,19469.2,ACTIVE,Operator_187
COMM02011,SATCOM_02011,16.42341,-104.261784,1491.59,X,17758.14,11522.75,MAINTENANCE,Operator_172
COMM02012,SATCOM_02012,2.040844,-62.842527,2128.35,C,1622.02,24098.71,INACTIVE,Operator_95
COMM02013,SATCOM_02013,21.334746,62.692687,29736.24,Ka,24022.89,5820.22,INACTIVE,Operator_22
COMM02014,SATCOM_02014,-66.959677,-71.161214,11524.27,X,6318.73,4122.29,MAINTENANCE,Operator_121
COMM02015,SATCOM_02015,28.595048,170.854804,813.87,X,22122.49,5615.06,INACTIVE,Operator_82
COMM02016,SATCOM_02016,-6.720063,58.801714,14036.52,S,11014.07,13242.34,MAINTENANCE,Operator_115
COMM02017,SATCOM_02017,32.867353,-7.331361,11457.0,S,27811.48,14714.05,MAINTENANCE,Operator_216
COMM02018,SATCOM_02018,43.774862,24.972058,13907.73,Ka,26707.25,17263.76,ACTIVE,Operator_113
COMM02019,SATCOM_02019,-26.57717,68.226085,32456.53,Ku,3184.62,7831.69,MAINTENANCE,Operator_106
COMM02020,SATCOM_02020,73.967734,-128.807273,9518.5,Ku,20463.93,25562.51,INACTIVE,Operator_246
COMM02021,SATCOM_02021,29.015097,-105.092336,17990.93,Ka,5495.46,29442.7,INACTIVE,Operator_196
COMM02022,SATCOM_02022,-40.565659,117.928232,14715.91,L,6980.87,14390.76,MAINTENANCE,Operator_76
COMM02023,SATCOM_02023,70.573967,-19.738336,2000.78,L,16070.88,11602.85,ACTIVE,Operator_86
COMM02024,SATCOM_02024,71.882199,-142.199774,27032.12,Ka,23667.38,5277.45,INACTIVE,Operator_57
COMM02025,SATCOM_02025,41.524512,-36.603497,30801.25,Ka,20770.37,21748.15,ACTIVE,Operator_11
COMM02026,SATCOM_02026,19.88088,-133.306886,32069.31,Ka,6307.1,26624.27,INACTIVE,Operator_196
COMM02027,SATCOM_02027,-24.414064,-118.72848,22995.02,Ka,3189.09,26457.69,MAINTENANCE,Operator_125
COMM02028,SATCOM_02028,-6.174383,21.995279,34421.47,C,14140.57,27633.1,INACTIVE,Operator_51
COMM02029,SATCOM_02029,26.015398,65.077117,27928.24,C,22972.14,29056.26,ACTIVE,Operator_16
COMM02030,SATCOM_02030,-39.641373,44.82668,29434.09,S,7275.04,21116.33,ACTIVE,Operator_84
COMM02031,SATCOM_02031,-15.939725,-95.332936,4531.16,L,22136.05,15701.69,INACTIVE,Operator_135
COMM02032,SATCOM_02032,85.390288,75.127233,22224.26,X,9771.46,25672.11,MAINTENANCE,Operator_220
COMM02033,SATCOM_02033,24.202826,47.186908,12399.11,Ka,17472.51,12139.58,INACTIVE,Operator_43
COMM02034,SATCOM_02034,-58.809094,9.54862,6174.21,X,12837.47,1723.99,ACTIVE,Operator_66
COMM02035,SATCOM_02035,-14.063574,-19.714977,13103.82,X,17583.23,14099.83,ACTIVE,Operator_237
COMM02036,SATCOM_02036,17.508536,67.425328,6940.09,L,18620.79,28071.87,INACTIVE,Operator_18
COMM02037,SATCOM_02037,-67.212944,-21.489387,28536.89,Ka,29468.59,12132.72,INACTIVE,Operator_203
COMM02038,SATCOM_02038,-74.946024,-83.621875,12727.52,S,25498.93,4858.68,MAINTENANCE,Operator_213
COMM02039,SATCOM_02039,-36.983817,-44.743314,9438.19,C,27765.71,26121.42,INACTIVE,Operator_196
COMM02040,SATCOM_02040,-37.677247,13.603282,14520.22,C,12500.56,7143.67,ACTIVE,Operator_19
COMM02041,SATCOM_02041,34.29773,-35.312603,12803.14,X,10156.5,18726.25,INACTIVE,Operator_138
COMM02042,SATCOM_02042,75.090623,21.406135,29791.02,C,25830.69,21640.16,ACTIVE,Operator_64
COMM02043,SATCOM_02043,32.778835,140.059611,17879.39,Ku,16638.83,20743.58,ACTIVE,Operator_39
COMM02044,SATCOM_02044,18.362446,126.41616,12780.5,S,6611.13,23095.28,INACTIVE,Operator_186
COMM02045,SATCOM_02045,-49.786247,-46.177285,23363.54,X,26458.44,13951.9,MAINTENANCE,Operator_23
COMM02046,SATCOM_02046,31.772149,41.11515,16438.51,L,2721.31,17113.17,INACTIVE,Operator_59
COMM02047,SATCOM_02047,-18.221502,23.437026,31326.04,L,1832.02,19954.75,ACTIVE,Operator_78
COMM02048,SATCOM_02048,-27.321922,154.914132,20105.43,C,22164.66,10369.64,MAINTENANCE,Operator_193
COMM02049,SATCOM_02049,-62.789106,-22.048285,2409.52,Ka,16178.9,16209.68,INACTIVE,Operator_217
COMM02050,SATCOM_02050,48.156731,20.141468,10441.31,X,12406.04,13494.99,ACTIVE,Operator_144
COMM02051,SATCOM_02051,-62.173838,-31.054017,35453.67,L,12750.38,25710.06,INACTIVE,Operator_174
COMM02052,SATCOM_02052,76.247371,101.750437,13672.8,S,13855.36,19541.9,INACTIVE,Operator_182
COMM02053,SATCOM_02053,-29.913245,143.696999,4753.1,Ku,3120.49,19212.3,ACTIVE,Operator_192
COMM02054,SATCOM_02054,33.083181,98.741867,7840.7,C,16122.58,3472.66,INACTIVE,Operator_141
COMM02055,SATCOM_02055,6.43064,100.101795,19059.03,S,17925.5,17059.8,MAINTENANCE,Operator_102
COMM02056,SATCOM_02056,25.929485,164.825132,17469.62,S,22596.52,5698.26,ACTIVE,Operator_222
COMM02057,SATCOM_02057,-32.210613,-25.43758,33267.84,C,27079.52,3979.81,ACTIVE,Operator_246
COMM02058,SATCOM_02058,37.378516,35.142898,21189.42,Ka,11648.72,9261.95,INACTIVE,Operator_146
COMM02059,SATCOM_02059,65.009374,31.84046,14608.89,L,14585.48,27925.61,MAINTENANCE,Operator_178
COMM02060,SATCOM_02060,-10.075771,-59.902058,2243.54,Ku,24107.44,9149.6,ACTIVE,Operator_178
COMM02061,SATCOM_02061,15.10926,132.556494,416.07,Ka,19588.32,23850.39,MAINTENANCE,Operator_191
COMM02062,SATCOM_02062,22.491892,-153.111467,28684.14,X,3283.75,28692.81,ACTIVE,Operator_64
COMM02063,SATCOM_02063,41.539889,-89.320956,25192.77,Ka,24367.88,14989.23,MAINTENANCE,Operator_191
COMM02064,SATCOM_02064,76.349404,-43.393207,20353.58,Ka,3253.95,10365.15,ACTIVE,Operator_4
COMM02065,SATCOM_02065,20.367715,-0.734882,21633.73,L,23756.74,12439.8,ACTIVE,Operator_68
COMM02066,SATCOM_02066,-0.737039,-85.422408,8651.18,Ku,8557.09,16437.85,INACTIVE,Operator_48
COMM02067,SATCOM_02067,85.767571,125.11613,6145.36,X,25465.76,25520.39,ACTIVE,Operator_87
COMM02068,SATCOM_02068,-86.378416,54.089975,3993.45,Ka,13902.54,1842.56,ACTIVE,Operator_69
COMM02069,SATCOM_02069,-65.130155,-88.092299,29366.52,L,3109.6,9881.55,INACTIVE,Operator_204
COMM02070,SATCOM_02070,18.915581,-173.973241,1954.74,X,29367.24,5917.69,INACTIVE,Operator_162
COMM02071,SATCOM_02071,-61.626765,-158.523198,24007.78,X,16894.96,17630.52,MAINTENANCE,Operator_233
COMM02072,SATCOM_02072,-18.596067,-37.493359,20772.99,X,29296.71,12082.99,ACTIVE,Operator_1
COMM02073,SATCOM_02073,21.725572,-150.106429,6621.88,L,25479.43,22326.08,MAINTENANCE,Operator_248
COMM02074,SATCOM_02074,-35.591851,-19.297843,19848.42,S,3310.63,22401.1,MAINTENANCE,Operator_139
COMM02075,SATCOM_02075,-42.840668,10.678635,24273.21,C,21056.98,23384.87,ACTIVE,Operator_74
COMM02076,SATCOM_02076,26.942656,88.864863,16334.85,Ku,29586.16,6848.92,INACTIVE,Operator_173
COMM02077,SATCOM_02077,86.207861,-56.464138,17966.71,Ka,2689.18,17277.46,INACTIVE,Operator_46
COMM02078,SATCOM_02078,0.008361,49.797319,339.59,Ka,10886.67,9907.31,INACTIVE,Operator_214
COMM02079,SATCOM_02079,38.324668,-168.406245,23625.17,Ka,29212.73,29976.11,MAINTENANCE,Operator_217
COMM02080,SATCOM_02080,-64.598838,-152.272784,29882.44,S,5479.9,14914.67,INACTIVE,Operator_133
COMM02081,SATCOM_02081,-73.343835,-177.793158,14680.98,X,6101.44,2214.67,INACTIVE,Operator_241
COMM02082,SATCOM_02082,59.232201,-83.177799,4094.26,C,9437.38,2770.67,INACTIVE,Operator_167
COMM02083,SATCOM_02083,-17.400979,-73.427426,5720.96,X,5423.67,25210.41,MAINTENANCE,Operator_5
COMM02084,SATCOM_02084,-88.338817,24.134435,18852.75,Ku,8668.62,6279.71,ACTIVE,Operator_238
COMM02085,SATCOM_02085,-31.556493,-47.747385,4347.74,S,3283.25,4426.3,INACTIVE,Operator_86
COMM02086,SATCOM_02086,-9.420914,-42.95045,20305.93,C,19021.58,22870.42,INACTIVE,Operator_121
COMM02087,SATCOM_02087,12.476128,115.732377,6697.19,L,4291.17,23426.25,ACTIVE,Operator_133
COMM02088,SATCOM_02088,-63.082245,60.449123,13528.86,X,12980.31,11997.61,ACTIVE,Operator_2
COMM02089,SATCOM_02089,71.958613,154.738491,6864.59,Ka,24792.43,22940.15,ACTIVE,Operator_244
COMM02090,SATCOM_02090,-71.21928,-94.305044,27681.25,X,21689.47,19681.43,INACTIVE,Operator_9
COMM02091,SATCOM_02091,-85.212233,168.403939,19721.23,C,22322.88,25533.8,ACTIVE,Operator_215
COMM02092,SATCOM_02092,-77.752375,-55.767632,17039.5,L,9439.99,9738.35,INACTIVE,Operator_177
COMM02093,SATCOM_02093,73.025345,96.766502,24497.8,S,28649.28,3161.28,ACTIVE,Operator_40
COMM02094,SATCOM_02094,-82.167149,-85.339558,28473.49,S,26786.06,6283.9,ACTIVE,Operator_51
COMM02095,SATCOM_02095,2.359692,-58.17269,35638.3,X,17899.65,4871.77,INACTIVE,Operator_76
COMM02096,SATCOM_02096,20.366079,-165.165954,29361.58,C,28622.36,10747.43,MAINTENANCE,Operator_250
COMM02097,SATCOM_02097,82.771732,-30.13716,30585.45,L,4818.51,15286.65,ACTIVE,Operator_206
COMM02098,SATCOM_02098,-53.144432,-28.742566,24270.17,X,18291.89,20646.09,ACTIVE,Operator_33
COMM02099,SATCOM_02099,51.714367,-81.548608,23529.82,C,7747.59,28734.61,MAINTENANCE,Operator_186
COMM02100,SATCOM_02100,68.112175,-31.805729,384.63,Ka,1572.17,28989.12,MAINTENANCE,Operator_241
COMM02101,SATCOM_02101,70.584254,16.774981,20125.18,Ku,9087.48,5028.39,MAINTENANCE,Operator_229
COMM02102,SATCOM_02102,-29.359505,-107.452247,3591.73,L,5353.02,14106.97,ACTIVE,Operator_145
COMM02103,SATCOM_02103,14.71,-101.483284,4924.73,C,13967.11,6171.92,INACTIVE,Operator_84
COMM02104,SATCOM_02104,67.469597,6.343488,12894.12,Ka,5189.02,6845.76,MAINTENANCE,Operator_129
COMM02105,SATCOM_02105,-42.390145,12.179596,21866.43,C,24411.01,2757.1,ACTIVE,Operator_159
COMM02106,SATCOM_02106,-68.51332,-126.66962,27463.5,C,22621.54,7014.93,ACTIVE,Operator_9
COMM02107,SATCOM_02107,89.081344,158.142237,16739.16,C,24193.81,2187.38,INACTIVE,Operator_193
COMM02108,SATCOM_02108,31.497671,-50.204735,34273.35,S,24471.34,17670.62,ACTIVE,Operator_131
COMM02109,SATCOM_02109,-8.429778,5.466167,23704.77,C,16986.8,10724.94,ACTIVE,Operator_35
COMM02110,SATCOM_02110,-12.49105,-55.44665,25710.88,S,23593.3,25553.98,MAINTENANCE,Operator_238
COMM02111,SATCOM_02111,-20.456301,141.032559,16173.19,Ku,28786.92,26491.45,ACTIVE,Operator_68
COMM02112,SATCOM_02112,53.307656,145.179474,16510.73,Ku,23280.65,2919.92,ACTIVE,Operator_20
COMM02113,SATCOM_02113,-81.07962,13.647654,24527.55,X,8110.14,28538.64,INACTIVE,Operator_161
COMM02114,SATCOM_02114,-64.265711,117.616162,35968.32,C,1164.45,28059.6,INACTIVE,Operator_127
COMM02115,SATCOM_02115,82.77359,0.344166,16820.22,Ku,4918.01,27583.73,INACTIVE,Operator_179
COMM02116,SATCOM_02116,30.992247,57.245485,15630.84,X,16421.84,5249.22,MAINTENANCE,Operator_8
COMM02117,SATCOM_02117,21.64573,-65.084297,1520.33,Ku,27026.1,7992.82,MAINTENANCE,Operator_198
COMM02118,SATCOM_02118,-33.199351,-48.588419,32044.95,C,12740.07,24605.6,INACTIVE,Operator_91
COMM02119,SATCOM_02119,-79.183902,1.947006,1740.64,C,6582.31,19679.31,INACTIVE,Operator_240
COMM02120,SATCOM_02120,-54.361678,90.175154,8505.32,L,15575.28,29564.64,ACTIVE,Operator_141
COMM02121,SATCOM_02121,-49.943578,96.046789,9739.55,S,26153.73,1856.5,MAINTENANCE,Operator_47
COMM02122,SATCOM_02122,27.558871,158.42547,344.8,X,28462.01,7403.16,MAINTENANCE,Operator_11
COMM02123,SATCOM_02123,-42.841996,-150.864678,16474.84,Ku,22533.82,11504.0,ACTIVE,Operator_130
COMM02124,SATCOM_02124,-88.097401,-45.991618,3475.9,X,3422.0,18696.02,ACTIVE,Operator_38
COMM02125,SATCOM_02125,-12.123934,154.846344,34805.84,Ku,8166.49,26261.43,ACTIVE,Operator_20
COMM02126,SATCOM_02126,-35.725921,34.456722,12736.06,Ku,16753.72,28173.34,INACTIVE,Operator_203
COMM02127,SATCOM_02127,46.946932,-16.814898,32377.75,Ku,3180.96,5035.74,INACTIVE,Operator_233
COMM02128,SATCOM_02128,-75.17819,-57.895476,13972.49,Ku,4783.45,25263.64,INACTIVE,Operator_198
COMM02129,SATCOM_02129,-62.607454,178.526192,8875.23,L,16140.92,13955.04,ACTIVE,Operator_45
COMM02130,SATCOM_02130,-88.446353,55.351259,14372.95,X,16917.24,8647.73,MAINTENANCE,Operator_111
COMM02131,SATCOM_02131,-80.332741,121.663712,11035.67,Ka,26830.94,14712.75,ACTIVE,Operator_224
COMM02132,SATCOM_02132,32.836685,168.410206,11016.66,X,19665.59,1644.55,ACTIVE,Operator_196
COMM02133,SATCOM_02133,-83.61821,-89.339952,2795.12,S,2060.18,27912.15,MAINTENANCE,Operator_25
COMM02134,SATCOM_02134,18.657597,-150.970722,31146.2,C,21152.76,13215.91,MAINTENANCE,Operator_41
COMM02135,SATCOM_02135,22.336016,165.325198,16773.85,C,15367.03,27347.07,MAINTENANCE,Operator_58
COMM02136,SATCOM_02136,14.138399,4.429086,34963.88,C,25457.31,3537.47,MAINTENANCE,Operator_197
COMM02137,SATCOM_02137,71.642516,97.716134,13929.07,Ku,6218.18,2693.44,ACTIVE,Operator_24
COMM02138,SATCOM_02138,60.938898,-67.055938,32393.15,Ka,5954.77,6493.78,MAINTENANCE,Operator_59
COMM02139,SATCOM_02139,15.650278,-105.100214,35915.58,X,15620.0,13384.44,ACTIVE,Operator_117
COMM02140,SATCOM_02140,-66.235442,-60.971189,1717.66,S,17916.86,5669.5,ACTIVE,Operator_28
COMM02141,SATCOM_02141,-0.894335,136.227588,26753.28,S,23807.27,16697.9,MAINTENANCE,Operator_133
COMM02142,SATCOM_02142,-42.335971,156.751276,6676.11,C,10362.82,5089.11,INACTIVE,Operator_79
COMM02143,SATCOM_02143,71.111899,136.641665,34839.57,X,1102.35,2791.78,ACTIVE,Operator_151
COMM02144,SATCOM_02144,-37.516689,118.042635,13366.51,Ku,11806.55,18315.15,MAINTENANCE,Operator_7
COMM02145,SATCOM_02145,-82.755302,-151.340956,2320.51,Ku,10111.91,18828.45,ACTIVE,Operator_129
COMM02146,SATCOM_02146,47.416928,-45.915534,7086.51,S,18385.69,14935.85,ACTIVE,Operator_128
COMM02147,SATCOM_02147,-10.542721,-79.92191,25060.43,X,29927.32,11659.44,INACTIVE,Operator_221
COMM02148,SATCOM_02148,18.75938,10.822924,31988.11,S,21697.0,26873.98,MAINTENANCE,Operator_141
COMM02149,SATCOM_02149,-41.683759,-23.891938,20852.48,X,5796.75,2814.68,INACTIVE,Operator_144
COMM02150,SATCOM_02150,47.487885,82.359164,27635.8,Ku,24138.91,16513.64,MAINTENANCE,Operator_226
COMM02151,SATCOM_02151,-43.593247,134.862766,14824.91,X,20008.0,14944.59,ACTIVE,Operator_83
COMM02152,SATCOM_02152,-79.470131,58.291059,14364.54,C,25601.17,22708.58,MAINTENANCE,Operator_213
COMM02153,SATCOM_02153,-68.056316,41.527834,3569.33,C,24384.02,3047.62,INACTIVE,Operator_38
COMM02154,SATCOM_02154,61.671865,-64.64322,10784.65,S,18740.74,17624.09,MAINTENANCE,Operator_248
COMM02155,SATCOM_02155,-20.024758,-102.98711,7742.65,X,5018.92,13341.82,ACTIVE,Operator_147
COMM02156,SATCOM_02156,64.846151,32.88589,6752.67,X,14502.79,18454.06,MAINTENANCE,Operator_124
COMM02157,SATCOM_02157,-54.872189,168.662757,3135.67,C,15716.14,28158.74,MAINTENANCE,Operator_137
COMM02158,SATCOM_02158,-18.176623,79.401767,22050.6,Ku,12305.18,3241.99,INACTIVE,Operator_121
COMM02159,SATCOM_02159,9.220889,103.507835,22090.47,Ku,25531.3,12562.78,MAINTENANCE,Operator_112
COMM02160,SATCOM_02160,-29.797758,163.855989,5068.03,X,1716.26,11370.95,MAINTENANCE,Operator_9
COMM02161,SATCOM_02161,-68.128345,96.90247,1986.25,L,5406.85,4473.39,ACTIVE,Operator_222
COMM02162,SATCOM_02162,66.673546,-89.807741,13170.92,Ka,8788.4,5639.99,INACTIVE,Operator_16
COMM02163,SATCOM_02163,88.038287,167.571888,17301.11,Ku,21248.73,25673.56,MAINTENANCE,Operator_249
COMM02164,SATCOM_02164,0.523091,177.933286,2105.63,X,25622.74,25297.19,ACTIVE,Operator_30
COMM02165,SATCOM_02165,-65.543353,93.372355,22767.41,S,4787.15,28236.28,INACTIVE,Operator_201
COMM02166,SATCOM_02166,77.721044,-17.245352,32171.74,Ka,28854.12,25308.32,ACTIVE,Operator_196
COMM02167,SATCOM_02167,20.998317,-153.571698,9862.21,Ka,25207.02,15855.65,MAINTENANCE,Operator_134
COMM02168,SATCOM_02168,-41.193696,63.660134,32933.9,S,14371.42,17490.2,ACTIVE,Operator_100
COMM02169,SATCOM_02169,38.696063,130.706077,8721.18,Ku,20130.89,1067.01,INACTIVE,Operator_213
COMM02170,SATCOM_02170,60.080682,40.237757,15172.33,L,2320.89,1518.64,ACTIVE,Operator_186
COMM02171,SATCOM_02171,-12.162408,-130.388896,9219.11,S,7048.57,22099.58,MAINTENANCE,Operator_147
COMM02172,SATCOM_02172,4.841734,-171.474022,19954.11,C,20269.79,4766.59,INACTIVE,Operator_129
COMM02173,SATCOM_02173,-39.088521,1.037118,5732.53,L,22268.49,12115.3,ACTIVE,Operator_214
COMM02174,SATCOM_02174,-71.550402,-71.064876,28514.36,Ka,6315.5,14596.85,MAINTENANCE,Operator_11
COMM02175,SATCOM_02175,55.370474,-122.21335,13961.86,L,15474.51,10316.34,ACTIVE,Operator_191
COMM02176,SATCOM_02176,29.682228,114.355869,26105.36,S,19529.54,2767.7,MAINTENANCE,Operator_132
COMM02177,SATCOM_02177,40.605121,-136.355604,22503.66,Ka,9619.7,23989.44,INACTIVE,Operator_77
COMM02178,SATCOM_02178,5.620308,104.288421,21906.21,L,12706.04,5163.36,MAINTENANCE,Operator_199
COMM02179,SATCOM_02179,73.562464,-108.868248,9159.16,Ku,22643.36,21725.42,ACTIVE,Operator_45
COMM02180,SATCOM_02180,-44.597639,-68.637222,8310.95,Ka,28358.25,10787.65,ACTIVE,Operator_155
COMM02181,SATCOM_02181,-83.322191,-105.634487,5312.06,S,14599.65,23525.88,ACTIVE,Operator_101
COMM02182,SATCOM_02182,52.4405,83.086678,3730.67,L,19319.94,9160.6,MAINTENANCE,Operator_45
COMM02183,SATCOM_02183,43.222022,-6.257082,22495.13,C,13905.72,20529.16,MAINTENANCE,Operator_215
COMM02184,SATCOM_02184,-17.054351,-42.102213,19083.99,Ku,1069.6,13944.39,MAINTENANCE,Operator_196
COMM02185,SATCOM_02185,-13.839996,-5.950492,16739.73,Ku,17605.3,21725.58,MAINTENANCE,Operator_178
COMM02186,SATCOM_02186,-81.303559,18.649326,16387.21,Ku,28447.71,4121.22,INACTIVE,Operator_213
COMM02187,SATCOM_02187,4.283103,85.535437,9803.5,X,3624.22,8154.0,MAINTENANCE,Operator_86
COMM02188,SATCOM_02188,84.014142,-26.756791,33027.34,X,3964.27,20713.35,ACTIVE,Operator_112
COMM02189,SATCOM_02189,-41.920712,28.665203,7983.41,C,22261.28,26374.85,ACTIVE,Operator_65
COMM02190,SATCOM_02190,-6.219638,65.423549,7395.71,X,17896.44,4381.76,INACTIVE,Operator_24
COMM02191,SATCOM_02191,52.408482,-116.040795,3935.62,C,26930.98,4010.99,ACTIVE,Operator_158
COMM02192,SATCOM_02192,-72.847375,-52.08262,9922.38,X,5184.92,22703.13,INACTIVE,Operator_20
COMM02193,SATCOM_02193,-43.787219,17.495021,24523.02,C,23785.96,19938.79,MAINTENANCE,Operator_62
COMM02194,SATCOM_02194,10.282496,135.118495,7256.41,X,23025.68,3500.1,INACTIVE,Operator_124
COMM02195,SATCOM_02195,-67.338973,140.44077,19737.63,L,1855.61,20906.77,ACTIVE,Operator_92
COMM02196,SATCOM_02196,-10.562213,-45.73706,34650.61,C,27230.28,18464.24,MAINTENANCE,Operator_12
COMM02197,SATCOM_02197,-5.126451,49.353833,14109.25,C,15116.2,7592.89,INACTIVE,Operator_11
COMM02198,SATCOM_02198,1.498291,-103.071571,18199.94,X,1684.84,5655.35,MAINTENANCE,Operator_116
COMM02199,SATCOM_02199,-65.626505,166.510753,30029.57,S,19263.81,21346.0,INACTIVE,Operator_129
COMM02200,SATCOM_02200,-85.554437,-36.965568,30901.19,S,26512.11,18064.17,MAINTENANCE,Operator_217
COMM02201,SATCOM_02201,6.578124,-50.079316,21256.04,C,29483.15,19437.4,ACTIVE,Operator_205
COMM02202,SATCOM_02202,60.434754,-0.356401,23571.84,L,9269.8,29816.01,MAINTENANCE,Operator_76
COMM02203,SATCOM_02203,-84.903158,-138.607459,10310.67,Ku,14074.92,10501.23,INACTIVE,Operator_67
COMM02204,SATCOM_02204,-5.81003,27.397343,19770.76,S,13691.58,22184.89,MAINTENANCE,Operator_133
COMM02205,SATCOM_02205,85.702818,-146.887355,6293.49,Ku,4506.74,3114.11,INACTIVE,Operator_127
COMM02206,SATCOM_02206,-59.724423,20.838819,10062.88,C,11203.15,21497.69,MAINTENANCE,Operator_156
COMM02207,SATCOM_02207,-36.098794,2.490096,29986.64,X,29640.57,3864.92,ACTIVE,Operator_58
COMM02208,SATCOM_02208,-44.969671,102.845164,20319.76,Ka,7909.38,16371.82,ACTIVE,Operator_169
COMM02209,SATCOM_02209,86.848439,9.467247,31681.29,L,17585.01,1584.31,INACTIVE,Operator_249
COMM02210,SATCOM_02210,-45.571089,-165.236743,21939.44,L,13675.72,28221.99,MAINTENANCE,Operator_224
COMM02211,SATCOM_02211,-0.208312,-102.63884,23415.74,L,5988.1,3484.83,ACTIVE,Operator_49
COMM02212,SATCOM_02212,68.3435,111.548403,32084.46,S,23709.78,4391.75,INACTIVE,Operator_85
COMM02213,SATCOM_02213,25.281506,-7.159854,6483.54,Ka,18136.86,17599.0,MAINTENANCE,Operator_211
COMM02214,SATCOM_02214,-79.311889,-49.351316,17320.92,Ku,19669.19,22453.23,ACTIVE,Operator_168
COMM02215,SATCOM_02215,-68.976326,-177.609292,4236.06,C,15027.96,4508.51,INACTIVE,Operator_226
COMM02216,SATCOM_02216,86.222834,144.809081,27370.24,Ku,13772.36,3015.0,MAINTENANCE,Operator_62
COMM02217,SATCOM_02217,83.756403,32.100656,4349.25,Ku,12341.5,11760.82,INACTIVE,Operator_59
COMM02218,SATCOM_02218,-58.512503,73.394028,6320.35,S,5004.42,13570.59,MAINTENANCE,Operator_21
COMM02219,SATCOM_02219,-63.336737,-32.060456,32243.39,Ku,13190.65,12035.92,INACTIVE,Operator_26
COMM02220,SATCOM_02220,-48.83366,72.358154,18358.32,S,29949.86,16652.93,MAINTENANCE,Operator_202
COMM02221,SATCOM_02221,7.006199,-155.401398,28284.8,Ka,8365.92,14385.98,ACTIVE,Operator_97
COMM02222,SATCOM_02222,-67.227786,87.485336,34053.31,S,23464.35,1158.89,MAINTENANCE,Operator_11
COMM02223,SATCOM_02223,-11.880758,-108.049899,8621.91,S,21218.9,10008.99,MAINTENANCE,Operator_13
COMM02224,SATCOM_02224,-10.308214,52.711251,19363.76,C,22176.1,17664.16,MAINTENANCE,Operator_1
COMM02225,SATCOM_02225,33.863696,8.936928,8805.19,Ku,6441.53,20160.98,INACTIVE,Operator_38
COMM02226,SATCOM_02226,-59.180041,30.784825,28533.89,C,14609.14,6757.04,MAINTENANCE,Operator_51
COMM02227,SATCOM_02227,-51.050658,85.317519,23200.14,Ku,27826.93,23861.07,INACTIVE,Operator_217
COMM02228,SATCOM_02228,86.946632,-152.60174,11347.68,L,4580.77,18003.62,ACTIVE,Operator_34
COMM02229,SATCOM_02229,-35.976542,-63.907485,2346.49,C,20907.57,1445.12,INACTIVE,Operator_59
COMM02230,SATCOM_02230,-6.922888,-45.513532,6719.1,X,22173.65,6908.66,ACTIVE,Operator_24
COMM02231,SATCOM_02231,64.098613,14.173923,33279.95,C,29523.09,3518.89,INACTIVE,Operator_104
COMM02232,SATCOM_02232,-24.563038,-35.464258,35467.36,L,27656.96,22517.65,INACTIVE,Operator_185
COMM02233,SATCOM_02233,72.036676,25.625284,22074.67,S,6424.9,16899.54,INACTIVE,Operator_179
COMM02234,SATCOM_02234,-62.965949,78.820535,22619.12,S,27078.14,25250.25,MAINTENANCE,Operator_71
COMM02235,SATCOM_02235,-1.48562,-62.773625,13189.36,Ka,27089.52,22828.43,ACTIVE,Operator_139
COMM02236,SATCOM_02236,-54.347197,-128.457641,35800.36,Ku,21369.45,11344.97,ACTIVE,Operator_174
COMM02237,SATCOM_02237,66.559429,-96.357175,33025.03,Ka,27935.72,23653.61,MAINTENANCE,Operator_163
COMM02238,SATCOM_02238,55.475904,3.687667,9671.32,S,14064.16,26945.95,ACTIVE,Operator_42
COMM02239,SATCOM_02239,-89.883927,21.428048,19563.26,Ka,15789.81,10485.51,ACTIVE,Operator_201
COMM02240,SATCOM_02240,59.029638,89.286624,22095.45,S,5851.08,4039.38,INACTIVE,Operator_210
COMM02241,SATCOM_02241,-78.003033,156.496197,27524.29,Ku,9105.03,25797.43,INACTIVE,Operator_215
COMM02242,SATCOM_02242,60.788603,50.050908,28440.15,Ka,19320.81,11562.44,MAINTENANCE,Operator_91
COMM02243,SATCOM_02243,32.400943,-16.964317,12951.35,X,20864.21,13602.18,INACTIVE,Operator_115
COMM02244,SATCOM_02244,-16.774502,46.861344,631.54,X,4983.87,12771.06,MAINTENANCE,Operator_206
COMM02245,SATCOM_02245,-12.769943,96.126826,2347.3,L,26801.43,19762.81,MAINTENANCE,Operator_223
COMM02246,SATCOM_02246,87.520911,-175.897901,30444.28,X,3176.02,6187.76,INACTIVE,Operator_10
COMM02247,SATCOM_02247,61.434618,155.143129,21079.97,S,26277.66,6929.9,INACTIVE,Operator_136
COMM02248,SATCOM_02248,72.377545,-76.124811,34193.29,S,7428.29,21015.07,MAINTENANCE,Operator_216
COMM02249,SATCOM_02249,-15.003154,37.347633,31819.89,X,8178.2,12603.73,INACTIVE,Operator_128
COMM02250,SATCOM_02250,-3.949006,-145.900168,11256.23,X,11930.23,7660.27,MAINTENANCE,Operator_164
COMM02251,SATCOM_02251,-41.555997,96.326686,32560.69,C,21272.51,7562.14,ACTIVE,Operator_242
COMM02252,SATCOM_02252,-28.508691,-86.357011,17926.61,Ku,29597.74,7708.47,MAINTENANCE,Operator_83
COMM02253,SATCOM_02253,-32.925176,20.469007,7834.07,S,22107.09,17350.4,ACTIVE,Operator_141
COMM02254,SATCOM_02254,85.086803,-99.016836,13947.17,X,13883.47,17619.06,ACTIVE,Operator_155
COMM02255,SATCOM_02255,77.917872,75.744982,10868.31,Ku,18762.83,13300.12,ACTIVE,Operator_37
COMM02256,SATCOM_02256,25.594005,-13.135042,8684.26,Ka,10453.53,18259.13,MAINTENANCE,Operator_33
COMM02257,SATCOM_02257,-56.314126,112.136624,17465.9,C,12631.61,2345.2,MAINTENANCE,Operator_203
COMM02258,SATCOM_02258,-86.634743,7.481575,21337.06,X,4839.24,5796.67,INACTIVE,Operator_6
COMM02259,SATCOM_02259,-24.868032,25.272545,34542.81,C,8618.91,16130.74,MAINTENANCE,Operator_75
COMM02260,SATCOM_02260,63.980804,73.682788,24087.9,Ku,23701.32,28116.0,ACTIVE,Operator_235
COMM02261,SATCOM_02261,-5.103495,55.071508,32259.05,L,7834.59,14823.51,INACTIVE,Operator_18
COMM02262,SATCOM_02262,-73.902997,-48.950239,13413.86,Ka,28299.95,15090.01,INACTIVE,Operator_129
COMM02263,SATCOM_02263,3.127577,-51.816805,35726.68,S,4154.72,19691.33,MAINTENANCE,Operator_235
COMM02264,SATCOM_02264,68.129195,-144.807292,24093.45,L,9490.67,19741.55,INACTIVE,Operator_82
COMM02265,SATCOM_02265,18.501597,2.89887,11635.5,S,14972.86,9677.86,ACTIVE,Operator_171
COMM02266,SATCOM_02266,85.63333,-87.336382,4490.99,Ku,7693.46,29444.25,INACTIVE,Operator_232
COMM02267,SATCOM_02267,31.886838,-161.048619,29037.1,C,7331.3,23607.62,INACTIVE,Operator_80
COMM02268,SATCOM_02268,29.336475,165.157142,35826.74,Ku,3688.01,9321.01,ACTIVE,Operator_72
COMM02269,SATCOM_02269,-69.384701,-176.206191,26546.57,S,11470.3,13950.59,MAINTENANCE,Operator_227
COMM02270,SATCOM_02270,-43.285731,-131.049164,23801.03,X,25218.11,27146.33,ACTIVE,Operator_202
COMM02271,SATCOM_02271,28.165637,-35.567536,23721.99,C,27765.79,1788.98,INACTIVE,Operator_112
COMM02272,SATCOM_02272,-42.121986,-15.992676,33710.84,X,14571.42,1297.95,INACTIVE,Operator_209
COMM02273,SATCOM_02273,74.696573,60.634073,29091.51,L,18664.7,17992.99,MAINTENANCE,Operator_7
COMM02274,SATCOM_02274,24.835074,17.277513,9523.95,C,11191.33,27897.11,ACTIVE,Operator_42
COMM02275,SATCOM_02275,7.127781,-38.794359,14939.78,C,26540.16,16557.24,INACTIVE,Operator_219
COMM02276,SATCOM_02276,-58.207662,-143.903968,29418.74,S,14154.66,27682.06,INACTIVE,Operator_84
COMM02277,SATCOM_02277,20.327193,-63.796237,8688.72,X,20303.4,1956.38,INACTIVE,Operator_95
COMM02278,SATCOM_02278,61.472719,-153.850703,33898.48,C,23072.81,3553.69,ACTIVE,Operator_148
COMM02279,SATCOM_02279,-12.017855,39.599791,19261.65,L,16501.03,7059.32,MAINTENANCE,Operator_97
COMM02280,SATCOM_02280,64.004201,172.520516,30832.04,L,24293.31,2523.86,INACTIVE,Operator_50
COMM02281,SATCOM_02281,-15.74359,63.668859,5088.25,C,29848.96,5185.19,ACTIVE,Operator_82
COMM02282,SATCOM_02282,34.784436,119.136915,27975.51,L,27641.96,27423.31,INACTIVE,Operator_6
COMM02283,SATCOM_02283,58.768398,9.036794,20962.75,Ka,5057.2,8296.02,ACTIVE,Operator_169
COMM02284,SATCOM_02284,-1.208199,161.650938,18562.52,Ka,14582.28,23223.07,ACTIVE,Operator_170
COMM02285,SATCOM_02285,15.790342,146.25524,21703.1,Ka,2556.03,7527.52,INACTIVE,Operator_125
COMM02286,SATCOM_02286,41.375388,-8.001707,6061.16,Ka,11335.59,16509.55,ACTIVE,Operator_157
COMM02287,SATCOM_02287,52.168779,2.588773,1087.4,S,18513.32,8369.99,INACTIVE,Operator_67
COMM02288,SATCOM_02288,53.800267,-7.938626,31294.07,Ku,26912.43,28281.17,INACTIVE,Operator_185
COMM02289,SATCOM_02289,-62.930404,-10.870657,7503.22,Ku,24899.21,26312.1,ACTIVE,Operator_96
COMM02290,SATCOM_02290,8.338087,40.566431,31850.36,Ku,21884.42,10442.85,INACTIVE,Operator_20
COMM02291,SATCOM_02291,-9.157124,-127.592069,12730.21,L,15728.32,20453.19,MAINTENANCE,Operator_79
COMM02292,SATCOM_02292,40.955535,168.122784,23551.2,S,10190.8,4969.74,INACTIVE,Operator_66
COMM02293,SATCOM_02293,67.958992,-90.754391,32287.98,L,17430.9,21756.99,MAINTENANCE,Operator_147
COMM02294,SATCOM_02294,5.614441,-149.694153,32798.57,Ka,10174.83,28174.0,ACTIVE,Operator_154
COMM02295,SATCOM_02295,-83.124226,65.91734,30885.35,X,6088.19,4495.42,MAINTENANCE,Operator_169
COMM02296,SATCOM_02296,3.646042,88.135449,18221.42,S,4944.63,18438.54,MAINTENANCE,Operator_160
COMM02297,SATCOM_02297,-20.72944,-90.505207,33352.34,L,19834.21,21734.03,INACTIVE,Operator_66
COMM02298,SATCOM_02298,88.330906,123.14707,14791.44,Ku,6914.96,5246.24,MAINTENANCE,Operator_230
COMM02299,SATCOM_02299,9.350226,111.134729,19360.8,X,19157.79,16764.55,ACTIVE,Operator_39
COMM02300,SATCOM_02300,-42.455993,163.28972,4650.76,Ka,15493.72,7931.62,INACTIVE,Operator_217
COMM02301,SATCOM_02301,-23.451743,29.487476,32482.93,Ka,12241.1,15357.41,ACTIVE,Operator_220
COMM02302,SATCOM_02302,35.829365,-79.913745,34702.62,Ku,25615.54,24979.23,MAINTENANCE,Operator_241
COMM02303,SATCOM_02303,-76.409993,-42.523152,21291.79,Ku,21506.95,22351.21,MAINTENANCE,Operator_8
COMM02304,SATCOM_02304,-9.293796,-42.068969,22707.54,C,4236.32,3160.16,INACTIVE,Operator_119
COMM02305,SATCOM_02305,-59.20309,-44.801526,33088.6,Ka,28273.35,12568.98,ACTIVE,Operator_109
COMM02306,SATCOM_02306,2.061383,167.929886,27106.43,X,1176.71,25411.86,INACTIVE,Operator_78
COMM02307,SATCOM_02307,86.69361,-156.355525,2543.51,Ka,28765.29,11180.35,MAINTENANCE,Operator_115
COMM02308,SATCOM_02308,-3.516069,136.929689,32823.29,Ka,24080.49,14893.59,ACTIVE,Operator_129
COMM02309,SATCOM_02309,45.795947,-42.541001,627.0,S,16708.55,22357.69,MAINTENANCE,Operator_186
COMM02310,SATCOM_02310,-38.958605,-37.027929,23134.46,Ka,2108.7,9029.36,ACTIVE,Operator_19
COMM02311,SATCOM_02311,82.868748,176.60522,31622.42,L,5182.43,25760.05,ACTIVE,Operator_123
COMM02312,SATCOM_02312,-5.918843,-120.561158,24480.43,S,20847.98,12080.36,MAINTENANCE,Operator_229
COMM02313,SATCOM_02313,78.880794,56.559213,28005.81,C,16236.82,24190.69,INACTIVE,Operator_151
COMM02314,SATCOM_02314,-24.411472,34.605999,25041.11,X,1581.16,17510.17,INACTIVE,Operator_50
COMM02315,SATCOM_02315,61.651309,125.351437,22072.94,S,20645.65,6400.57,INACTIVE,Operator_170
COMM02316,SATCOM_02316,-14.420181,-43.028773,19570.45,X,28002.67,14792.92,MAINTENANCE,Operator_35
COMM02317,SATCOM_02317,-17.666433,71.501523,28068.67,X,5304.2,12676.95,ACTIVE,Operator_124
COMM02318,SATCOM_02318,-27.917019,-168.994632,24926.39,Ka,25698.27,12094.09,INACTIVE,Operator_214
COMM02319,SATCOM_02319,-42.744003,-136.541988,27984.89,C,14443.22,5900.31,ACTIVE,Operator_26
COMM02320,SATCOM_02320,-44.631079,-130.28033,35933.62,C,24611.4,13212.04,MAINTENANCE,Operator_111
COMM02321,SATCOM_02321,73.548401,117.30305,5587.27,S,17532.17,19161.68,ACTIVE,Operator_246
COMM02322,SATCOM_02322,72.762543,-103.357189,9516.52,Ka,28120.26,27357.28,MAINTENANCE,Operator_167
COMM02323,SATCOM_02323,32.852131,86.493527,2797.52,L,15423.31,6863.9,INACTIVE,Operator_7
COMM02324,SATCOM_02324,31.429502,-2.834176,11527.87,S,14001.25,24182.0,INACTIVE,Operator_151
COMM02325,SATCOM_02325,-83.499946,-59.566429,18759.05,S,5732.62,1842.38,MAINTENANCE,Operator_98
COMM02326,SATCOM_02326,86.631237,14.31988,9395.0,Ka,25860.36,18106.31,INACTIVE,Operator_236
COMM02327,SATCOM_02327,80.086652,-113.54539,23253.63,C,18118.47,22437.85,ACTIVE,Operator_123
COMM02328,SATCOM_02328,30.417669,18.104523,15916.15,C,24010.09,21277.9,ACTIVE,Operator_156
COMM02329,SATCOM_02329,68.149471,-11.446486,12983.08,Ku,24287.44,14589.52,ACTIVE,Operator_31
COMM02330,SATCOM_02330,51.803273,-157.524002,12659.03,Ka,10788.14,6706.87,MAINTENANCE,Operator_112
COMM02331,SATCOM_02331,-56.188844,50.798062,17742.5,Ka,19588.38,26717.76,MAINTENANCE,Operator_238
COMM02332,SATCOM_02332,-82.604047,-104.757828,4192.26,X,17451.08,12548.35,ACTIVE,Operator_137
COMM02333,SATCOM_02333,-44.143795,18.739569,26465.52,X,21448.44,10671.86,INACTIVE,Operator_21
COMM02334,SATCOM_02334,-51.60293,-96.450225,27039.16,S,11764.77,24031.84,INACTIVE,Operator_128
COMM02335,SATCOM_02335,-45.928821,11.065251,11207.49,C,19099.39,22475.16,ACTIVE,Operator_205
COMM02336,SATCOM_02336,50.549566,85.954096,34204.57,S,17616.59,3804.88,INACTIVE,Operator_106
COMM02337,SATCOM_02337,-16.771446,152.308215,13651.32,Ka,6861.13,26306.05,INACTIVE,Operator_111
COMM02338,SATCOM_02338,-78.729633,-21.949542,21207.11,Ka,4218.32,20576.09,ACTIVE,Operator_49
COMM02339,SATCOM_02339,-64.850286,-91.50583,14439.47,X,7543.39,10006.58,ACTIVE,Operator_151
COMM02340,SATCOM_02340,-20.017581,-133.841598,31077.36,Ka,11651.92,27364.22,INACTIVE,Operator_99
COMM02341,SATCOM_02341,40.319245,-58.653385,21973.11,S,4730.44,2819.92,INACTIVE,Operator_233
COMM02342,SATCOM_02342,29.63316,-64.78359,1891.53,L,15483.94,14910.89,INACTIVE,Operator_220
COMM02343,SATCOM_02343,-50.147672,-68.747288,352.4,C,13826.96,7012.76,MAINTENANCE,Operator_15
COMM02344,SATCOM_02344,-33.886918,6.208703,22526.73,Ku,23855.3,23372.49,INACTIVE,Operator_44
COMM02345,SATCOM_02345,13.102981,-64.522911,9769.84,Ku,19722.19,13591.48,INACTIVE,Operator_33
COMM02346,SATCOM_02346,-41.896893,7.651372,364.1,L,6412.51,25922.9,ACTIVE,Operator_5
COMM02347,SATCOM_02347,82.490555,-148.584009,23850.1,L,9131.87,19288.17,INACTIVE,Operator_141
COMM02348,SATCOM_02348,17.60438,-99.242828,5122.45,Ku,2163.13,29917.86,MAINTENANCE,Operator_115
COMM02349,SATCOM_02349,-26.863023,-173.181241,27525.34,X,18987.34,28917.76,ACTIVE,Operator_37
COMM02350,SATCOM_02350,-25.518309,104.27672,28559.7,X,26128.57,28108.62,INACTIVE,Operator_42
COMM02351,SATCOM_02351,31.460233,45.570313,30619.2,L,26142.47,17642.42,ACTIVE,Operator_126
COMM02352,SATCOM_02352,12.677494,-95.112499,8379.56,Ka,24886.17,14274.07,MAINTENANCE,Operator_117
COMM02353,SATCOM_02353,-52.51682,-12.213134,20881.4,C,25798.56,18939.82,INACTIVE,Operator_195
COMM02354,SATCOM_02354,79.896839,158.876275,19795.31,C,19543.35,26132.52,MAINTENANCE,Operator_33
COMM02355,SATCOM_02355,-17.405524,-100.101366,7062.52,S,25511.84,16699.57,INACTIVE,Operator_167
COMM02356,SATCOM_02356,46.381297,128.832356,18513.32,S,11717.25,22854.41,ACTIVE,Operator_47
COMM02357,SATCOM_02357,39.345543,15.77313,1524.69,L,18928.12,13946.61,MAINTENANCE,Operator_92
COMM02358,SATCOM_02358,-24.684224,-85.787319,23993.86,Ku,18831.19,23732.56,INACTIVE,Operator_29
COMM02359,SATCOM_02359,52.106414,172.582228,20587.33,X,1060.16,2228.5,ACTIVE,Operator_200
COMM02360,SATCOM_02360,87.033658,-97.977734,32518.28,S,25309.76,3164.83,ACTIVE,Operator_32
COMM02361,SATCOM_02361,-62.634004,-75.918713,16772.48,C,21041.33,2507.33,INACTIVE,Operator_164
COMM02362,SATCOM_02362,45.434563,179.756016,23668.56,X,9070.93,10107.3,MAINTENANCE,Operator_192
COMM02363,SATCOM_02363,49.210928,-15.75144,1991.08,S,3628.23,20243.6,ACTIVE,Operator_237
COMM02364,SATCOM_02364,-76.485757,27.964498,1754.91,L,8062.21,10392.55,ACTIVE,Operator_18
COMM02365,SATCOM_02365,-28.975688,-19.725778,31309.31,L,21122.77,29816.11,MAINTENANCE,Operator_168
COMM02366,SATCOM_02366,-83.752842,-140.623031,6769.87,Ka,20346.26,14488.77,INACTIVE,Operator_167
COMM02367,SATCOM_02367,-1.270655,18.647271,35805.6,L,6430.82,17486.28,ACTIVE,Operator_211
COMM02368,SATCOM_02368,54.707976,-53.981061,4149.71,C,7475.96,22262.35,MAINTENANCE,Operator_89
COMM02369,SATCOM_02369,-3.934889,-159.753804,18976.71,S,7577.28,11996.2,ACTIVE,Operator_72
COMM02370,SATCOM_02370,-77.970142,-146.626891,33182.79,C,23480.76,19505.97,ACTIVE,Operator_38
COMM02371,SATCOM_02371,-27.589738,114.544435,16499.02,S,19894.14,1878.5,ACTIVE,Operator_132
COMM02372,SATCOM_02372,-24.791001,101.258534,6145.5,L,20222.22,2837.74,ACTIVE,Operator_143
COMM02373,SATCOM_02373,-60.663117,18.921033,8376.91,X,14147.73,17637.55,ACTIVE,Operator_129
COMM02374,SATCOM_02374,28.462088,-135.474752,10046.67,X,29118.23,25236.4,MAINTENANCE,Operator_122
COMM02375,SATCOM_02375,43.402735,-162.369867,1344.75,Ku,14200.04,10640.57,INACTIVE,Operator_29
COMM02376,SATCOM_02376,67.793848,-178.121898,16709.76,S,15468.09,15969.9,MAINTENANCE,Operator_41
COMM02377,SATCOM_02377,-22.420271,-133.388545,6176.69,X,28425.78,24865.87,ACTIVE,Operator_114
COMM02378,SATCOM_02378,-34.135345,90.659976,3595.49,X,22411.91,2176.29,MAINTENANCE,Operator_56
COMM02379,SATCOM_02379,56.434782,18.9178,10419.1,Ka,13433.9,8894.98,ACTIVE,Operator_218
COMM02380,SATCOM_02380,46.079228,-12.63329,21326.91,L,13934.68,25373.6,ACTIVE,Operator_127
COMM02381,SATCOM_02381,68.994979,143.401162,20754.32,C,23731.35,18181.63,MAINTENANCE,Operator_62
COMM02382,SATCOM_02382,24.074412,-113.973041,35760.46,L,17072.28,29580.39,INACTIVE,Operator_51
COMM02383,SATCOM_02383,59.976066,-166.513769,23415.96,Ka,13125.41,22601.21,INACTIVE,Operator_48
COMM02384,SATCOM_02384,-2.662067,-174.519703,13174.59,C,16822.68,13540.7,ACTIVE,Operator_60
COMM02385,SATCOM_02385,-60.180514,149.080774,35663.09,S,6600.73,26273.99,ACTIVE,Operator_220
COMM02386,SATCOM_02386,-39.728496,-22.327146,10546.74,S,1565.94,8128.32,MAINTENANCE,Operator_183
COMM02387,SATCOM_02387,-64.212235,17.772614,33103.4,Ka,10942.13,14799.82,MAINTENANCE,Operator_78
COMM02388,SATCOM_02388,-20.150769,-67.490668,31367.52,L,8439.13,21517.42,ACTIVE,Operator_37
COMM02389,SATCOM_02389,5.780736,-178.637456,24802.89,C,3099.05,21487.34,INACTIVE,Operator_236
COMM02390,SATCOM_02390,-58.275486,-23.609971,9144.56,Ka,9910.72,16045.05,ACTIVE,Operator_143
COMM02391,SATCOM_02391,-52.496849,37.146678,23989.91,L,11196.69,25449.68,MAINTENANCE,Operator_107
COMM02392,SATCOM_02392,27.512829,90.817945,20316.59,Ku,17850.89,28462.59,INACTIVE,Operator_130
COMM02393,SATCOM_02393,-51.160433,136.154156,8176.79,X,25075.42,28988.66,INACTIVE,Operator_193
COMM02394,SATCOM_02394,-20.333898,-64.412058,26663.44,C,9662.09,10770.03,ACTIVE,Operator_83
COMM02395,SATCOM_02395,26.629034,130.001078,9577.65,L,12619.56,24018.01,INACTIVE,Operator_57
COMM02396,SATCOM_02396,-20.287006,-16.952772,22313.93,Ka,23644.04,23014.98,INACTIVE,Operator_59
COMM02397,SATCOM_02397,-79.802927,-162.045499,30048.43,X,6914.18,9042.2,MAINTENANCE,Operator_136
COMM02398,SATCOM_02398,-89.779678,162.493121,17710.58,Ka,19765.25,9078.97,ACTIVE,Operator_249
COMM02399,SATCOM_02399,80.024517,143.609355,15471.46,L,14565.88,29719.78,MAINTENANCE,Operator_148
COMM02400,SATCOM_02400,25.475798,165.761421,27626.3,Ku,22952.71,25450.35,MAINTENANCE,Operator_9
COMM02401,SATCOM_02401,-24.221095,-158.511653,12377.57,S,2829.2,16007.09,MAINTENANCE,Operator_207
COMM02402,SATCOM_02402,0.74811,138.273507,10711.22,X,18627.82,18696.44,INACTIVE,Operator_205
COMM02403,SATCOM_02403,6.194725,148.205472,23638.67,C,12157.05,18819.91,MAINTENANCE,Operator_121
COMM02404,SATCOM_02404,47.830001,-29.820758,28411.43,L,9659.93,26858.94,ACTIVE,Operator_250
COMM02405,SATCOM_02405,80.916005,108.730282,21228.05,L,14234.97,18075.89,MAINTENANCE,Operator_44
COMM02406,SATCOM_02406,-54.669839,24.151336,29329.84,Ku,2041.58,27388.1,MAINTENANCE,Operator_15
COMM02407,SATCOM_02407,4.739813,-117.299888,7641.89,X,11626.87,24432.81,INACTIVE,Operator_109
COMM02408,SATCOM_02408,44.776096,-24.44827,33691.35,Ku,12567.68,8905.93,INACTIVE,Operator_24
COMM02409,SATCOM_02409,-16.499628,22.850863,15244.76,X,23024.42,21361.15,INACTIVE,Operator_197
COMM02410,SATCOM_02410,6.850104,105.369146,10695.02,Ka,27520.84,24250.67,ACTIVE,Operator_51
COMM02411,SATCOM_02411,20.467096,-63.042236,28774.03,X,13896.45,25927.85,ACTIVE,Operator_237
COMM02412,SATCOM_02412,-41.92693,87.25463,25836.07,S,19266.45,6255.55,MAINTENANCE,Operator_141
COMM02413,SATCOM_02413,64.912101,111.564259,21411.04,S,23093.28,13480.03,INACTIVE,Operator_111
COMM02414,SATCOM_02414,-13.87153,131.903993,20645.58,L,12177.24,1450.52,INACTIVE,Operator_231
COMM02415,SATCOM_02415,-10.81616,102.994906,16092.69,C,3422.52,1138.39,INACTIVE,Operator_120
COMM02416,SATCOM_02416,-50.889774,124.294623,23624.52,L,4189.07,4644.23,INACTIVE,Operator_248
COMM02417,SATCOM_02417,57.858615,-16.91418,30349.05,S,17383.0,3075.27,ACTIVE,Operator_155
COMM02418,SATCOM_02418,50.580602,-135.398077,14266.26,Ka,23627.78,21503.73,INACTIVE,Operator_10
COMM02419,SATCOM_02419,83.388004,2.621803,4759.18,C,10228.18,28493.84,INACTIVE,Operator_93
COMM02420,SATCOM_02420,79.003409,106.836444,26716.61,Ka,4218.82,12017.36,MAINTENANCE,Operator_77
COMM02421,SATCOM_02421,40.088273,-55.440765,33097.07,X,6438.04,18877.49,MAINTENANCE,Operator_153
COMM02422,SATCOM_02422,-85.239305,85.970709,35397.15,L,22102.28,5110.77,MAINTENANCE,Operator_87
COMM02423,SATCOM_02423,-50.732671,34.724704,21060.19,L,9562.17,3586.98,ACTIVE,Operator_202
COMM02424,SATCOM_02424,7.631457,10.870368,6644.03,S,9758.53,19014.68,MAINTENANCE,Operator_89
COMM02425,SATCOM_02425,-71.055088,-133.122424,2480.89,Ka,23535.73,19918.7,INACTIVE,Operator_250
COMM02426,SATCOM_02426,-68.774447,10.154755,20367.96,Ku,11480.4,7464.86,INACTIVE,Operator_97
COMM02427,SATCOM_02427,-56.23954,-108.076592,15636.99,Ka,9519.8,15427.77,MAINTENANCE,Operator_174
COMM02428,SATCOM_02428,72.409886,-85.306247,33297.46,Ku,6923.27,20132.7,ACTIVE,Operator_211
COMM02429,SATCOM_02429,-52.892531,86.625444,24251.88,Ka,4040.05,22055.12,MAINTENANCE,Operator_175
COMM02430,SATCOM_02430,37.503218,-128.423419,22901.72,L,11918.76,25933.96,MAINTENANCE,Operator_103
COMM02431,SATCOM_02431,86.247566,-179.175779,6809.3,Ka,17422.08,7036.56,INACTIVE,Operator_50
COMM02432,SATCOM_02432,-46.986657,-91.241094,30325.12,Ka,2724.32,25136.24,MAINTENANCE,Operator_99
COMM02433,SATCOM_02433,63.322155,-59.473195,15598.77,C,12268.52,19818.48,ACTIVE,Operator_217
COMM02434,SATCOM_02434,21.326892,-26.400116,8985.04,C,2226.42,17834.12,ACTIVE,Operator_8
COMM02435,SATCOM_02435,20.293428,169.774823,7390.75,S,17951.31,10658.24,MAINTENANCE,Operator_209
COMM02436,SATCOM_02436,-83.346878,162.262139,33666.02,L,4641.68,8846.5,ACTIVE,Operator_37
COMM02437,SATCOM_02437,-5.84722,-90.481074,29705.8,L,9410.88,2323.01,INACTIVE,Operator_217
COMM02438,SATCOM_02438,-42.650771,146.525354,10365.92,Ku,16976.03,7751.61,INACTIVE,Operator_193
COMM02439,SATCOM_02439,-4.082853,71.434968,30242.7,L,21366.78,16181.24,ACTIVE,Operator_165
COMM02440,SATCOM_02440,-85.821931,172.337314,6196.4,Ku,6590.28,5906.02,INACTIVE,Operator_158
COMM02441,SATCOM_02441,12.658816,-103.628275,6603.47,C,18273.49,19215.8,INACTIVE,Operator_40
COMM02442,SATCOM_02442,-9.57659,-113.28522,14855.0,Ku,23318.02,28329.9,MAINTENANCE,Operator_215
COMM02443,SATCOM_02443,52.579383,-86.580626,4867.7,L,19267.0,17111.02,INACTIVE,Operator_39
COMM02444,SATCOM_02444,24.691127,155.308218,15887.81,Ka,3387.09,20980.88,ACTIVE,Operator_207
COMM02445,SATCOM_02445,89.757992,-68.029094,10148.27,X,21896.18,5309.44,ACTIVE,Operator_105
COMM02446,SATCOM_02446,-82.517761,-97.958864,34330.54,C,19263.81,26132.63,ACTIVE,Operator_86
COMM02447,SATCOM_02447,84.256528,-133.349877,23415.36,L,13807.75,18872.11,INACTIVE,Operator_121
COMM02448,SATCOM_02448,-2.071783,140.755747,6466.46,Ka,18271.52,10587.14,INACTIVE,Operator_12
COMM02449,SATCOM_02449,14.704879,-104.031504,3368.75,S,21625.93,10262.11,ACTIVE,Operator_80
COMM02450,SATCOM_02450,-50.20879,-99.960233,18031.77,Ka,8063.84,10222.57,MAINTENANCE,Operator_45
COMM02451,SATCOM_02451,-16.725373,63.044844,10478.68,Ka,17653.83,20422.55,ACTIVE,Operator_158
COMM02452,SATCOM_02452,60.192765,-85.045418,8187.21,L,19663.45,7328.7,MAINTENANCE,Operator_209
COMM02453,SATCOM_02453,56.788742,-127.251586,18209.02,L,1279.3,6525.83,ACTIVE,Operator_213
COMM02454,SATCOM_02454,5.408958,112.893644,1965.96,Ku,15502.88,16955.18,INACTIVE,Operator_116
COMM02455,SATCOM_02455,-74.866649,-25.12151,30751.38,L,26473.88,7639.78,MAINTENANCE,Operator_247
COMM02456,SATCOM_02456,76.997997,12.353752,246.47,Ku,15741.69,22672.57,ACTIVE,Operator_25
COMM02457,SATCOM_02457,-8.592148,-107.875593,16885.7,S,28479.12,12059.37,ACTIVE,Operator_24
COMM02458,SATCOM_02458,21.219331,175.90202,30595.56,Ka,19586.66,7923.33,ACTIVE,Operator_185
COMM02459,SATCOM_02459,17.016918,-179.941407,11636.64,C,10762.44,1804.11,INACTIVE,Operator_17
COMM02460,SATCOM_02460,81.042729,-85.296079,5019.41,Ku,4351.67,5977.94,ACTIVE,Operator_113
COMM02461,SATCOM_02461,80.159735,-27.115399,12351.48,X,10171.4,18250.81,ACTIVE,Operator_77
COMM02462,SATCOM_02462,87.550891,-139.300883,34597.03,S,16842.05,18127.48,INACTIVE,Operator_79
COMM02463,SATCOM_02463,22.780797,-90.484979,20688.0,X,12588.59,15459.95,MAINTENANCE,Operator_29
COMM02464,SATCOM_02464,81.585977,-132.132968,4320.99,Ku,27919.88,19119.26,ACTIVE,Operator_125
COMM02465,SATCOM_02465,52.933215,145.460235,31984.36,Ku,22911.48,22769.26,MAINTENANCE,Operator_13
COMM02466,SATCOM_02466,-54.901985,-52.078017,12006.51,Ka,24593.47,1376.6,MAINTENANCE,Operator_184
COMM02467,SATCOM_02467,-59.698847,109.70744,14757.49,C,5956.86,3238.7,INACTIVE,Operator_87
COMM02468,SATCOM_02468,-30.705841,76.374235,3000.17,X,5939.03,21723.02,MAINTENANCE,Operator_29
COMM02469,SATCOM_02469,-88.064208,77.063592,7432.27,X,29258.19,6676.04,INACTIVE,Operator_41
COMM02470,SATCOM_02470,-75.890836,-16.103747,29918.5,C,10875.32,27233.98,INACTIVE,Operator_210
COMM02471,SATCOM_02471,72.922269,-179.720916,26355.82,X,26652.21,27053.9,INACTIVE,Operator_48
COMM02472,SATCOM_02472,61.702564,-121.503487,24805.59,S,4563.3,5194.76,MAINTENANCE,Operator_57
COMM02473,SATCOM_02473,2.995328,-49.1898,33865.31,Ku,9602.52,29835.96,ACTIVE,Operator_234
COMM02474,SATCOM_02474,9.50945,-116.390489,2670.82,C,17231.43,12968.55,ACTIVE,Operator_94
COMM02475,SATCOM_02475,-14.390376,73.657938,15719.16,L,15307.84,25638.24,MAINTENANCE,Operator_214
COMM02476,SATCOM_02476,71.348984,-126.038282,3794.7,X,15388.83,2619.1,INACTIVE,Operator_94
COMM02477,SATCOM_02477,-37.902915,-166.36262,30472.08,S,22787.54,23400.53,MAINTENANCE,Operator_13
COMM02478,SATCOM_02478,26.107192,-24.264939,6010.69,X,26709.06,9567.0,INACTIVE,Operator_127
COMM02479,SATCOM_02479,31.383581,-17.966468,10360.54,Ka,3258.89,10147.61,ACTIVE,Operator_86
COMM02480,SATCOM_02480,-38.12819,73.855759,7982.05,Ku,24559.05,14226.81,MAINTENANCE,Operator_22
COMM02481,SATCOM_02481,-30.369471,126.592389,23188.74,L,7657.54,16647.51,MAINTENANCE,Operator_54
COMM02482,SATCOM_02482,21.425983,-89.472036,18743.7,X,18227.24,27752.88,INACTIVE,Operator_216
COMM02483,SATCOM_02483,-73.534529,-93.785508,2725.39,X,2722.55,14363.12,MAINTENANCE,Operator_192
COMM02484,SATCOM_02484,24.921725,55.539574,778.39,C,5399.85,24042.27,INACTIVE,Operator_7
COMM02485,SATCOM_02485,-29.700199,-147.391218,8709.39,S,9797.74,1062.72,ACTIVE,Operator_214
COMM02486,SATCOM_02486,55.987438,109.104454,25024.98,L,8919.68,25778.95,ACTIVE,Operator_157
COMM02487,SATCOM_02487,5.366555,162.374157,856.08,S,26661.13,24807.83,MAINTENANCE,Operator_77
COMM02488,SATCOM_02488,70.613784,29.605152,33508.95,L,14083.86,13223.43,MAINTENANCE,Operator_120
COMM02489,SATCOM_02489,-76.153234,29.177261,18176.77,Ka,20904.22,23843.42,ACTIVE,Operator_108
COMM02490,SATCOM_02490,-61.741674,-70.853856,16166.44,X,29617.03,28997.41,INACTIVE,Operator_138
COMM02491,SATCOM_02491,-21.98681,-125.304192,26256.23,C,27530.86,5381.11,MAINTENANCE,Operator_120
COMM02492,SATCOM_02492,-55.727249,117.629455,9325.1,Ka,14159.76,2030.35,ACTIVE,Operator_112
COMM02493,SATCOM_02493,-16.187944,-134.059646,25090.29,S,5389.74,29198.17,MAINTENANCE,Operator_202
COMM02494,SATCOM_02494,83.271787,130.43245,35526.08,Ku,11194.62,3850.75,ACTIVE,Operator_45
COMM02495,SATCOM_02495,-62.324257,-112.663732,27686.45,S,4895.29,5839.87,ACTIVE,Operator_49
COMM02496,SATCOM_02496,-85.347721,17.292513,26356.31,Ka,5678.67,14815.29,MAINTENANCE,Operator_27
COMM02497,SATCOM_02497,86.038489,-62.082516,12090.01,L,11598.59,9521.82,INACTIVE,Operator_229
COMM02498,SATCOM_02498,5.03363,-17.061868,899.93,L,12323.58,6545.74,ACTIVE,Operator_197
COMM02499,SATCOM_02499,14.754039,75.678601,3039.64,Ku,1302.01,4059.97,INACTIVE,Operator_12
COMM02500,SATCOM_02500,-37.15684,93.563963,29551.24,S,10730.54,9100.7,MAINTENANCE,Operator_99
COMM02501,SATCOM_02501,41.836003,35.270114,27492.41,L,13931.26,4427.73,INACTIVE,Operator_164
COMM02502,SATCOM_02502,-1.119353,104.285863,30049.48,Ku,26564.21,13586.75,ACTIVE,Operator_206
COMM02503,SATCOM_02503,-39.743639,-177.181577,13228.78,C,10529.6,28992.31,INACTIVE,Operator_52
COMM02504,SATCOM_02504,0.540603,63.218616,35738.5,Ku,25113.0,23085.73,INACTIVE,Operator_226
COMM02505,SATCOM_02505,-8.710917,109.935743,33991.55,S,12138.1,15205.49,ACTIVE,Operator_13
COMM02506,SATCOM_02506,-20.253417,-122.34425,24413.69,Ku,14313.77,23893.78,INACTIVE,Operator_63
COMM02507,SATCOM_02507,-83.884814,-14.363273,35451.8,C,10181.95,13105.35,MAINTENANCE,Operator_19
COMM02508,SATCOM_02508,-50.772073,167.852684,17408.41,Ku,18609.85,7872.83,INACTIVE,Operator_71
COMM02509,SATCOM_02509,45.034991,-77.264694,9526.43,L,23952.76,14435.24,INACTIVE,Operator_194
COMM02510,SATCOM_02510,-63.82609,16.841817,32833.27,S,26092.27,25535.08,INACTIVE,Operator_73
COMM02511,SATCOM_02511,-61.085785,27.900502,8280.48,C,10789.58,27524.69,ACTIVE,Operator_232
COMM02512,SATCOM_02512,-85.216948,-172.540001,4786.65,Ku,12155.55,6536.42,MAINTENANCE,Operator_31
COMM02513,SATCOM_02513,11.167759,-170.15841,13785.79,L,28987.71,22850.21,INACTIVE,Operator_98
COMM02514,SATCOM_02514,-35.55668,-132.411945,24449.82,S,28346.64,16621.82,MAINTENANCE,Operator_194
COMM02515,SATCOM_02515,-52.77914,-119.668367,30469.05,X,9686.87,7794.73,MAINTENANCE,Operator_120
COMM02516,SATCOM_02516,56.834347,4.983556,16815.76,L,27730.76,13279.97,INACTIVE,Operator_26
COMM02517,SATCOM_02517,-82.388066,-104.582444,14721.45,C,25726.85,18177.64,ACTIVE,Operator_232
COMM02518,SATCOM_02518,-62.056579,47.285035,5956.34,L,21251.97,18113.61,MAINTENANCE,Operator_102
COMM02519,SATCOM_02519,-59.109807,134.406789,7859.26,Ka,26307.49,22015.59,ACTIVE,Operator_107
COMM02520,SATCOM_02520,-44.035364,94.680383,20028.23,X,6295.18,9753.4,INACTIVE,Operator_249
COMM02521,SATCOM_02521,-32.794235,117.883334,12042.23,C,2427.57,19386.32,ACTIVE,Operator_168
COMM02522,SATCOM_02522,-11.192475,172.64214,16792.71,Ku,24091.43,2422.63,ACTIVE,Operator_110
COMM02523,SATCOM_02523,-69.947618,110.653486,18554.88,L,11470.65,5755.16,ACTIVE,Operator_177
COMM02524,SATCOM_02524,-8.881774,124.820861,11221.93,Ka,1977.33,24603.02,MAINTENANCE,Operator_113
COMM02525,SATCOM_02525,12.968177,49.690891,2905.89,S,1001.57,25913.99,INACTIVE,Operator_60
COMM02526,SATCOM_02526,70.478101,-86.744079,19140.94,Ka,15187.3,9099.22,INACTIVE,Operator_117
COMM02527,SATCOM_02527,-1.637332,-61.878927,15321.91,S,28872.64,14892.07,ACTIVE,Operator_5
COMM02528,SATCOM_02528,79.451904,-3.849782,4143.37,X,20885.74,2094.24,MAINTENANCE,Operator_179
COMM02529,SATCOM_02529,70.808351,91.270464,20102.27,L,27228.07,13981.01,ACTIVE,Operator_187
COMM02530,SATCOM_02530,50.738648,-133.074922,12728.13,Ku,1347.23,19191.48,ACTIVE,Operator_13
COMM02531,SATCOM_02531,-82.389995,120.482748,12386.59,L,12473.65,20316.09,MAINTENANCE,Operator_74
COMM02532,SATCOM_02532,-16.083665,31.303927,26953.66,L,19723.91,2876.61,INACTIVE,Operator_143
COMM02533,SATCOM_02533,-54.537898,2.280285,12358.31,Ka,6443.86,14982.12,MAINTENANCE,Operator_198
COMM02534,SATCOM_02534,-12.98117,-168.078485,14757.41,S,13664.01,7951.13,INACTIVE,Operator_121
COMM02535,SATCOM_02535,-76.263383,111.745666,11742.6,C,4369.15,26138.87,INACTIVE,Operator_223
COMM02536,SATCOM_02536,38.611148,-65.766726,27934.43,C,14365.83,13032.65,MAINTENANCE,Operator_183
COMM02537,SATCOM_02537,71.521069,-138.908746,18916.78,Ka,26351.68,10984.68,MAINTENANCE,Operator_180
COMM02538,SATCOM_02538,75.411436,131.163644,13468.47,S,26399.09,11440.79,INACTIVE,Operator_88
COMM02539,SATCOM_02539,-50.428255,49.460944,16348.29,Ka,15608.87,9532.85,ACTIVE,Operator_121
COMM02540,SATCOM_02540,-20.077531,-145.099411,19230.48,L,25619.59,5724.67,INACTIVE,Operator_196
COMM02541,SATCOM_02541,-63.360532,-37.343467,27715.95,X,10832.19,11008.95,MAINTENANCE,Operator_78
COMM02542,SATCOM_02542,8.135491,-68.952538,29281.26,S,27197.74,15599.33,INACTIVE,Operator_79
COMM02543,SATCOM_02543,74.297368,-88.515481,20285.28,C,7640.84,21130.13,ACTIVE,Operator_216
COMM02544,SATCOM_02544,-0.423826,57.079583,15842.97,L,22159.45,22581.07,ACTIVE,Operator_19
COMM02545,SATCOM_02545,-8.273291,-52.621326,24850.15,C,21282.36,23915.01,INACTIVE,Operator_138
COMM02546,SATCOM_02546,20.442257,50.636834,28536.73,C,23042.68,18513.36,MAINTENANCE,Operator_34
COMM02547,SATCOM_02547,12.915982,2.545974,29392.36,X,25600.28,13164.13,INACTIVE,Operator_22
COMM02548,SATCOM_02548,84.531396,-27.562576,26513.84,L,14826.57,6211.25,INACTIVE,Operator_202
COMM02549,SATCOM_02549,-55.445603,-85.509916,33567.3,C,23730.89,10992.87,MAINTENANCE,Operator_124
COMM02550,SATCOM_02550,88.160061,133.273072,8089.31,L,25057.64,26512.29,MAINTENANCE,Operator_20
COMM02551,SATCOM_02551,42.887493,-88.914581,9743.5,C,14357.6,8138.22,INACTIVE,Operator_117
COMM02552,SATCOM_02552,-47.109872,-155.126968,20744.82,Ka,28854.72,24190.48,ACTIVE,Operator_51
COMM02553,SATCOM_02553,-69.761052,-174.262489,6760.69,Ka,19614.95,16832.36,MAINTENANCE,Operator_105
COMM02554,SATCOM_02554,-72.702784,92.134996,27794.98,S,12257.91,9750.66,MAINTENANCE,Operator_105
COMM02555,SATCOM_02555,-17.335423,-140.260919,19765.87,S,23576.13,5926.98,MAINTENANCE,Operator_248
COMM02556,SATCOM_02556,30.237008,31.376673,14334.35,X,7378.09,15658.47,MAINTENANCE,Operator_183
COMM02557,SATCOM_02557,64.385608,15.282821,11275.65,L,27823.76,3954.6,ACTIVE,Operator_79
COMM02558,SATCOM_02558,-43.128095,-47.950631,27243.01,L,28391.75,10423.65,MAINTENANCE,Operator_33
COMM02559,SATCOM_02559,86.34141,8.019604,10619.63,S,6996.69,25178.72,INACTIVE,Operator_109
COMM02560,SATCOM_02560,-60.015763,117.625995,20376.35,X,4599.29,11971.14,INACTIVE,Operator_162
COMM02561,SATCOM_02561,68.955998,0.281694,18065.15,L,27991.41,29029.17,INACTIVE,Operator_22
COMM02562,SATCOM_02562,41.667343,-53.005955,6003.46,X,10475.49,11193.5,MAINTENANCE,Operator_161
COMM02563,SATCOM_02563,-79.739539,94.894694,25931.25,C,17658.6,26146.08,MAINTENANCE,Operator_164
COMM02564,SATCOM_02564,-19.729323,-166.048558,2681.67,Ka,22514.05,13217.62,MAINTENANCE,Operator_77
COMM02565,SATCOM_02565,-47.90775,160.060246,29740.67,X,23465.76,22625.15,INACTIVE,Operator_217
COMM02566,SATCOM_02566,54.325001,73.62187,28058.45,S,19505.7,27862.67,INACTIVE,Operator_15
COMM02567,SATCOM_02567,54.881962,-112.17932,10978.95,L,20079.56,29966.36,MAINTENANCE,Operator_114
COMM02568,SATCOM_02568,-62.1135,-97.663883,30459.24,Ka,19063.14,22014.53,ACTIVE,Operator_48
COMM02569,SATCOM_02569,10.885858,-85.113056,8882.57,C,16949.99,23166.64,INACTIVE,Operator_115
COMM02570,SATCOM_02570,-68.076975,68.729013,20865.06,Ku,19599.86,24633.02,ACTIVE,Operator_59
COMM02571,SATCOM_02571,-40.989839,98.762782,10158.75,Ku,26356.29,3337.84,MAINTENANCE,Operator_146
COMM02572,SATCOM_02572,-74.746889,-68.543864,23441.96,Ka,5522.23,8282.03,ACTIVE,Operator_50
COMM02573,SATCOM_02573,45.74243,-9.385255,15818.97,Ka,9048.96,7373.42,ACTIVE,Operator_249
COMM02574,SATCOM_02574,8.920302,-30.875207,1196.62,X,18855.12,15078.62,MAINTENANCE,Operator_241
COMM02575,SATCOM_02575,-6.937283,35.505743,32601.12,Ka,6262.28,10932.1,ACTIVE,Operator_115
COMM02576,SATCOM_02576,8.912321,28.648829,30020.65,C,7992.53,13740.92,ACTIVE,Operator_214
COMM02577,SATCOM_02577,88.467338,91.678789,17557.0,Ka,4409.88,28811.66,MAINTENANCE,Operator_179
COMM02578,SATCOM_02578,-59.538978,85.627642,27351.26,C,5938.72,17534.54,INACTIVE,Operator_97
COMM02579,SATCOM_02579,36.07172,-127.026502,5055.22,X,18641.44,9776.33,ACTIVE,Operator_130
COMM02580,SATCOM_02580,-47.043244,53.402043,25081.31,C,5908.09,11081.05,ACTIVE,Operator_173
COMM02581,SATCOM_02581,-62.441781,38.604608,24491.11,X,1284.4,16079.71,ACTIVE,Operator_209
COMM02582,SATCOM_02582,-83.795183,-37.195762,10589.01,C,28217.61,19371.89,INACTIVE,Operator_122
COMM02583,SATCOM_02583,19.031441,-88.838532,29913.62,S,11595.31,16735.91,INACTIVE,Operator_123
COMM02584,SATCOM_02584,46.669321,130.360881,29769.01,X,19159.79,6913.98,ACTIVE,Operator_12
COMM02585,SATCOM_02585,45.916923,-72.703177,6947.91,X,5125.98,23010.19,MAINTENANCE,Operator_87
COMM02586,SATCOM_02586,-24.824365,-11.571485,5452.36,X,13977.31,14719.16,ACTIVE,Operator_145
COMM02587,SATCOM_02587,-81.169389,-121.406328,19547.09,Ku,29430.22,11668.86,MAINTENANCE,Operator_29
COMM02588,SATCOM_02588,-73.62542,-67.877638,9124.09,L,5753.23,4048.41,MAINTENANCE,Operator_90
COMM02589,SATCOM_02589,-89.327132,-116.969553,13268.96,L,20468.81,17607.4,MAINTENANCE,Operator_207
COMM02590,SATCOM_02590,-45.824986,83.562908,18320.71,L,4103.51,15588.3,MAINTENANCE,Operator_130
COMM02591,SATCOM_02591,-35.227684,-24.316983,4535.66,C,27118.77,6314.9,MAINTENANCE,Operator_98
COMM02592,SATCOM_02592,-10.187572,107.150827,23018.16,C,14564.04,24788.41,INACTIVE,Operator_3
COMM02593,SATCOM_02593,-19.9135,-32.264805,25478.72,S,27755.62,7137.81,ACTIVE,Operator_220
COMM02594,SATCOM_02594,-16.111921,-65.741776,12655.87,Ku,10348.14,13954.69,INACTIVE,Operator_78
COMM02595,SATCOM_02595,-61.970195,115.344108,15191.62,X,27764.22,8158.69,INACTIVE,Operator_56
COMM02596,SATCOM_02596,50.184108,-47.900956,8280.49,C,23949.18,12107.91,MAINTENANCE,Operator_192
COMM02597,SATCOM_02597,34.506197,100.206118,31536.85,S,28609.54,4171.84,INACTIVE,Operator_216
COMM02598,SATCOM_02598,34.84707,-7.145983,1460.97,L,27292.46,26926.38,MAINTENANCE,Operator_213
COMM02599,SATCOM_02599,87.637014,96.670741,34705.62,C,29540.65,15021.89,ACTIVE,Operator_234
COMM02600,SATCOM_02600,18.606528,-141.438609,22866.93,X,2700.39,6027.16,ACTIVE,Operator_55
COMM02601,SATCOM_02601,83.763839,-137.258512,20724.73,S,27781.4,8359.44,INACTIVE,Operator_18
COMM02602,SATCOM_02602,-71.965078,125.246361,17286.66,C,6157.62,11598.97,INACTIVE,Operator_44
COMM02603,SATCOM_02603,-1.630478,-179.33871,31514.56,L,10196.28,7387.54,MAINTENANCE,Operator_203
COMM02604,SATCOM_02604,-25.380107,137.189456,2511.78,Ku,21733.36,3588.97,MAINTENANCE,Operator_114
COMM02605,SATCOM_02605,43.764144,140.912111,26683.69,X,25142.18,22461.42,INACTIVE,Operator_117
COMM02606,SATCOM_02606,28.165218,-172.379863,4080.14,Ku,17279.52,15533.63,INACTIVE,Operator_101
COMM02607,SATCOM_02607,-6.389432,134.469787,35932.92,Ku,22522.07,21423.11,MAINTENANCE,Operator_231
COMM02608,SATCOM_02608,10.668826,105.902672,32078.82,Ka,6660.53,13184.46,ACTIVE,Operator_172
COMM02609,SATCOM_02609,-13.303669,-142.680306,8693.85,C,9657.9,6771.21,INACTIVE,Operator_2
COMM02610,SATCOM_02610,75.270641,28.843993,10472.37,L,2078.93,18116.22,ACTIVE,Operator_118
COMM02611,SATCOM_02611,76.6616,25.69829,5290.32,L,13488.37,25682.29,MAINTENANCE,Operator_244
COMM02612,SATCOM_02612,87.168004,176.422709,29564.89,Ka,11675.12,9942.62,ACTIVE,Operator_14
COMM02613,SATCOM_02613,76.066827,-153.155145,5384.83,Ku,17702.95,15973.82,ACTIVE,Operator_141
COMM02614,SATCOM_02614,33.487673,98.766893,13372.99,Ku,4175.7,26266.26,MAINTENANCE,Operator_23
COMM02615,SATCOM_02615,4.453452,-129.697799,27212.75,C,17455.09,11369.93,INACTIVE,Operator_203
COMM02616,SATCOM_02616,-15.657575,-45.439432,17358.53,X,6129.89,25956.74,ACTIVE,Operator_115
COMM02617,SATCOM_02617,-41.919329,42.737299,5059.88,X,20680.03,3716.14,MAINTENANCE,Operator_201
COMM02618,SATCOM_02618,83.61258,12.686594,24391.46,S,23478.22,1858.21,ACTIVE,Operator_243
COMM02619,SATCOM_02619,-1.635041,-32.887461,19279.07,S,4966.09,21072.29,ACTIVE,Operator_51
COMM02620,SATCOM_02620,-76.96175,-151.619842,32626.96,Ka,1954.23,29483.69,MAINTENANCE,Operator_40
COMM02621,SATCOM_02621,-3.395395,-0.460875,13992.55,C,25199.31,21186.73,ACTIVE,Operator_72
COMM02622,SATCOM_02622,25.141802,-70.297234,10372.64,S,27373.85,19720.74,ACTIVE,Operator_143
COMM02623,SATCOM_02623,-38.436033,79.317333,22750.33,Ku,4125.66,22033.08,MAINTENANCE,Operator_93
COMM02624,SATCOM_02624,85.557992,147.014461,6868.49,C,23717.55,8978.34,INACTIVE,Operator_113
COMM02625,SATCOM_02625,43.390769,-179.168313,13512.43,Ku,23711.87,19553.65,MAINTENANCE,Operator_41
COMM02626,SATCOM_02626,-89.680448,143.757866,9584.9,S,22149.04,7905.28,ACTIVE,Operator_203
COMM02627,SATCOM_02627,-39.400573,84.072126,4711.22,S,22669.03,12892.73,MAINTENANCE,Operator_54
COMM02628,SATCOM_02628,4.583466,-123.851593,8608.98,Ka,3507.34,24563.88,INACTIVE,Operator_46
COMM02629,SATCOM_02629,34.768323,-26.091346,20976.81,Ku,4418.18,11210.49,ACTIVE,Operator_179
COMM02630,SATCOM_02630,-89.045131,-126.150555,11059.79,L,29438.0,15842.58,ACTIVE,Operator_221
COMM02631,SATCOM_02631,67.1127,163.056135,23745.44,Ka,13474.22,26035.25,INACTIVE,Operator_68
COMM02632,SATCOM_02632,33.530192,-171.677973,33221.77,Ku,20403.52,6522.01,ACTIVE,Operator_199
COMM02633,SATCOM_02633,-62.336833,12.240273,8482.04,X,3480.4,10630.02,INACTIVE,Operator_36
COMM02634,SATCOM_02634,77.70631,-29.846772,19058.04,C,22975.79,20101.88,MAINTENANCE,Operator_79
COMM02635,SATCOM_02635,68.412176,111.948204,18735.74,X,7712.22,27456.44,ACTIVE,Operator_196
COMM02636,SATCOM_02636,32.798626,35.52901,23429.39,C,20734.13,25756.22,MAINTENANCE,Operator_189
COMM02637,SATCOM_02637,-36.419393,-159.557574,17852.7,L,22452.58,22914.62,MAINTENANCE,Operator_183
COMM02638,SATCOM_02638,48.155595,21.144826,34925.9,Ku,6376.98,17949.08,INACTIVE,Operator_249
COMM02639,SATCOM_02639,-28.501616,-17.200892,1938.59,Ku,9715.07,26387.87,ACTIVE,Operator_39
COMM02640,SATCOM_02640,-38.852232,-154.437943,33175.6,C,12714.74,10635.82,ACTIVE,Operator_182
COMM02641,SATCOM_02641,-35.236067,-80.064549,27301.64,S,29406.01,26259.41,MAINTENANCE,Operator_202
COMM02642,SATCOM_02642,-26.157892,68.771975,18767.14,C,26840.04,27826.92,MAINTENANCE,Operator_58
COMM02643,SATCOM_02643,76.86322,54.888248,15090.31,S,24569.89,4164.17,MAINTENANCE,Operator_248
COMM02644,SATCOM_02644,-42.028737,22.24048,27712.68,Ku,15721.81,13403.95,ACTIVE,Operator_159
COMM02645,SATCOM_02645,35.214656,170.101391,27946.84,S,19334.91,23072.47,MAINTENANCE,Operator_197
COMM02646,SATCOM_02646,67.456633,-130.121718,6110.91,Ku,6298.39,14748.71,MAINTENANCE,Operator_174
COMM02647,SATCOM_02647,54.857655,168.586042,34431.61,X,21254.0,4825.48,ACTIVE,Operator_48
COMM02648,SATCOM_02648,86.903237,-39.128476,27850.47,S,23899.25,3611.97,INACTIVE,Operator_229
COMM02649,SATCOM_02649,-72.052245,125.768652,31141.68,Ku,29498.21,7081.45,MAINTENANCE,Operator_76
COMM02650,SATCOM_02650,-12.525788,-142.960925,35038.88,L,9787.47,12693.67,INACTIVE,Operator_95
COMM02651,SATCOM_02651,-51.591262,6.894568,4644.84,L,25745.01,19023.03,INACTIVE,Operator_109
COMM02652,SATCOM_02652,-4.346745,-117.052075,27479.97,Ku,3476.13,20862.52,ACTIVE,Operator_77
COMM02653,SATCOM_02653,32.258586,-73.144179,26479.82,L,17385.97,3240.43,ACTIVE,Operator_54
COMM02654,SATCOM_02654,77.627466,-75.581357,1098.97,L,11538.19,17380.89,ACTIVE,Operator_111
COMM02655,SATCOM_02655,-13.458332,-40.917032,19523.12,X,27352.19,15023.34,ACTIVE,Operator_35
COMM02656,SATCOM_02656,2.574442,171.695949,34249.42,Ku,11453.93,23738.7,MAINTENANCE,Operator_192
COMM02657,SATCOM_02657,-12.207288,88.331447,10765.97,Ku,3219.45,15298.43,MAINTENANCE,Operator_211
COMM02658,SATCOM_02658,-39.842752,-130.131781,1307.81,Ka,12074.27,16255.11,INACTIVE,Operator_245
COMM02659,SATCOM_02659,-26.878586,67.735626,18589.36,X,4263.27,9959.14,INACTIVE,Operator_228
COMM02660,SATCOM_02660,33.241374,-150.253807,11878.19,C,13587.53,16751.52,INACTIVE,Operator_99
COMM02661,SATCOM_02661,-14.129334,65.559181,8060.1,C,15494.62,15488.03,ACTIVE,Operator_231
COMM02662,SATCOM_02662,63.233143,-64.592199,2145.65,Ka,4307.37,27208.24,INACTIVE,Operator_208
COMM02663,SATCOM_02663,-0.875026,-163.669362,11487.92,Ka,27466.15,9704.95,MAINTENANCE,Operator_42
COMM02664,SATCOM_02664,39.621555,-155.806469,34514.33,X,24087.75,4417.62,ACTIVE,Operator_198
COMM02665,SATCOM_02665,40.198487,36.596347,25430.13,S,14333.65,15422.85,INACTIVE,Operator_219
COMM02666,SATCOM_02666,-1.12308,-178.254888,5717.1,C,16393.05,18355.3,INACTIVE,Operator_162
COMM02667,SATCOM_02667,-62.691097,-160.191621,24273.49,Ka,22668.64,8678.85,MAINTENANCE,Operator_61
COMM02668,SATCOM_02668,-35.231272,96.377878,4104.47,C,20673.6,8673.54,INACTIVE,Operator_232
COMM02669,SATCOM_02669,8.606885,5.734877,14934.85,L,10454.25,12632.38,ACTIVE,Operator_62
COMM02670,SATCOM_02670,-15.753056,-151.214326,25877.66,Ka,9488.29,25057.86,INACTIVE,Operator_107
COMM02671,SATCOM_02671,34.757151,-61.287904,28925.74,Ku,24484.54,13981.65,INACTIVE,Operator_164
COMM02672,SATCOM_02672,-21.347915,90.167004,35464.31,Ka,17877.7,5581.45,MAINTENANCE,Operator_74
COMM02673,SATCOM_02673,84.317134,43.964678,34199.69,X,27813.64,25723.35,ACTIVE,Operator_22
COMM02674,SATCOM_02674,-19.912052,-76.476404,16968.66,S,10193.73,6731.24,INACTIVE,Operator_165
COMM02675,SATCOM_02675,52.587908,107.948782,17134.77,S,11637.89,29919.92,ACTIVE,Operator_140
COMM02676,SATCOM_02676,79.136358,37.533246,26097.42,S,13026.47,14409.0,MAINTENANCE,Operator_24
COMM02677,SATCOM_02677,-70.984744,-103.104294,31176.71,Ku,14318.13,23110.89,INACTIVE,Operator_237
COMM02678,SATCOM_02678,-84.031691,-129.362062,15522.38,Ka,20130.67,1777.53,MAINTENANCE,Operator_238
COMM02679,SATCOM_02679,-27.225536,58.010694,26366.97,Ka,4287.96,28701.39,MAINTENANCE,Operator_35
COMM02680,SATCOM_02680,-76.095594,-175.06198,27385.56,Ka,2326.53,4524.38,MAINTENANCE,Operator_217
COMM02681,SATCOM_02681,-80.461473,60.940108,4929.37,L,14614.71,28435.17,MAINTENANCE,Operator_247
COMM02682,SATCOM_02682,22.913563,61.155071,26290.12,Ku,16074.13,14563.89,MAINTENANCE,Operator_215
COMM02683,SATCOM_02683,28.069363,90.851169,26047.32,X,13139.97,12243.05,ACTIVE,Operator_171
COMM02684,SATCOM_02684,18.1428,159.788345,33257.13,Ka,21756.59,18525.9,INACTIVE,Operator_184
COMM02685,SATCOM_02685,56.125579,20.711963,19393.67,S,20811.56,26191.86,ACTIVE,Operator_28
COMM02686,SATCOM_02686,-12.123011,-97.151328,31533.66,Ku,15405.26,15330.56,ACTIVE,Operator_138
COMM02687,SATCOM_02687,-16.872929,-20.888425,17289.54,X,5339.09,10472.78,ACTIVE,Operator_45
COMM02688,SATCOM_02688,70.830895,-77.029451,32453.55,Ka,20259.46,7835.37,ACTIVE,Operator_247
COMM02689,SATCOM_02689,6.151166,43.604117,27039.89,L,10329.04,18295.64,INACTIVE,Operator_201
COMM02690,SATCOM_02690,74.946374,9.602532,16425.41,S,20204.28,16730.97,MAINTENANCE,Operator_32
COMM02691,SATCOM_02691,22.514838,66.545942,26815.71,C,26636.6,20637.15,MAINTENANCE,Operator_149
COMM02692,SATCOM_02692,-63.074046,110.492105,4837.31,C,7124.03,9904.18,MAINTENANCE,Operator_232
COMM02693,SATCOM_02693,-29.526657,53.871613,27390.64,X,19399.77,21500.64,INACTIVE,Operator_71
COMM02694,SATCOM_02694,81.31985,133.671736,33697.43,C,3662.5,14703.04,INACTIVE,Operator_75
COMM02695,SATCOM_02695,-59.360128,159.846396,2647.37,S,27300.51,9304.81,MAINTENANCE,Operator_35
COMM02696,SATCOM_02696,10.416616,11.458961,27511.74,Ka,20509.84,18806.82,ACTIVE,Operator_57
COMM02697,SATCOM_02697,-47.194251,174.839611,9763.69,Ku,9392.36,17566.56,MAINTENANCE,Operator_210
COMM02698,SATCOM_02698,89.610612,63.195863,3999.08,L,12753.9,12380.76,ACTIVE,Operator_159
COMM02699,SATCOM_02699,77.900894,-179.096812,13084.41,X,26853.63,1326.58,ACTIVE,Operator_62
COMM02700,SATCOM_02700,59.007321,-73.921378,24873.99,Ku,11623.06,5711.08,MAINTENANCE,Operator_17
COMM02701,SATCOM_02701,-38.968476,-111.955499,7485.96,Ku,20801.56,14494.11,INACTIVE,Operator_214
COMM02702,SATCOM_02702,-44.711645,-91.388789,27040.99,L,29499.65,19496.26,MAINTENANCE,Operator_93
COMM02703,SATCOM_02703,-31.695265,-135.786108,15841.05,Ku,16868.07,24844.02,INACTIVE,Operator_201
COMM02704,SATCOM_02704,31.234846,18.727066,34164.83,X,19740.34,26468.67,ACTIVE,Operator_57
COMM02705,SATCOM_02705,-51.806738,-138.620062,23340.32,S,14732.96,2035.03,MAINTENANCE,Operator_195
COMM02706,SATCOM_02706,50.208474,-115.566642,4320.36,X,20327.58,7441.17,ACTIVE,Operator_175
COMM02707,SATCOM_02707,-77.827766,-42.360789,1284.53,X,9334.54,1711.44,INACTIVE,Operator_11
COMM02708,SATCOM_02708,-32.82969,-142.208602,31750.45,S,27990.99,29678.66,MAINTENANCE,Operator_47
COMM02709,SATCOM_02709,3.849597,120.30919,5922.44,Ka,22872.21,21483.61,INACTIVE,Operator_188
COMM02710,SATCOM_02710,81.755809,85.619737,23145.46,Ka,13885.48,7974.49,MAINTENANCE,Operator_250
COMM02711,SATCOM_02711,69.321121,87.91679,8083.08,L,9866.29,12567.74,INACTIVE,Operator_35
COMM02712,SATCOM_02712,66.335853,19.154723,4282.4,Ka,20891.15,1786.74,MAINTENANCE,Operator_50
COMM02713,SATCOM_02713,25.627111,151.896767,18847.77,L,23598.62,20162.05,MAINTENANCE,Operator_240
COMM02714,SATCOM_02714,-48.271191,114.133534,19251.75,Ku,27670.53,1966.9,MAINTENANCE,Operator_128
COMM02715,SATCOM_02715,-49.237351,20.691268,17863.94,L,17451.57,26669.15,ACTIVE,Operator_113
COMM02716,SATCOM_02716,-46.538274,76.617663,2589.3,S,8025.38,6356.04,ACTIVE,Operator_120
COMM02717,SATCOM_02717,14.759487,118.622719,6677.73,L,13513.06,20818.63,INACTIVE,Operator_86
COMM02718,SATCOM_02718,21.818247,-18.771832,35468.53,L,27351.29,15002.46,ACTIVE,Operator_82
COMM02719,SATCOM_02719,-12.29772,-84.436671,300.47,Ka,8073.83,4497.19,ACTIVE,Operator_94
COMM02720,SATCOM_02720,22.122718,81.898961,24448.8,Ka,10099.05,23355.7,ACTIVE,Operator_197
COMM02721,SATCOM_02721,-74.337571,132.017991,31176.98,Ku,19727.57,6076.23,MAINTENANCE,Operator_84
COMM02722,SATCOM_02722,-11.768187,20.628342,20181.83,Ku,28730.34,12270.85,ACTIVE,Operator_13
COMM02723,SATCOM_02723,-6.445928,97.576827,7663.52,C,5098.85,10105.97,ACTIVE,Operator_218
COMM02724,SATCOM_02724,5.720125,125.93439,14408.9,Ku,21885.12,22830.39,ACTIVE,Operator_176
COMM02725,SATCOM_02725,23.707716,-114.180972,21287.86,X,1995.14,24637.79,INACTIVE,Operator_139
COMM02726,SATCOM_02726,56.163582,139.355587,1585.5,X,10382.33,26724.81,MAINTENANCE,Operator_35
COMM02727,SATCOM_02727,10.425037,125.711966,15054.02,X,9675.3,16643.36,INACTIVE,Operator_205
COMM02728,SATCOM_02728,-12.736751,119.542296,24565.3,Ku,29861.75,13770.93,MAINTENANCE,Operator_43
COMM02729,SATCOM_02729,89.55892,-38.974554,15062.34,S,13509.25,3794.02,ACTIVE,Operator_225
COMM02730,SATCOM_02730,75.924006,123.042959,9033.88,X,13581.12,25287.41,INACTIVE,Operator_221
COMM02731,SATCOM_02731,48.441575,-53.217506,12469.0,C,4562.79,2191.81,ACTIVE,Operator_189
COMM02732,SATCOM_02732,-88.46929,-94.296746,19672.12,Ku,22536.37,11653.41,MAINTENANCE,Operator_190
COMM02733,SATCOM_02733,63.097472,-59.217927,22054.54,C,13880.44,3131.84,INACTIVE,Operator_116
COMM02734,SATCOM_02734,64.492811,-166.309599,22107.72,S,22219.25,26251.8,ACTIVE,Operator_22
COMM02735,SATCOM_02735,66.747673,56.723746,19214.73,S,17403.93,4270.55,INACTIVE,Operator_72
COMM02736,SATCOM_02736,-13.559802,10.708031,27792.31,S,28667.46,29355.21,MAINTENANCE,Operator_220
COMM02737,SATCOM_02737,-64.587073,132.75149,6982.28,Ku,24857.24,8382.52,ACTIVE,Operator_145
COMM02738,SATCOM_02738,39.526296,-120.490927,23455.67,Ku,25936.54,12908.72,INACTIVE,Operator_124
COMM02739,SATCOM_02739,-53.646912,-120.598317,4722.24,L,13704.6,10755.69,INACTIVE,Operator_230
COMM02740,SATCOM_02740,25.050477,-93.365956,4001.3,L,7435.6,27257.49,ACTIVE,Operator_37
COMM02741,SATCOM_02741,36.955308,43.860268,21299.27,S,26997.83,2107.08,INACTIVE,Operator_123
COMM02742,SATCOM_02742,-11.199213,-24.215901,27609.07,Ka,1664.08,8565.69,ACTIVE,Operator_123
COMM02743,SATCOM_02743,47.466938,49.529653,8046.47,Ku,20701.52,2015.97,ACTIVE,Operator_48
COMM02744,SATCOM_02744,-0.487932,114.496627,690.42,X,1601.61,8620.93,ACTIVE,Operator_159
COMM02745,SATCOM_02745,39.141759,-165.17394,33731.41,C,9858.27,23848.88,ACTIVE,Operator_110
COMM02746,SATCOM_02746,-78.637014,79.72153,13627.12,S,10343.58,14142.01,ACTIVE,Operator_83
COMM02747,SATCOM_02747,-48.829626,-161.752715,6491.8,C,23522.58,27229.59,ACTIVE,Operator_24
COMM02748,SATCOM_02748,-43.401187,-162.773523,2988.48,L,26021.8,15873.25,ACTIVE,Operator_129
COMM02749,SATCOM_02749,-18.571333,60.508456,17184.21,Ka,10114.94,18724.4,ACTIVE,Operator_142
COMM02750,SATCOM_02750,87.05804,68.192297,25642.79,Ka,15378.0,18565.47,MAINTENANCE,Operator_174
COMM02751,SATCOM_02751,61.769579,-47.757137,15461.98,Ku,6799.22,27201.07,MAINTENANCE,Operator_26
COMM02752,SATCOM_02752,-62.438379,-41.685702,33392.14,Ku,1615.12,9919.05,ACTIVE,Operator_111
COMM02753,SATCOM_02753,19.528549,123.825828,2861.41,Ka,2098.94,13055.92,INACTIVE,Operator_55
COMM02754,SATCOM_02754,-67.222804,-9.182285,14701.05,L,25552.29,12245.44,ACTIVE,Operator_171
COMM02755,SATCOM_02755,80.567114,102.034681,7964.54,Ka,19095.52,17245.66,ACTIVE,Operator_85
COMM02756,SATCOM_02756,84.053906,1.928866,15978.02,L,14682.52,20488.23,INACTIVE,Operator_248
COMM02757,SATCOM_02757,48.776481,110.26078,5025.59,C,5187.2,24213.92,INACTIVE,Operator_117
COMM02758,SATCOM_02758,12.39949,117.218046,12820.17,X,26820.93,19836.28,ACTIVE,Operator_203
COMM02759,SATCOM_02759,15.202022,-111.664918,23896.08,Ku,12828.71,23953.98,MAINTENANCE,Operator_26
COMM02760,SATCOM_02760,-1.451183,17.165934,10707.69,Ka,14124.73,18908.29,INACTIVE,Operator_133
COMM02761,SATCOM_02761,-36.542508,-76.884887,13034.81,X,19698.23,19922.68,MAINTENANCE,Operator_193
COMM02762,SATCOM_02762,-44.182104,118.15942,31520.75,C,24107.16,7986.37,ACTIVE,Operator_128
COMM02763,SATCOM_02763,0.460889,-145.891505,21435.51,X,6608.85,28304.47,INACTIVE,Operator_104
COMM02764,SATCOM_02764,12.755331,-143.891617,2467.26,S,27244.17,20896.71,INACTIVE,Operator_192
COMM02765,SATCOM_02765,-57.372739,11.710748,18196.14,X,27515.61,3207.57,MAINTENANCE,Operator_187
COMM02766,SATCOM_02766,29.058643,110.768186,30577.8,C,21617.75,23391.82,ACTIVE,Operator_165
COMM02767,SATCOM_02767,20.359224,-64.083432,32789.17,C,16538.38,7909.66,ACTIVE,Operator_78
COMM02768,SATCOM_02768,-12.563563,-151.108811,814.47,Ku,14725.09,12586.03,MAINTENANCE,Operator_157
COMM02769,SATCOM_02769,-25.290039,7.457219,16667.38,X,20745.07,13017.51,ACTIVE,Operator_65
COMM02770,SATCOM_02770,-28.320758,12.324805,1431.55,C,16421.69,4378.77,INACTIVE,Operator_148
COMM02771,SATCOM_02771,72.300647,143.922935,5871.35,L,21508.35,10887.01,MAINTENANCE,Operator_104
COMM02772,SATCOM_02772,-73.426836,-64.221237,12318.58,L,2627.01,6458.25,MAINTENANCE,Operator_94
COMM02773,SATCOM_02773,-63.141147,-6.976359,27023.03,L,15702.76,20019.8,MAINTENANCE,Operator_25
COMM02774,SATCOM_02774,-47.919355,95.167368,6496.73,L,1673.88,15937.13,ACTIVE,Operator_94
COMM02775,SATCOM_02775,-46.263134,54.001657,16814.11,Ka,4646.16,24758.61,MAINTENANCE,Operator_70
COMM02776,SATCOM_02776,-20.540732,-49.302756,20228.01,Ku,19205.9,2858.55,INACTIVE,Operator_190
COMM02777,SATCOM_02777,69.549781,147.218127,21997.87,C,27595.43,15968.59,INACTIVE,Operator_216
COMM02778,SATCOM_02778,-24.742917,-140.534136,27540.28,S,19304.86,4594.36,MAINTENANCE,Operator_58
COMM02779,SATCOM_02779,32.419595,36.286424,6666.21,Ka,12841.02,9532.23,MAINTENANCE,Operator_1
COMM02780,SATCOM_02780,-39.56854,-111.614199,460.17,S,23717.99,9858.36,ACTIVE,Operator_118
COMM02781,SATCOM_02781,-64.93234,-161.337885,31554.01,Ka,6193.2,15655.75,MAINTENANCE,Operator_230
COMM02782,SATCOM_02782,26.673657,148.398773,33573.8,S,19501.23,6657.22,ACTIVE,Operator_157
COMM02783,SATCOM_02783,12.898812,-124.063008,30971.18,Ku,26463.97,9628.59,ACTIVE,Operator_129
COMM02784,SATCOM_02784,36.609496,-1.684524,24166.11,Ka,5856.03,27445.63,INACTIVE,Operator_115
COMM02785,SATCOM_02785,-6.886455,143.771118,11990.97,L,23638.04,24512.54,INACTIVE,Operator_115
COMM02786,SATCOM_02786,-74.023155,-83.188306,28470.38,Ka,3895.69,1563.87,INACTIVE,Operator_25
COMM02787,SATCOM_02787,-84.273643,-35.896604,6253.76,Ka,28709.45,29905.62,INACTIVE,Operator_239
COMM02788,SATCOM_02788,-20.849965,-50.625232,21525.84,Ku,2821.32,4615.9,INACTIVE,Operator_110
COMM02789,SATCOM_02789,-13.026908,-4.436337,7148.76,L,10226.32,25688.53,ACTIVE,Operator_22
COMM02790,SATCOM_02790,8.012287,-131.752163,24614.75,L,24931.02,28146.13,ACTIVE,Operator_80
COMM02791,SATCOM_02791,11.226529,-78.445226,31719.43,L,7794.11,8412.67,INACTIVE,Operator_158
COMM02792,SATCOM_02792,-9.664129,115.358493,28116.13,X,3542.73,23088.77,INACTIVE,Operator_201
COMM02793,SATCOM_02793,-51.544426,77.775267,7927.05,C,29432.17,16632.72,MAINTENANCE,Operator_213
COMM02794,SATCOM_02794,7.731484,-142.790258,1416.96,Ka,21969.6,11910.89,ACTIVE,Operator_243
COMM02795,SATCOM_02795,-82.763919,-164.125406,24944.58,S,3390.76,3272.28,INACTIVE,Operator_250
COMM02796,SATCOM_02796,-39.816875,-14.452192,21712.1,C,7798.11,11132.07,ACTIVE,Operator_56
COMM02797,SATCOM_02797,16.251014,-173.558085,9728.58,L,24486.89,8907.02,MAINTENANCE,Operator_105
COMM02798,SATCOM_02798,-65.354751,-57.02075,12508.03,S,15553.08,26818.44,INACTIVE,Operator_142
COMM02799,SATCOM_02799,-46.304837,131.117332,15130.27,L,20737.81,9791.56,INACTIVE,Operator_132
COMM02800,SATCOM_02800,28.8279,6.808538,2053.76,L,13223.16,13782.44,MAINTENANCE,Operator_163
COMM02801,SATCOM_02801,-23.426268,-146.494878,20134.11,S,22396.01,13314.16,MAINTENANCE,Operator_120
COMM02802,SATCOM_02802,13.551301,-171.901418,2128.75,Ku,2540.06,5437.02,ACTIVE,Operator_106
COMM02803,SATCOM_02803,87.715571,90.626805,30848.44,S,9993.1,14033.44,ACTIVE,Operator_4
COMM02804,SATCOM_02804,10.920855,7.902596,18219.82,C,27840.27,22418.46,ACTIVE,Operator_52
COMM02805,SATCOM_02805,-53.073455,97.532077,15791.22,S,20576.07,23501.93,ACTIVE,Operator_119
COMM02806,SATCOM_02806,45.032222,94.414436,16814.51,L,17618.8,20880.35,INACTIVE,Operator_137
COMM02807,SATCOM_02807,-27.629422,-49.842254,19639.68,L,28115.93,5107.61,MAINTENANCE,Operator_170
COMM02808,SATCOM_02808,-62.984813,-36.204879,31553.44,L,26856.13,5925.56,MAINTENANCE,Operator_231
COMM02809,SATCOM_02809,-18.329746,23.83952,31773.71,L,27264.04,27503.26,MAINTENANCE,Operator_4
COMM02810,SATCOM_02810,-8.889023,40.780117,30280.15,C,17325.28,4955.54,MAINTENANCE,Operator_247
COMM02811,SATCOM_02811,76.057752,-139.618858,16153.49,Ka,29970.65,16633.62,ACTIVE,Operator_100
COMM02812,SATCOM_02812,38.833067,96.822709,26838.99,C,24885.01,26371.71,MAINTENANCE,Operator_189
COMM02813,SATCOM_02813,57.873211,-145.03673,9593.15,L,9388.95,12340.27,MAINTENANCE,Operator_31
COMM02814,SATCOM_02814,0.468548,109.339321,20873.85,Ka,16574.95,23665.58,MAINTENANCE,Operator_160
COMM02815,SATCOM_02815,4.437983,6.9177,1668.91,Ku,14751.76,7210.76,ACTIVE,Operator_10
COMM02816,SATCOM_02816,-35.673165,-125.50053,35889.6,L,9221.43,20930.56,INACTIVE,Operator_199
COMM02817,SATCOM_02817,-71.66334,-42.816944,23916.73,Ka,23630.54,2965.49,MAINTENANCE,Operator_7
COMM02818,SATCOM_02818,-38.231317,38.885524,10833.89,C,20921.59,10372.75,INACTIVE,Operator_215
COMM02819,SATCOM_02819,-28.996928,2.498646,29713.95,Ka,12658.57,26210.84,MAINTENANCE,Operator_202
COMM02820,SATCOM_02820,-61.816797,-44.777812,1983.86,C,21532.93,5030.42,ACTIVE,Operator_202
COMM02821,SATCOM_02821,-37.906267,75.552362,17426.94,C,16126.97,4386.51,ACTIVE,Operator_184
COMM02822,SATCOM_02822,-15.09475,84.25606,24815.38,Ku,14380.63,16180.09,MAINTENANCE,Operator_68
COMM02823,SATCOM_02823,-11.764237,166.573746,29567.03,X,19390.07,29457.54,INACTIVE,Operator_156
COMM02824,SATCOM_02824,0.174501,-152.241938,30306.94,S,21564.49,29807.96,MAINTENANCE,Operator_44
COMM02825,SATCOM_02825,-26.536812,142.096857,5985.93,C,14439.02,21347.52,MAINTENANCE,Operator_198
COMM02826,SATCOM_02826,46.850034,-125.545753,3125.08,S,11505.96,22327.14,INACTIVE,Operator_122
COMM02827,SATCOM_02827,82.817378,131.482952,7908.87,Ku,7883.49,11290.49,ACTIVE,Operator_225
COMM02828,SATCOM_02828,-67.414199,150.790816,5472.55,L,5597.94,11636.05,MAINTENANCE,Operator_202
COMM02829,SATCOM_02829,-79.598441,67.691285,35768.76,L,2783.05,9834.92,MAINTENANCE,Operator_1
COMM02830,SATCOM_02830,-21.288583,-172.009811,31312.97,S,4078.63,15004.18,MAINTENANCE,Operator_17
COMM02831,SATCOM_02831,-72.833527,-28.633987,16498.92,L,27336.8,12779.92,ACTIVE,Operator_148
COMM02832,SATCOM_02832,-43.431384,-137.943048,12638.32,X,23144.05,14841.14,INACTIVE,Operator_40
COMM02833,SATCOM_02833,-26.566653,57.446289,15201.72,X,23807.81,29703.14,MAINTENANCE,Operator_10
COMM02834,SATCOM_02834,-32.048536,29.566942,9378.93,S,2792.56,14390.76,INACTIVE,Operator_138
COMM02835,SATCOM_02835,-66.337406,-101.921583,23470.36,S,10581.68,26641.4,MAINTENANCE,Operator_29
COMM02836,SATCOM_02836,-64.4235,95.725663,11964.9,Ku,8612.78,17425.5,MAINTENANCE,Operator_234
COMM02837,SATCOM_02837,-54.734582,-83.848234,33254.18,S,10068.69,21265.69,INACTIVE,Operator_206
COMM02838,SATCOM_02838,9.999405,5.784017,30705.8,Ka,25018.02,12422.16,ACTIVE,Operator_71
COMM02839,SATCOM_02839,-40.901258,14.573649,10253.9,L,19567.47,3019.42,ACTIVE,Operator_124
COMM02840,SATCOM_02840,-24.248237,-123.841221,3946.03,C,10575.54,26655.72,ACTIVE,Operator_26
COMM02841,SATCOM_02841,-84.677451,-83.393761,25865.63,Ka,5675.63,14253.9,ACTIVE,Operator_77
COMM02842,SATCOM_02842,26.272507,19.779966,7108.85,X,20327.12,10865.7,INACTIVE,Operator_101
COMM02843,SATCOM_02843,3.666084,112.744931,10794.7,S,18471.42,28074.37,MAINTENANCE,Operator_190
COMM02844,SATCOM_02844,-54.438303,80.888625,8514.28,Ka,16712.57,11801.04,ACTIVE,Operator_120
COMM02845,SATCOM_02845,-26.636954,-35.929639,9732.11,Ku,3910.51,10707.1,ACTIVE,Operator_25
COMM02846,SATCOM_02846,64.900225,-174.238214,18527.03,L,28131.36,15893.18,ACTIVE,Operator_109
COMM02847,SATCOM_02847,60.443011,-127.088422,35859.02,S,29413.6,4612.15,ACTIVE,Operator_102
COMM02848,SATCOM_02848,59.493375,104.772887,34916.82,L,1934.77,4603.12,MAINTENANCE,Operator_224
COMM02849,SATCOM_02849,-8.466717,18.791181,23058.52,L,5154.84,21698.14,MAINTENANCE,Operator_241
COMM02850,SATCOM_02850,-6.945032,-7.411449,14801.75,Ku,18808.8,28791.16,INACTIVE,Operator_7
COMM02851,SATCOM_02851,73.738585,160.932499,13379.48,L,11895.89,4709.36,ACTIVE,Operator_124
COMM02852,SATCOM_02852,35.385769,-164.757316,29768.51,C,18107.83,12632.65,MAINTENANCE,Operator_132
COMM02853,SATCOM_02853,-85.945608,151.506571,7618.59,C,3190.01,16784.13,INACTIVE,Operator_59
COMM02854,SATCOM_02854,-30.247271,119.807636,15396.78,S,7019.7,11019.33,MAINTENANCE,Operator_7
COMM02855,SATCOM_02855,6.308789,-166.841572,18794.77,C,24269.54,12852.86,INACTIVE,Operator_85
COMM02856,SATCOM_02856,-33.62401,-148.572863,15211.33,S,1304.64,3559.33,INACTIVE,Operator_207
COMM02857,SATCOM_02857,-51.355634,105.485281,3657.12,S,9289.51,23119.39,ACTIVE,Operator_17
COMM02858,SATCOM_02858,-48.583177,158.855671,19244.1,L,18532.01,3143.97,MAINTENANCE,Operator_151
COMM02859,SATCOM_02859,38.09978,41.136307,16228.3,S,11455.29,25326.24,MAINTENANCE,Operator_2
COMM02860,SATCOM_02860,-71.362756,-47.713088,7811.5,C,19876.17,2623.2,ACTIVE,Operator_215
COMM02861,SATCOM_02861,-80.834794,175.113169,25254.24,L,16887.41,14024.5,INACTIVE,Operator_63
COMM02862,SATCOM_02862,-30.253513,23.890084,16215.56,X,14483.69,9182.58,MAINTENANCE,Operator_175
COMM02863,SATCOM_02863,69.853046,-115.209112,13195.51,X,26523.67,10084.92,ACTIVE,Operator_215
COMM02864,SATCOM_02864,-23.11372,-77.917479,17786.96,Ka,5941.01,28405.97,MAINTENANCE,Operator_156
COMM02865,SATCOM_02865,-45.359807,64.478306,33298.96,Ka,23933.73,19826.25,INACTIVE,Operator_76
COMM02866,SATCOM_02866,-73.593033,134.786484,16594.81,X,23445.33,17871.5,MAINTENANCE,Operator_42
COMM02867,SATCOM_02867,66.088069,111.41376,25151.34,Ku,9264.37,11009.37,ACTIVE,Operator_177
COMM02868,SATCOM_02868,-54.928635,17.251749,28407.94,C,2069.75,28457.48,INACTIVE,Operator_11
COMM02869,SATCOM_02869,5.61521,-7.009864,3159.23,Ka,2343.88,4003.49,ACTIVE,Operator_43
COMM02870,SATCOM_02870,10.838279,-141.744945,15564.46,X,2611.82,18131.28,INACTIVE,Operator_81
COMM02871,SATCOM_02871,16.092447,-113.785414,33502.36,Ku,29598.71,3901.71,MAINTENANCE,Operator_187
COMM02872,SATCOM_02872,9.255611,153.922845,2683.5,Ku,2971.54,25057.97,MAINTENANCE,Operator_250
COMM02873,SATCOM_02873,-17.898565,104.830466,4768.03,Ka,20718.46,25888.21,MAINTENANCE,Operator_126
COMM02874,SATCOM_02874,32.88976,177.515015,35715.98,L,15771.36,9977.38,MAINTENANCE,Operator_24
COMM02875,SATCOM_02875,-47.993578,160.693419,28991.33,S,23635.91,18020.85,MAINTENANCE,Operator_102
COMM02876,SATCOM_02876,23.119601,-165.795651,14613.82,S,13067.8,18313.22,INACTIVE,Operator_76
COMM02877,SATCOM_02877,-13.898698,32.682278,25365.43,L,11363.79,28053.36,MAINTENANCE,Operator_36
COMM02878,SATCOM_02878,-36.902451,-113.181935,16867.84,S,22491.17,21650.37,ACTIVE,Operator_40
COMM02879,SATCOM_02879,19.563702,-162.558262,18284.89,Ka,24240.15,3724.11,MAINTENANCE,Operator_144
COMM02880,SATCOM_02880,-65.712725,-45.105875,14101.23,Ku,7574.08,14583.59,MAINTENANCE,Operator_201
COMM02881,SATCOM_02881,-84.011378,106.539197,32961.84,S,15736.11,20548.98,INACTIVE,Operator_220
COMM02882,SATCOM_02882,77.445086,105.613875,1213.26,C,25695.07,29919.36,INACTIVE,Operator_244
COMM02883,SATCOM_02883,-77.716133,-149.684675,5119.65,S,20397.46,19854.89,ACTIVE,Operator_187
COMM02884,SATCOM_02884,14.762943,143.185693,17185.72,S,14572.52,6014.92,INACTIVE,Operator_59
COMM02885,SATCOM_02885,-33.237172,150.290752,8473.73,X,29800.55,6296.15,INACTIVE,Operator_95
COMM02886,SATCOM_02886,16.817819,124.56822,484.11,Ka,21466.99,26915.43,MAINTENANCE,Operator_22
COMM02887,SATCOM_02887,71.631193,12.464674,14261.8,L,21331.79,4393.01,MAINTENANCE,Operator_160
COMM02888,SATCOM_02888,-31.83437,-8.703187,10200.06,Ku,18725.6,29171.14,INACTIVE,Operator_194
COMM02889,SATCOM_02889,79.455821,122.074185,6124.41,C,11356.41,4484.8,MAINTENANCE,Operator_49
COMM02890,SATCOM_02890,68.058506,-51.150794,21592.21,Ku,21383.49,10956.06,MAINTENANCE,Operator_169
COMM02891,SATCOM_02891,70.019262,79.629551,30584.86,Ku,17944.2,26279.46,MAINTENANCE,Operator_224
COMM02892,SATCOM_02892,-40.431184,134.844149,27468.34,L,8574.8,20807.57,INACTIVE,Operator_157
COMM02893,SATCOM_02893,58.387996,72.471302,24686.12,C,25446.82,19871.37,ACTIVE,Operator_53
COMM02894,SATCOM_02894,69.897103,80.048064,25031.62,C,1124.22,29218.33,MAINTENANCE,Operator_88
COMM02895,SATCOM_02895,-54.17578,109.096738,17958.8,S,14935.41,12342.87,ACTIVE,Operator_208
COMM02896,SATCOM_02896,11.675942,175.955676,5019.75,Ku,26753.75,18840.97,ACTIVE,Operator_178
COMM02897,SATCOM_02897,-63.661118,18.356713,8223.47,X,9820.34,20813.07,ACTIVE,Operator_71
COMM02898,SATCOM_02898,-3.54056,-81.937605,12092.81,Ka,17098.95,29709.58,ACTIVE,Operator_121
COMM02899,SATCOM_02899,35.037143,47.100177,8313.28,L,27326.93,29861.91,MAINTENANCE,Operator_209
COMM02900,SATCOM_02900,-85.145499,106.837423,8077.12,Ku,28476.26,29500.23,MAINTENANCE,Operator_157
COMM02901,SATCOM_02901,85.631751,-30.401787,20991.23,C,3043.53,1892.05,INACTIVE,Operator_83
COMM02902,SATCOM_02902,57.137787,-17.0267,9710.1,C,3725.68,19263.35,ACTIVE,Operator_112
COMM02903,SATCOM_02903,-38.410231,33.215544,1162.55,X,16262.04,17137.17,INACTIVE,Operator_199
COMM02904,SATCOM_02904,4.216959,-168.687944,11291.26,Ka,27425.1,29707.52,ACTIVE,Operator_48
COMM02905,SATCOM_02905,27.357251,-40.086898,8003.67,S,12986.74,24908.1,INACTIVE,Operator_224
COMM02906,SATCOM_02906,16.876401,-149.022345,15650.84,C,21793.98,16469.57,MAINTENANCE,Operator_183
COMM02907,SATCOM_02907,44.507597,-179.478852,27742.28,L,16303.56,2563.26,INACTIVE,Operator_128
COMM02908,SATCOM_02908,50.159201,-156.041282,22870.09,S,12658.54,23971.71,INACTIVE,Operator_157
COMM02909,SATCOM_02909,58.541408,77.143378,18404.5,X,11436.76,16299.18,ACTIVE,Operator_118
COMM02910,SATCOM_02910,-32.462316,49.27504,24162.05,L,9700.55,19510.79,ACTIVE,Operator_218
COMM02911,SATCOM_02911,-44.143103,116.588512,23441.64,S,3003.27,18794.18,ACTIVE,Operator_211
COMM02912,SATCOM_02912,83.742544,42.902671,32304.15,X,29468.8,7474.19,INACTIVE,Operator_224
COMM02913,SATCOM_02913,-59.534341,-92.407828,18879.49,L,24734.7,4951.86,MAINTENANCE,Operator_208
COMM02914,SATCOM_02914,-35.252832,85.757177,3686.32,L,7262.99,14917.4,MAINTENANCE,Operator_217
COMM02915,SATCOM_02915,67.720971,44.952772,3042.04,S,11930.95,12985.89,INACTIVE,Operator_83
COMM02916,SATCOM_02916,-16.145825,36.252116,26506.35,Ku,2228.22,14942.1,ACTIVE,Operator_161
COMM02917,SATCOM_02917,5.554002,-78.444741,6218.46,X,5448.32,14089.15,ACTIVE,Operator_58
COMM02918,SATCOM_02918,62.005067,135.159725,21456.24,X,14258.18,1594.73,MAINTENANCE,Operator_158
COMM02919,SATCOM_02919,47.291207,102.949649,15555.84,Ku,29202.29,18194.86,MAINTENANCE,Operator_74
COMM02920,SATCOM_02920,-19.562556,-25.218433,16241.57,X,6130.33,28425.36,ACTIVE,Operator_160
COMM02921,SATCOM_02921,86.281339,63.71346,21723.51,L,7474.7,3748.55,INACTIVE,Operator_200
COMM02922,SATCOM_02922,-68.156588,4.531303,33663.77,Ku,7896.24,3138.09,MAINTENANCE,Operator_215
COMM02923,SATCOM_02923,-74.080308,-45.539312,8154.73,Ka,21695.59,14062.56,MAINTENANCE,Operator_223
COMM02924,SATCOM_02924,48.799748,47.727683,6727.19,C,21714.35,26247.86,ACTIVE,Operator_200
COMM02925,SATCOM_02925,-42.390243,-153.758674,26681.08,S,22714.9,1239.12,ACTIVE,Operator_195
COMM02926,SATCOM_02926,44.343807,79.789983,10124.4,L,22554.43,17419.3,MAINTENANCE,Operator_113
COMM02927,SATCOM_02927,77.175052,-89.512589,32403.69,Ku,1853.84,12496.99,ACTIVE,Operator_176
COMM02928,SATCOM_02928,75.604257,-150.151196,27817.03,Ku,24213.47,25687.61,ACTIVE,Operator_214
COMM02929,SATCOM_02929,34.311145,23.340637,7996.84,L,24077.15,29798.77,MAINTENANCE,Operator_131
COMM02930,SATCOM_02930,13.366309,-166.623717,19947.2,S,7385.51,14136.28,INACTIVE,Operator_111
COMM02931,SATCOM_02931,-20.965686,-71.004426,277.0,Ku,4102.38,22661.51,MAINTENANCE,Operator_84
COMM02932,SATCOM_02932,-66.903612,60.004943,8073.16,L,8163.21,14664.48,MAINTENANCE,Operator_175
COMM02933,SATCOM_02933,-34.598457,31.619131,30005.15,L,2408.5,19559.96,INACTIVE,Operator_213
COMM02934,SATCOM_02934,-17.338792,-10.817068,28671.01,Ku,1390.76,1916.94,ACTIVE,Operator_187
COMM02935,SATCOM_02935,-6.457348,46.840038,30995.05,S,27089.57,27858.87,MAINTENANCE,Operator_129
COMM02936,SATCOM_02936,-51.546242,94.354744,35489.97,Ku,9611.08,29719.88,MAINTENANCE,Operator_201
COMM02937,SATCOM_02937,-59.202475,4.684444,2692.54,Ka,17324.75,8570.51,ACTIVE,Operator_195
COMM02938,SATCOM_02938,55.475318,139.289847,9179.45,L,12584.94,5901.98,MAINTENANCE,Operator_84
COMM02939,SATCOM_02939,51.951923,146.419847,6906.2,S,8642.7,11690.17,ACTIVE,Operator_188
COMM02940,SATCOM_02940,60.163246,-166.41045,30971.26,Ku,6399.02,20539.91,INACTIVE,Operator_194
COMM02941,SATCOM_02941,27.04804,-161.096554,21984.86,S,5338.19,19793.96,ACTIVE,Operator_57
COMM02942,SATCOM_02942,50.191516,-52.843152,24257.73,X,27644.26,3245.47,MAINTENANCE,Operator_36
COMM02943,SATCOM_02943,69.334337,178.235273,21501.57,Ka,1997.08,6103.42,ACTIVE,Operator_101
COMM02944,SATCOM_02944,25.079226,-55.700638,32764.46,C,28653.81,20483.27,INACTIVE,Operator_17
COMM02945,SATCOM_02945,6.519682,-160.910187,8756.63,C,9029.8,12388.36,ACTIVE,Operator_126
COMM02946,SATCOM_02946,87.717995,148.559378,17749.21,X,8740.62,9275.57,MAINTENANCE,Operator_101
COMM02947,SATCOM_02947,-41.238008,7.568196,29839.48,L,18589.94,10777.93,INACTIVE,Operator_40
COMM02948,SATCOM_02948,26.307917,-73.627759,4608.51,C,6561.81,5004.1,INACTIVE,Operator_32
COMM02949,SATCOM_02949,3.369807,-127.826259,29054.24,Ku,16815.62,22802.58,INACTIVE,Operator_23
COMM02950,SATCOM_02950,85.219116,-125.136057,18344.38,Ka,12938.98,28939.14,ACTIVE,Operator_24
COMM02951,SATCOM_02951,-79.512676,98.509073,10592.57,X,27406.16,3527.18,INACTIVE,Operator_246
COMM02952,SATCOM_02952,-11.318359,-94.056191,22499.96,Ka,26444.67,9877.98,INACTIVE,Operator_81
COMM02953,SATCOM_02953,36.152147,-143.538001,33691.44,X,3486.26,18551.25,ACTIVE,Operator_221
COMM02954,SATCOM_02954,1.13913,41.65017,493.58,C,27221.33,29318.02,ACTIVE,Operator_9
COMM02955,SATCOM_02955,70.467116,-130.957506,32131.79,L,24418.87,9801.05,ACTIVE,Operator_17
COMM02956,SATCOM_02956,-78.269003,63.502643,1480.46,Ku,21962.21,8111.0,MAINTENANCE,Operator_128
COMM02957,SATCOM_02957,-88.259523,78.764125,5287.73,X,11277.71,13597.7,INACTIVE,Operator_38
COMM02958,SATCOM_02958,4.461627,-115.229734,673.27,S,25967.78,22834.28,MAINTENANCE,Operator_236
COMM02959,SATCOM_02959,-56.057157,157.446147,15924.95,L,17426.55,19010.85,MAINTENANCE,Operator_236
COMM02960,SATCOM_02960,-34.220198,-131.437606,25455.88,S,21853.58,22547.15,INACTIVE,Operator_147
COMM02961,SATCOM_02961,21.469137,69.011369,20293.9,L,26744.79,6242.18,ACTIVE,Operator_21
COMM02962,SATCOM_02962,-34.097013,155.07645,7748.22,C,26961.4,8010.19,ACTIVE,Operator_122
COMM02963,SATCOM_02963,-78.015713,106.722619,8123.44,Ku,10590.3,5196.17,INACTIVE,Operator_199
COMM02964,SATCOM_02964,-58.374157,-88.577567,12835.52,Ku,23383.58,28596.42,INACTIVE,Operator_188
COMM02965,SATCOM_02965,-42.809042,87.249942,12074.84,C,28286.83,8654.5,INACTIVE,Operator_88
COMM02966,SATCOM_02966,35.592204,112.140202,21273.38,C,26845.34,16589.55,MAINTENANCE,Operator_225
COMM02967,SATCOM_02967,69.846143,-171.550982,25521.58,L,1501.68,26465.72,INACTIVE,Operator_216
COMM02968,SATCOM_02968,42.123229,-136.176414,20298.34,C,9219.01,12033.32,INACTIVE,Operator_55
COMM02969,SATCOM_02969,86.946065,-138.772345,25430.84,S,25113.44,14083.26,MAINTENANCE,Operator_168
COMM02970,SATCOM_02970,-89.118927,-159.836733,33886.33,C,29805.18,11913.68,ACTIVE,Operator_170
COMM02971,SATCOM_02971,-1.193121,-91.102629,28872.62,Ku,19911.69,22545.79,ACTIVE,Operator_228
COMM02972,SATCOM_02972,36.483744,83.17159,29337.46,Ka,6264.23,22386.56,MAINTENANCE,Operator_16
COMM02973,SATCOM_02973,-89.513021,-103.675349,31095.42,Ku,1002.96,8979.91,INACTIVE,Operator_245
COMM02974,SATCOM_02974,-35.179489,-106.134149,30193.78,X,12136.48,26723.46,INACTIVE,Operator_25
COMM02975,SATCOM_02975,-55.972812,-115.849695,24751.77,Ka,7902.16,6454.79,MAINTENANCE,Operator_137
COMM02976,SATCOM_02976,-26.602929,-163.296289,28649.27,L,18280.9,24884.9,MAINTENANCE,Operator_224
COMM02977,SATCOM_02977,79.416992,21.410044,33476.98,Ku,16607.03,3545.76,ACTIVE,Operator_137
COMM02978,SATCOM_02978,40.452408,-110.70151,4618.97,Ku,27187.34,3563.81,MAINTENANCE,Operator_70
COMM02979,SATCOM_02979,-84.255954,154.196749,20101.02,Ka,25968.91,24636.06,ACTIVE,Operator_38
COMM02980,SATCOM_02980,-87.085306,120.0509,19788.69,C,9677.74,22345.93,INACTIVE,Operator_17
COMM02981,SATCOM_02981,63.561448,115.98467,15459.6,Ku,18572.7,20259.91,MAINTENANCE,Operator_75
COMM02982,SATCOM_02982,15.522184,-41.608737,18111.78,C,27093.84,8111.66,ACTIVE,Operator_141
COMM02983,SATCOM_02983,53.278093,-172.992379,11826.77,Ka,24302.66,8907.18,ACTIVE,Operator_200
COMM02984,SATCOM_02984,72.186074,-137.118379,21395.89,Ka,6831.45,5394.75,ACTIVE,Operator_7
COMM02985,SATCOM_02985,0.765692,111.395407,29162.95,S,8170.41,15297.4,INACTIVE,Operator_142
COMM02986,SATCOM_02986,8.124313,-48.054696,25891.48,X,7417.21,8155.46,INACTIVE,Operator_120
COMM02987,SATCOM_02987,-1.970097,78.398038,17626.13,Ka,20443.63,28811.77,ACTIVE,Operator_16
COMM02988,SATCOM_02988,47.427655,-166.886563,20832.81,L,22021.38,8722.1,ACTIVE,Operator_128
COMM02989,SATCOM_02989,66.346907,-2.843881,35089.98,Ku,16380.06,16441.25,MAINTENANCE,Operator_91
COMM02990,SATCOM_02990,-5.859404,-52.411175,17173.47,X,25083.24,13474.37,MAINTENANCE,Operator_167
COMM02991,SATCOM_02991,56.229731,-157.802486,20101.59,X,20498.08,10509.06,ACTIVE,Operator_192
COMM02992,SATCOM_02992,6.40838,56.17047,11042.68,S,3677.68,15760.81,MAINTENANCE,Operator_238
COMM02993,SATCOM_02993,42.93798,152.262956,23982.58,L,16248.6,9938.7,ACTIVE,Operator_189
COMM02994,SATCOM_02994,-23.284497,109.261511,20694.61,L,22916.29,7798.0,INACTIVE,Operator_62
COMM02995,SATCOM_02995,85.432229,62.077017,21748.95,X,1148.27,20631.73,ACTIVE,Operator_162
COMM02996,SATCOM_02996,-7.039556,152.932411,17514.99,Ka,15973.88,1015.25,MAINTENANCE,Operator_241
COMM02997,SATCOM_02997,33.84739,-41.418994,11714.69,Ku,11061.03,14882.7,ACTIVE,Operator_225
COMM02998,SATCOM_02998,-50.844437,106.10996,21545.81,Ku,28448.04,16455.31,INACTIVE,Operator_175
COMM02999,SATCOM_02999,-2.756116,130.090054,10784.14,S,6149.79,24012.05,ACTIVE,Operator_110
COMM03000,SATCOM_03000,-81.145101,-44.731798,11872.63,C,14390.72,28823.19,MAINTENANCE,Operator_104
COMM03001,SATCOM_03001,74.106695,-106.807309,11669.08,L,3988.0,16414.82,MAINTENANCE,Operator_143
COMM03002,SATCOM_03002,63.348584,104.92835,17576.9,S,16053.24,7713.83,INACTIVE,Operator_130
COMM03003,SATCOM_03003,-54.474945,159.394997,5599.51,Ka,7749.32,22566.1,ACTIVE,Operator_82
COMM03004,SATCOM_03004,58.07725,48.211382,17950.19,L,15334.09,12693.61,INACTIVE,Operator_124
COMM03005,SATCOM_03005,28.794934,47.992383,11474.23,X,24471.76,26279.66,INACTIVE,Operator_16
COMM03006,SATCOM_03006,82.784869,58.680088,15076.22,Ku,21821.08,6282.37,ACTIVE,Operator_51
COMM03007,SATCOM_03007,-29.162003,154.646062,8752.07,L,22681.77,8400.58,ACTIVE,Operator_103
COMM03008,SATCOM_03008,69.523905,80.979635,34236.16,L,10755.29,26654.28,ACTIVE,Operator_127
COMM03009,SATCOM_03009,3.134975,-5.510332,31926.23,Ku,14040.61,19093.54,ACTIVE,Operator_214
COMM03010,SATCOM_03010,9.755257,-21.705997,21529.62,X,24912.49,9820.33,ACTIVE,Operator_24
COMM03011,SATCOM_03011,-36.259765,-22.614802,33559.11,S,22046.46,25637.86,MAINTENANCE,Operator_149
COMM03012,SATCOM_03012,-56.889961,-111.699069,32306.14,X,20709.92,26578.99,ACTIVE,Operator_220
COMM03013,SATCOM_03013,-66.936507,-116.990781,23801.6,C,7767.93,24223.81,MAINTENANCE,Operator_95
COMM03014,SATCOM_03014,30.461116,-81.966079,35335.63,L,9879.14,21187.5,MAINTENANCE,Operator_48
COMM03015,SATCOM_03015,-81.0242,77.647932,28068.59,X,22969.16,3907.47,MAINTENANCE,Operator_129
COMM03016,SATCOM_03016,-51.608116,174.308456,12504.73,C,23533.27,18542.13,INACTIVE,Operator_110
COMM03017,SATCOM_03017,-39.16801,128.040864,25979.32,C,16383.03,20490.67,INACTIVE,Operator_193
COMM03018,SATCOM_03018,-82.087553,-79.313499,27521.52,L,25275.16,22965.03,ACTIVE,Operator_104
COMM03019,SATCOM_03019,-28.7536,116.493318,246.7,C,14112.15,14238.38,INACTIVE,Operator_129
COMM03020,SATCOM_03020,70.744891,156.69923,5969.46,Ku,10203.01,11996.23,MAINTENANCE,Operator_223
COMM03021,SATCOM_03021,74.319982,38.126124,21554.26,Ka,13340.86,9824.68,INACTIVE,Operator_75
COMM03022,SATCOM_03022,47.501558,133.47638,11158.58,C,2401.91,16385.98,ACTIVE,Operator_87
COMM03023,SATCOM_03023,-71.113914,-102.054847,1408.2,Ku,27410.36,20693.44,INACTIVE,Operator_95
COMM03024,SATCOM_03024,17.29143,50.342896,31799.14,L,15925.25,14785.63,ACTIVE,Operator_98
COMM03025,SATCOM_03025,22.982306,100.463891,15193.76,Ku,5656.99,14545.58,INACTIVE,Operator_204
COMM03026,SATCOM_03026,-64.555644,-156.507764,2497.65,S,2725.78,24028.55,ACTIVE,Operator_163
COMM03027,SATCOM_03027,-60.830763,-73.560527,23605.91,L,19953.84,5896.13,ACTIVE,Operator_80
COMM03028,SATCOM_03028,76.896161,41.876911,24973.0,S,16765.58,11589.57,MAINTENANCE,Operator_105
COMM03029,SATCOM_03029,18.159438,134.222264,1378.66,Ku,2096.76,10269.39,INACTIVE,Operator_119
COMM03030,SATCOM_03030,-39.941841,-111.254227,22315.71,L,10812.29,22917.23,INACTIVE,Operator_10
COMM03031,SATCOM_03031,-30.881303,44.646666,28342.93,S,21831.5,21801.76,ACTIVE,Operator_210
COMM03032,SATCOM_03032,-0.284977,-82.497522,34233.52,Ka,16650.41,21590.98,ACTIVE,Operator_237
COMM03033,SATCOM_03033,62.754016,-11.714051,30820.51,Ku,6998.95,14991.26,INACTIVE,Operator_152
COMM03034,SATCOM_03034,-31.143562,-145.171305,25201.18,Ku,10413.62,25478.89,INACTIVE,Operator_155
COMM03035,SATCOM_03035,-25.283553,-68.072449,29400.43,X,6343.71,15621.57,INACTIVE,Operator_213
COMM03036,SATCOM_03036,67.120507,168.766424,23289.46,C,22768.24,6291.02,ACTIVE,Operator_207
COMM03037,SATCOM_03037,48.173492,133.955186,33443.81,Ka,8047.38,6189.5,MAINTENANCE,Operator_208
COMM03038,SATCOM_03038,69.089988,38.153747,20829.22,Ka,15076.51,8872.55,MAINTENANCE,Operator_97
COMM03039,SATCOM_03039,59.977325,-77.265184,10830.72,X,5404.73,11202.43,ACTIVE,Operator_165
COMM03040,SATCOM_03040,52.273768,63.298212,6688.82,S,16955.34,23235.46,ACTIVE,Operator_180
COMM03041,SATCOM_03041,71.138663,-17.154815,8567.69,S,26435.05,19827.55,MAINTENANCE,Operator_144
COMM03042,SATCOM_03042,-12.713403,-82.460434,12362.09,Ku,2436.37,27245.42,ACTIVE,Operator_82
COMM03043,SATCOM_03043,-66.984211,-129.936452,6856.59,C,6261.33,26749.57,ACTIVE,Operator_115
COMM03044,SATCOM_03044,3.733191,4.557859,29832.33,Ka,6236.33,16927.96,INACTIVE,Operator_57
COMM03045,SATCOM_03045,24.703966,45.61083,2674.02,Ku,12607.99,21874.42,MAINTENANCE,Operator_71
COMM03046,SATCOM_03046,35.621459,-54.676245,30681.67,C,8429.01,9490.48,INACTIVE,Operator_247
COMM03047,SATCOM_03047,88.859246,-137.712757,18763.66,Ku,6782.03,29321.04,MAINTENANCE,Operator_79
COMM03048,SATCOM_03048,-76.697096,143.249029,861.73,S,14590.34,4463.7,ACTIVE,Operator_46
COMM03049,SATCOM_03049,-15.11273,-135.027534,475.05,S,27310.38,7828.65,INACTIVE,Operator_225
COMM03050,SATCOM_03050,41.794243,120.724717,2612.86,L,4566.06,21608.11,MAINTENANCE,Operator_228
COMM03051,SATCOM_03051,-26.895419,-4.451701,3910.78,L,1279.17,21561.95,ACTIVE,Operator_46
COMM03052,SATCOM_03052,52.169928,138.208083,3757.42,C,18439.69,9542.63,MAINTENANCE,Operator_195
COMM03053,SATCOM_03053,15.823594,-179.27985,22274.1,S,25056.03,27161.42,MAINTENANCE,Operator_36
COMM03054,SATCOM_03054,2.272135,-132.153376,32872.17,X,24315.85,20221.32,INACTIVE,Operator_3
COMM03055,SATCOM_03055,7.636047,149.765166,10578.67,S,15562.92,2163.93,MAINTENANCE,Operator_111
COMM03056,SATCOM_03056,-35.484492,-7.421325,17162.61,C,2661.04,28948.46,ACTIVE,Operator_85
COMM03057,SATCOM_03057,57.788287,178.943499,31871.17,S,27973.38,12514.94,ACTIVE,Operator_16
COMM03058,SATCOM_03058,-40.541995,21.74385,22757.93,C,5433.13,26236.42,ACTIVE,Operator_204
COMM03059,SATCOM_03059,-46.179184,-1.063143,24132.6,L,23340.11,6820.92,INACTIVE,Operator_204
COMM03060,SATCOM_03060,-12.728632,47.640287,17756.56,Ka,14322.31,23454.31,INACTIVE,Operator_85
COMM03061,SATCOM_03061,-66.03156,116.281827,26025.02,L,10923.7,6759.41,INACTIVE,Operator_173
COMM03062,SATCOM_03062,-81.534718,-51.668013,30100.37,L,12901.77,15564.86,MAINTENANCE,Operator_160
COMM03063,SATCOM_03063,-37.463067,44.217986,16013.03,S,26796.59,6495.88,ACTIVE,Operator_77
COMM03064,SATCOM_03064,51.582898,147.067296,2885.9,Ku,27511.07,22806.82,MAINTENANCE,Operator_50
COMM03065,SATCOM_03065,13.333434,29.706728,2546.92,X,1736.11,5402.38,MAINTENANCE,Operator_237
COMM03066,SATCOM_03066,-29.465498,-28.150579,9521.63,X,7985.75,9596.3,INACTIVE,Operator_70
COMM03067,SATCOM_03067,34.920578,95.961344,19462.63,Ku,19413.71,21305.91,ACTIVE,Operator_181
COMM03068,SATCOM_03068,-34.432494,150.181064,3740.54,X,19781.41,4432.3,INACTIVE,Operator_91
COMM03069,SATCOM_03069,13.475497,97.745877,21408.11,Ka,14530.88,6236.36,MAINTENANCE,Operator_107
COMM03070,SATCOM_03070,-6.262032,29.123144,15139.58,X,22517.13,5493.35,INACTIVE,Operator_245
COMM03071,SATCOM_03071,46.429287,77.671496,23612.88,Ku,21583.07,17785.44,INACTIVE,Operator_140
COMM03072,SATCOM_03072,71.285643,169.496743,719.71,Ku,12462.71,24079.32,INACTIVE,Operator_42
COMM03073,SATCOM_03073,-22.582043,-85.753452,15942.4,L,18954.81,1510.81,INACTIVE,Operator_110
COMM03074,SATCOM_03074,87.036469,-48.043522,21121.93,L,23134.97,2374.79,MAINTENANCE,Operator_238
COMM03075,SATCOM_03075,-8.129008,-172.286132,1525.01,Ka,14023.66,28176.66,MAINTENANCE,Operator_3
COMM03076,SATCOM_03076,50.233231,86.494007,19076.58,Ka,15200.61,26546.66,INACTIVE,Operator_49
COMM03077,SATCOM_03077,-56.868724,86.415573,3252.86,Ku,3407.75,20714.29,ACTIVE,Operator_204
COMM03078,SATCOM_03078,22.345356,-154.121141,33212.57,S,4275.03,5571.98,MAINTENANCE,Operator_172
COMM03079,SATCOM_03079,73.387173,163.741132,3414.38,S,25688.9,10866.73,ACTIVE,Operator_8
COMM03080,SATCOM_03080,20.605145,-71.984068,13461.03,L,14514.94,4411.39,INACTIVE,Operator_195
COMM03081,SATCOM_03081,-62.159959,154.398872,371.36,S,3702.86,28053.42,MAINTENANCE,Operator_33
COMM03082,SATCOM_03082,57.104737,-158.064716,34616.99,X,13426.27,25683.73,INACTIVE,Operator_95
COMM03083,SATCOM_03083,51.809158,11.306417,28817.9,S,28066.1,15283.88,INACTIVE,Operator_223
COMM03084,SATCOM_03084,53.651918,1.759203,4222.93,Ku,25426.29,28872.38,ACTIVE,Operator_220
COMM03085,SATCOM_03085,53.652589,161.636178,31202.77,L,20873.15,26694.52,ACTIVE,Operator_34
COMM03086,SATCOM_03086,41.326557,-67.349931,20541.89,S,19064.83,29708.17,MAINTENANCE,Operator_69
COMM03087,SATCOM_03087,7.858679,-40.79542,12830.38,S,4593.08,6115.52,INACTIVE,Operator_241
COMM03088,SATCOM_03088,19.368266,-157.799143,12487.26,Ku,5588.55,20837.06,ACTIVE,Operator_246
COMM03089,SATCOM_03089,-68.745849,71.095297,17021.86,Ka,25851.09,25075.15,MAINTENANCE,Operator_123
COMM03090,SATCOM_03090,-79.321876,-33.759732,13128.43,Ka,6240.16,7040.11,ACTIVE,Operator_215
COMM03091,SATCOM_03091,-25.633402,27.636023,12564.16,C,22188.13,25005.65,ACTIVE,Operator_156
COMM03092,SATCOM_03092,-78.706094,-107.891013,30254.02,Ka,12901.21,25021.83,MAINTENANCE,Operator_197
COMM03093,SATCOM_03093,76.927066,-144.809186,11058.25,X,15316.96,19902.29,ACTIVE,Operator_153
COMM03094,SATCOM_03094,40.214144,-79.064154,20233.34,X,21820.0,10322.02,ACTIVE,Operator_105
COMM03095,SATCOM_03095,-8.283432,168.551138,26088.0,C,7333.81,26076.32,INACTIVE,Operator_23
COMM03096,SATCOM_03096,-37.528903,-41.369246,15347.96,S,21069.92,18669.56,MAINTENANCE,Operator_159
COMM03097,SATCOM_03097,2.585206,-111.905871,34674.91,Ka,18602.72,9318.63,INACTIVE,Operator_178
COMM03098,SATCOM_03098,85.940405,174.492562,9858.63,C,6743.37,26320.15,ACTIVE,Operator_77
COMM03099,SATCOM_03099,19.764385,-105.948634,27158.08,C,27262.09,4692.24,MAINTENANCE,Operator_19
COMM03100,SATCOM_03100,-44.273821,149.39349,33527.86,S,4729.93,23409.78,ACTIVE,Operator_163
COMM03101,SATCOM_03101,-35.047611,-130.755618,27445.03,X,10246.35,2068.48,MAINTENANCE,Operator_69
COMM03102,SATCOM_03102,-32.387867,-135.646051,9836.44,Ku,29828.65,8856.11,INACTIVE,Operator_141
COMM03103,SATCOM_03103,-75.137715,-172.025743,3504.4,Ka,10067.48,12153.85,MAINTENANCE,Operator_47
COMM03104,SATCOM_03104,-75.139805,159.610196,13453.43,L,6286.35,25496.18,ACTIVE,Operator_2
COMM03105,SATCOM_03105,51.90465,5.35842,1136.37,Ka,14925.8,11513.36,INACTIVE,Operator_138
COMM03106,SATCOM_03106,10.811719,74.695004,18605.5,Ka,18983.69,24572.21,ACTIVE,Operator_132
COMM03107,SATCOM_03107,26.35276,-130.302189,15301.78,Ku,17513.81,5623.31,MAINTENANCE,Operator_70
COMM03108,SATCOM_03108,80.587818,-108.595825,9960.19,Ku,7182.35,7902.35,INACTIVE,Operator_139
COMM03109,SATCOM_03109,60.902579,-58.725531,22199.37,C,21490.16,4880.98,MAINTENANCE,Operator_17
COMM03110,SATCOM_03110,17.636416,31.200236,20086.76,S,27089.08,18002.16,ACTIVE,Operator_18
COMM03111,SATCOM_03111,-69.62232,-22.03201,7710.41,S,27018.62,13336.27,ACTIVE,Operator_178
COMM03112,SATCOM_03112,81.048806,-128.80212,33683.84,Ka,27833.09,13334.89,INACTIVE,Operator_210
COMM03113,SATCOM_03113,17.710452,-67.810248,3735.16,S,24292.87,29485.23,INACTIVE,Operator_136
COMM03114,SATCOM_03114,14.32964,-9.006462,19646.45,X,11616.57,10423.32,ACTIVE,Operator_140
COMM03115,SATCOM_03115,25.815011,-171.522601,33640.99,S,9222.28,2214.35,ACTIVE,Operator_196
COMM03116,SATCOM_03116,-50.92581,166.235543,30548.51,S,18633.45,24032.89,ACTIVE,Operator_142
COMM03117,SATCOM_03117,81.619564,-95.593822,14335.81,S,24791.28,2158.46,INACTIVE,Operator_106
COMM03118,SATCOM_03118,-55.058691,52.391503,10110.33,C,4659.01,13215.5,ACTIVE,Operator_113
COMM03119,SATCOM_03119,25.643006,-45.87557,29468.69,S,23891.79,17504.62,INACTIVE,Operator_112
COMM03120,SATCOM_03120,5.349129,150.789483,21015.12,S,1426.92,29609.55,ACTIVE,Operator_50
COMM03121,SATCOM_03121,-51.993587,81.861663,868.2,S,28219.14,22118.64,MAINTENANCE,Operator_167
COMM03122,SATCOM_03122,61.12939,149.699577,26084.19,S,21382.74,9445.91,ACTIVE,Operator_145
COMM03123,SATCOM_03123,-20.362858,102.148017,10034.26,L,18941.63,4574.17,ACTIVE,Operator_100
COMM03124,SATCOM_03124,-77.844739,89.022054,33773.11,S,10306.68,11948.86,INACTIVE,Operator_248
COMM03125,SATCOM_03125,-11.025741,-165.308286,3689.78,C,20407.89,26915.25,MAINTENANCE,Operator_34
COMM03126,SATCOM_03126,-64.794376,169.290118,4353.11,Ku,6129.52,16868.11,ACTIVE,Operator_198
COMM03127,SATCOM_03127,64.024206,-46.552092,10054.14,Ku,7280.93,22290.59,INACTIVE,Operator_24
COMM03128,SATCOM_03128,81.012655,101.649372,10536.92,X,15987.41,14169.28,INACTIVE,Operator_109
COMM03129,SATCOM_03129,63.333836,-64.364334,16792.84,X,3302.09,15375.45,INACTIVE,Operator_231
COMM03130,SATCOM_03130,-77.326736,-153.421383,30251.43,Ka,20970.92,10348.72,ACTIVE,Operator_232
COMM03131,SATCOM_03131,89.062493,149.690412,4809.69,L,4859.44,5444.22,ACTIVE,Operator_71
COMM03132,SATCOM_03132,-28.655064,-87.367977,9167.97,Ka,25698.08,5390.88,MAINTENANCE,Operator_176
COMM03133,SATCOM_03133,60.427996,1.873745,18230.42,Ku,3549.01,10768.76,INACTIVE,Operator_8
COMM03134,SATCOM_03134,-48.116508,-179.514668,2321.96,Ku,1340.5,4230.69,INACTIVE,Operator_7
COMM03135,SATCOM_03135,-59.738755,52.578588,29819.04,L,1057.51,24213.11,ACTIVE,Operator_179
COMM03136,SATCOM_03136,76.062354,57.034522,18198.02,X,17956.7,2566.82,INACTIVE,Operator_110
COMM03137,SATCOM_03137,41.688131,29.31383,34351.15,C,13024.88,28188.08,INACTIVE,Operator_151
COMM03138,SATCOM_03138,-78.253617,-96.682888,12023.77,S,1424.42,7940.69,MAINTENANCE,Operator_224
COMM03139,SATCOM_03139,57.17413,-15.883839,24401.43,L,13396.5,29454.35,INACTIVE,Operator_50
COMM03140,SATCOM_03140,-56.39372,42.230457,19551.36,S,15266.83,1805.18,INACTIVE,Operator_167
COMM03141,SATCOM_03141,-54.103635,-126.124295,3244.78,Ka,19038.12,5812.0,MAINTENANCE,Operator_244
COMM03142,SATCOM_03142,4.859371,140.306754,14642.78,S,27289.86,7055.06,INACTIVE,Operator_42
COMM03143,SATCOM_03143,-80.874329,167.251583,29484.47,Ku,23788.28,23101.63,INACTIVE,Operator_16
COMM03144,SATCOM_03144,-11.591962,-62.228501,22552.89,Ku,12088.75,8945.38,MAINTENANCE,Operator_181
COMM03145,SATCOM_03145,-15.670172,122.785742,15890.51,X,10837.6,9668.19,INACTIVE,Operator_21
COMM03146,SATCOM_03146,-80.468651,-101.484864,19864.25,L,24870.71,13465.05,INACTIVE,Operator_206
COMM03147,SATCOM_03147,-67.568524,121.956424,23800.06,S,14131.45,2411.38,INACTIVE,Operator_63
COMM03148,SATCOM_03148,-17.213479,6.18039,30120.49,L,21415.52,10449.79,ACTIVE,Operator_108
COMM03149,SATCOM_03149,-36.462994,3.405004,2295.35,S,23173.83,20701.32,INACTIVE,Operator_130
COMM03150,SATCOM_03150,40.277878,-0.327516,35068.96,Ku,10112.38,14697.28,ACTIVE,Operator_7
COMM03151,SATCOM_03151,-34.428343,-101.990251,27283.2,X,24941.62,24533.77,MAINTENANCE,Operator_196
COMM03152,SATCOM_03152,30.025367,102.64707,19148.61,S,23836.74,4816.02,MAINTENANCE,Operator_134
COMM03153,SATCOM_03153,79.025957,-103.624378,26255.32,Ku,7992.37,13019.2,MAINTENANCE,Operator_71
COMM03154,SATCOM_03154,-22.933597,-159.914569,16049.52,Ku,6018.94,8059.18,ACTIVE,Operator_198
COMM03155,SATCOM_03155,-50.115366,58.345996,648.43,Ku,25136.42,14296.04,MAINTENANCE,Operator_119
COMM03156,SATCOM_03156,60.504231,112.305039,534.62,Ka,9668.06,29750.37,INACTIVE,Operator_22
COMM03157,SATCOM_03157,-70.020181,-1.148627,35074.17,S,22333.11,26561.3,ACTIVE,Operator_36
COMM03158,SATCOM_03158,34.341704,157.194779,12422.88,X,5217.88,20828.28,ACTIVE,Operator_247
COMM03159,SATCOM_03159,-57.82652,-39.872093,2021.14,Ka,29233.75,4404.21,ACTIVE,Operator_71
COMM03160,SATCOM_03160,-24.845873,8.774796,7559.94,C,15036.25,26532.53,INACTIVE,Operator_11
COMM03161,SATCOM_03161,57.636496,-59.966723,18245.31,Ku,20375.38,22364.93,MAINTENANCE,Operator_143
COMM03162,SATCOM_03162,11.448915,59.352428,22591.4,X,20563.53,17501.2,INACTIVE,Operator_224
COMM03163,SATCOM_03163,-32.609528,-96.341237,26721.46,Ku,18976.5,6863.15,INACTIVE,Operator_70
COMM03164,SATCOM_03164,9.387006,-98.834768,29292.01,X,6948.73,26635.37,MAINTENANCE,Operator_68
COMM03165,SATCOM_03165,84.779361,147.219885,25584.29,S,12836.66,24277.84,INACTIVE,Operator_179
COMM03166,SATCOM_03166,-27.581477,-170.536355,6711.16,Ka,9093.16,17592.27,MAINTENANCE,Operator_13
COMM03167,SATCOM_03167,-75.872912,173.591382,12674.23,L,7668.86,24570.97,MAINTENANCE,Operator_250
COMM03168,SATCOM_03168,-83.403984,-156.694581,18292.45,Ka,16129.64,16702.98,MAINTENANCE,Operator_61
COMM03169,SATCOM_03169,12.103476,-98.40158,3068.38,Ka,2495.49,18524.53,ACTIVE,Operator_212
COMM03170,SATCOM_03170,6.786595,172.752759,2254.33,Ka,24866.75,10210.0,MAINTENANCE,Operator_89
COMM03171,SATCOM_03171,-17.340642,-32.246794,26187.49,X,23188.94,17763.76,INACTIVE,Operator_45
COMM03172,SATCOM_03172,6.128186,-178.295335,14132.27,L,27164.44,20482.75,MAINTENANCE,Operator_82
COMM03173,SATCOM_03173,61.778212,8.973912,22856.3,X,26885.37,7904.43,INACTIVE,Operator_167
COMM03174,SATCOM_03174,-34.89046,153.984284,34197.9,L,3591.65,6940.82,INACTIVE,Operator_21
COMM03175,SATCOM_03175,-45.3864,6.203134,11117.06,L,13613.84,27040.21,ACTIVE,Operator_228
COMM03176,SATCOM_03176,-18.78102,136.982559,30001.39,L,25307.69,9797.59,ACTIVE,Operator_28
COMM03177,SATCOM_03177,24.487179,141.894706,2568.4,Ku,19419.52,22146.06,INACTIVE,Operator_212
COMM03178,SATCOM_03178,18.889333,-68.751973,23618.04,Ka,19330.66,22978.81,ACTIVE,Operator_219
COMM03179,SATCOM_03179,-36.10865,-166.921964,32599.17,L,17212.0,5897.48,ACTIVE,Operator_120
COMM03180,SATCOM_03180,-88.904233,-75.241415,12224.39,X,25419.0,6510.33,INACTIVE,Operator_246
COMM03181,SATCOM_03181,40.894198,177.748442,21786.91,L,10112.28,11656.01,ACTIVE,Operator_202
COMM03182,SATCOM_03182,-53.049336,-96.523911,25284.9,Ku,22277.84,11672.03,INACTIVE,Operator_35
COMM03183,SATCOM_03183,47.37684,-156.712911,9861.43,L,23976.62,8937.83,MAINTENANCE,Operator_180
COMM03184,SATCOM_03184,-77.995015,-82.585002,17775.16,S,25922.9,13907.33,INACTIVE,Operator_78
COMM03185,SATCOM_03185,-29.501592,108.807443,10248.12,C,13560.1,15366.79,INACTIVE,Operator_194
COMM03186,SATCOM_03186,-1.662886,-49.868686,874.74,Ka,7113.38,11932.05,ACTIVE,Operator_192
COMM03187,SATCOM_03187,-24.26411,171.878083,22112.17,L,4329.02,9840.28,ACTIVE,Operator_124
COMM03188,SATCOM_03188,-68.043054,-153.391054,7227.02,Ka,27711.13,15502.93,INACTIVE,Operator_5
COMM03189,SATCOM_03189,25.372945,16.883194,24878.73,S,8026.06,12054.57,ACTIVE,Operator_54
COMM03190,SATCOM_03190,32.60191,-154.588423,31746.78,Ka,9746.52,14764.31,MAINTENANCE,Operator_166
COMM03191,SATCOM_03191,-77.268848,108.011341,5437.41,C,27110.66,16287.3,MAINTENANCE,Operator_244
COMM03192,SATCOM_03192,-46.611887,150.57386,22222.6,C,26813.97,28345.79,INACTIVE,Operator_177
COMM03193,SATCOM_03193,4.044426,-33.125644,11234.37,L,22594.24,26242.39,INACTIVE,Operator_219
COMM03194,SATCOM_03194,59.668402,39.2557,30970.92,S,19944.36,23749.23,MAINTENANCE,Operator_128
COMM03195,SATCOM_03195,65.714049,106.803478,9870.19,Ka,27350.03,14535.89,ACTIVE,Operator_163
COMM03196,SATCOM_03196,-20.048789,123.573767,18828.91,C,18788.67,13702.73,INACTIVE,Operator_138
COMM03197,SATCOM_03197,74.128174,88.216072,18149.67,Ka,29587.69,9438.85,INACTIVE,Operator_119
COMM03198,SATCOM_03198,76.21648,-77.156797,13033.91,S,24598.7,20878.44,ACTIVE,Operator_214
COMM03199,SATCOM_03199,58.214162,-29.056605,27572.34,Ku,11634.64,26470.29,MAINTENANCE,Operator_209
COMM03200,SATCOM_03200,-87.499977,-0.859351,11080.73,Ku,6835.25,5180.92,INACTIVE,Operator_250
COMM03201,SATCOM_03201,83.834435,121.75641,13746.01,S,15939.33,6047.99,INACTIVE,Operator_126
COMM03202,SATCOM_03202,13.427097,-161.152998,26866.89,Ku,8717.9,7260.88,MAINTENANCE,Operator_232
COMM03203,SATCOM_03203,-18.594498,-119.656566,13828.84,X,3582.59,7305.11,MAINTENANCE,Operator_30
COMM03204,SATCOM_03204,80.636815,-150.8382,3459.97,C,4537.95,5048.68,ACTIVE,Operator_214
COMM03205,SATCOM_03205,71.623035,-88.174366,11202.75,L,25056.88,27507.31,INACTIVE,Operator_231
COMM03206,SATCOM_03206,-72.621166,-54.761492,12391.98,L,27036.37,4249.21,INACTIVE,Operator_5
COMM03207,SATCOM_03207,-29.312373,75.224317,30909.47,X,13973.16,1070.39,MAINTENANCE,Operator_108
COMM03208,SATCOM_03208,-79.947976,86.117045,3791.94,Ku,9552.21,5511.02,ACTIVE,Operator_99
COMM03209,SATCOM_03209,-41.450206,-142.395944,2468.59,S,18663.54,24122.64,INACTIVE,Operator_113
COMM03210,SATCOM_03210,58.926536,-43.883023,5828.34,S,7787.17,21984.69,ACTIVE,Operator_219
COMM03211,SATCOM_03211,15.95944,-97.530981,4138.58,Ka,13770.42,12969.92,INACTIVE,Operator_20
COMM03212,SATCOM_03212,72.970177,-149.077644,3746.0,Ka,13205.35,8598.62,INACTIVE,Operator_43
COMM03213,SATCOM_03213,89.173625,-117.186034,5549.15,Ka,24825.02,7093.29,MAINTENANCE,Operator_152
COMM03214,SATCOM_03214,2.926976,120.092245,35712.21,Ka,28263.21,5916.93,MAINTENANCE,Operator_93
COMM03215,SATCOM_03215,49.85024,148.220842,31444.17,X,7831.14,21855.37,INACTIVE,Operator_93
COMM03216,SATCOM_03216,54.055454,-79.989529,9186.59,L,21005.84,7367.53,INACTIVE,Operator_198
COMM03217,SATCOM_03217,-33.966015,31.035817,25444.42,C,9643.98,20114.55,INACTIVE,Operator_23
COMM03218,SATCOM_03218,-25.549342,57.852294,10143.79,C,16263.11,3970.23,MAINTENANCE,Operator_134
COMM03219,SATCOM_03219,18.873767,-85.913191,29356.11,X,14171.27,11319.78,MAINTENANCE,Operator_95
COMM03220,SATCOM_03220,53.963279,-150.465107,9851.01,L,20590.18,25799.85,INACTIVE,Operator_226
COMM03221,SATCOM_03221,-76.351701,98.168792,34339.09,C,11706.45,19407.44,MAINTENANCE,Operator_122
COMM03222,SATCOM_03222,69.408113,120.798864,12521.87,S,5833.64,3125.69,INACTIVE,Operator_205
COMM03223,SATCOM_03223,55.04904,-165.100555,13197.93,X,22971.26,7826.79,MAINTENANCE,Operator_37
COMM03224,SATCOM_03224,74.791709,-19.369041,26120.38,C,21858.52,1148.71,MAINTENANCE,Operator_195
COMM03225,SATCOM_03225,-30.828716,-51.342051,26432.29,Ka,9379.85,25835.38,MAINTENANCE,Operator_154
COMM03226,SATCOM_03226,47.397166,76.505819,25777.44,S,29695.09,19527.84,INACTIVE,Operator_232
COMM03227,SATCOM_03227,-83.557837,-179.95956,17540.98,Ku,22945.61,26791.1,INACTIVE,Operator_243
COMM03228,SATCOM_03228,-89.638963,-11.993448,31184.24,C,18294.26,29544.19,MAINTENANCE,Operator_110
COMM03229,SATCOM_03229,29.727712,129.610735,20183.34,C,18647.0,9754.59,ACTIVE,Operator_29
COMM03230,SATCOM_03230,-34.05969,-155.525639,4300.56,Ku,9472.99,1877.03,ACTIVE,Operator_69
COMM03231,SATCOM_03231,-75.608367,7.882035,15639.58,Ka,8231.8,8871.53,MAINTENANCE,Operator_224
COMM03232,SATCOM_03232,-80.405439,-114.704344,3207.14,C,5183.47,19725.59,INACTIVE,Operator_195
COMM03233,SATCOM_03233,51.712521,-48.678491,6349.81,X,25655.28,5750.29,INACTIVE,Operator_9
COMM03234,SATCOM_03234,55.470496,-142.074345,15334.02,X,4631.39,15138.57,ACTIVE,Operator_144
COMM03235,SATCOM_03235,45.678924,143.871333,761.13,S,19231.39,3188.86,INACTIVE,Operator_109
COMM03236,SATCOM_03236,-30.088413,37.315992,13608.49,L,26905.82,11013.93,MAINTENANCE,Operator_177
COMM03237,SATCOM_03237,16.390242,38.63972,28678.77,Ku,28486.52,18188.72,INACTIVE,Operator_52
COMM03238,SATCOM_03238,-48.549367,91.68575,32789.62,C,2104.5,20962.64,INACTIVE,Operator_145
COMM03239,SATCOM_03239,-67.967757,-65.930692,11000.4,Ku,22508.77,27881.29,MAINTENANCE,Operator_36
COMM03240,SATCOM_03240,11.581698,52.627001,10763.02,Ku,27676.18,4886.57,ACTIVE,Operator_107
COMM03241,SATCOM_03241,30.196459,-156.622144,22596.94,L,21621.84,16087.87,INACTIVE,Operator_3
COMM03242,SATCOM_03242,-76.567918,26.955114,8399.57,Ka,6614.22,25623.5,ACTIVE,Operator_145
COMM03243,SATCOM_03243,-42.010141,9.3228,27781.38,S,26717.34,13937.93,ACTIVE,Operator_51
COMM03244,SATCOM_03244,61.658791,-4.659247,11843.89,X,13425.12,26720.66,ACTIVE,Operator_152
COMM03245,SATCOM_03245,26.232309,141.906571,21874.51,C,13767.43,17520.11,MAINTENANCE,Operator_129
COMM03246,SATCOM_03246,-58.735573,-27.447387,18408.17,Ka,16635.38,6953.57,MAINTENANCE,Operator_163
COMM03247,SATCOM_03247,35.867338,164.182005,33771.92,Ku,3948.64,16218.69,MAINTENANCE,Operator_23
COMM03248,SATCOM_03248,-40.780961,-157.603739,8139.01,C,25320.4,25662.71,MAINTENANCE,Operator_100
COMM03249,SATCOM_03249,-81.713654,140.724649,25183.92,C,25811.34,22994.52,MAINTENANCE,Operator_196
COMM03250,SATCOM_03250,3.615309,29.860438,22987.33,Ka,8736.44,4357.8,INACTIVE,Operator_138
COMM03251,SATCOM_03251,-64.658393,19.515377,32211.21,C,12243.39,21248.89,ACTIVE,Operator_33
COMM03252,SATCOM_03252,13.564334,-169.116337,34198.87,S,22815.72,24364.28,INACTIVE,Operator_30
COMM03253,SATCOM_03253,81.123595,-60.633433,4643.07,Ka,14708.44,21866.24,INACTIVE,Operator_202
COMM03254,SATCOM_03254,-12.513678,82.078156,16346.51,Ka,5219.71,6375.3,INACTIVE,Operator_37
COMM03255,SATCOM_03255,46.227962,-38.871434,305.5,L,14649.24,19850.39,INACTIVE,Operator_115
COMM03256,SATCOM_03256,65.681883,112.640303,20313.63,S,19192.88,21002.02,INACTIVE,Operator_42
COMM03257,SATCOM_03257,32.322128,-46.158837,2562.25,C,15536.83,9021.38,INACTIVE,Operator_49
COMM03258,SATCOM_03258,6.93076,-150.776723,23021.66,S,27849.95,24983.0,INACTIVE,Operator_128
COMM03259,SATCOM_03259,27.638299,-51.878962,15864.73,S,6790.12,27409.1,MAINTENANCE,Operator_78
COMM03260,SATCOM_03260,65.80394,43.097092,30631.8,Ka,6277.24,5884.97,MAINTENANCE,Operator_213
COMM03261,SATCOM_03261,-73.773539,-89.849106,25998.7,C,26170.3,23614.75,MAINTENANCE,Operator_157
COMM03262,SATCOM_03262,50.462692,15.48088,7840.09,Ku,23622.99,18386.77,INACTIVE,Operator_22
COMM03263,SATCOM_03263,-8.805262,174.683268,727.96,Ku,7580.41,26205.89,ACTIVE,Operator_7
COMM03264,SATCOM_03264,-22.773587,94.363797,24262.54,X,4048.12,2532.43,INACTIVE,Operator_156
COMM03265,SATCOM_03265,18.779678,-166.410814,24528.34,C,17488.15,11473.0,ACTIVE,Operator_164
COMM03266,SATCOM_03266,-73.604626,71.943232,35060.35,Ku,15563.85,22344.56,INACTIVE,Operator_161
COMM03267,SATCOM_03267,-78.712092,-12.301576,25409.13,Ku,16463.44,17821.97,INACTIVE,Operator_185
COMM03268,SATCOM_03268,-42.670078,4.580166,13392.38,X,12264.9,24331.89,INACTIVE,Operator_5
COMM03269,SATCOM_03269,-33.016664,67.235395,15065.98,L,8087.61,19267.12,INACTIVE,Operator_86
COMM03270,SATCOM_03270,-13.214943,130.262757,4294.95,L,25960.42,3802.65,ACTIVE,Operator_93
COMM03271,SATCOM_03271,-17.095819,-122.457132,19196.13,S,22348.91,12577.31,INACTIVE,Operator_80
COMM03272,SATCOM_03272,-41.934237,40.003556,32671.45,Ka,22218.47,5520.09,MAINTENANCE,Operator_223
COMM03273,SATCOM_03273,-43.714903,-117.273646,2159.02,S,6365.61,2999.35,INACTIVE,Operator_57
COMM03274,SATCOM_03274,-30.404087,-76.376126,2125.72,S,14687.01,14751.82,ACTIVE,Operator_92
COMM03275,SATCOM_03275,83.814694,-84.730587,35673.23,Ka,7229.72,16393.84,INACTIVE,Operator_89
COMM03276,SATCOM_03276,-69.666902,57.60354,33246.1,Ku,28791.47,16175.22,ACTIVE,Operator_121
COMM03277,SATCOM_03277,-68.988577,155.013085,29413.39,C,19501.84,22018.19,ACTIVE,Operator_181
COMM03278,SATCOM_03278,56.631837,147.01481,7429.63,C,24516.78,23511.78,ACTIVE,Operator_159
COMM03279,SATCOM_03279,88.49058,-85.133748,19200.69,Ku,13682.1,24568.26,INACTIVE,Operator_242
COMM03280,SATCOM_03280,40.240481,73.292325,6150.97,Ka,8760.83,25001.46,ACTIVE,Operator_37
COMM03281,SATCOM_03281,-16.575128,35.120451,13168.16,S,29611.56,19776.59,ACTIVE,Operator_214
COMM03282,SATCOM_03282,4.410883,-115.315947,13824.81,S,19401.4,4217.97,MAINTENANCE,Operator_40
COMM03283,SATCOM_03283,3.744286,18.382101,14625.02,S,28881.86,22240.03,INACTIVE,Operator_122
COMM03284,SATCOM_03284,-87.428577,-133.850113,21373.94,Ka,4335.54,26190.31,MAINTENANCE,Operator_126
COMM03285,SATCOM_03285,3.447093,-78.027974,14451.89,Ka,29185.1,16525.97,ACTIVE,Operator_163
COMM03286,SATCOM_03286,-43.127246,-67.10513,29172.93,Ka,19239.63,15271.09,MAINTENANCE,Operator_69
COMM03287,SATCOM_03287,41.630022,-146.203872,17969.42,X,27568.81,23713.6,INACTIVE,Operator_173
COMM03288,SATCOM_03288,-12.767964,-13.105534,24455.05,Ka,11520.96,14260.32,INACTIVE,Operator_86
COMM03289,SATCOM_03289,51.281859,46.663176,21951.79,L,15927.05,6899.92,MAINTENANCE,Operator_71
COMM03290,SATCOM_03290,2.742427,-5.856579,33648.64,X,3433.37,23524.7,MAINTENANCE,Operator_228
COMM03291,SATCOM_03291,-77.590115,144.901152,7657.25,X,29761.9,7029.57,INACTIVE,Operator_143
COMM03292,SATCOM_03292,27.229295,169.994103,26699.33,S,23629.55,15695.8,INACTIVE,Operator_71
COMM03293,SATCOM_03293,-6.517114,92.746662,31727.71,L,17487.72,8028.49,MAINTENANCE,Operator_35
COMM03294,SATCOM_03294,-75.011568,-54.916643,14983.97,X,23552.34,27423.59,MAINTENANCE,Operator_20
COMM03295,SATCOM_03295,85.7323,-6.993586,17606.69,X,16031.82,13224.19,INACTIVE,Operator_78
COMM03296,SATCOM_03296,26.153787,122.368139,17130.12,Ka,7064.48,19967.02,ACTIVE,Operator_138
COMM03297,SATCOM_03297,89.440335,90.785521,23375.69,S,5821.93,25279.32,ACTIVE,Operator_42
COMM03298,SATCOM_03298,-32.734982,12.810528,15553.04,S,23896.2,20594.09,MAINTENANCE,Operator_223
COMM03299,SATCOM_03299,-33.734424,97.988991,23350.49,S,21827.39,23509.62,ACTIVE,Operator_27
COMM03300,SATCOM_03300,38.098664,70.399285,26364.18,C,1081.98,7217.56,MAINTENANCE,Operator_63
COMM03301,SATCOM_03301,-66.586799,117.369815,1492.21,L,26757.63,1138.58,INACTIVE,Operator_20
COMM03302,SATCOM_03302,84.091826,43.639602,11523.83,Ka,28595.04,1438.36,ACTIVE,Operator_55
COMM03303,SATCOM_03303,-10.447708,103.50709,21501.58,C,17288.99,23062.31,INACTIVE,Operator_66
COMM03304,SATCOM_03304,-25.031486,150.22816,25397.38,X,22641.82,12421.53,INACTIVE,Operator_73
COMM03305,SATCOM_03305,-11.288423,35.709469,2398.71,L,17334.34,18684.3,ACTIVE,Operator_31
COMM03306,SATCOM_03306,66.435056,172.853887,23964.92,L,15537.01,17925.19,ACTIVE,Operator_14
COMM03307,SATCOM_03307,27.449977,59.939966,5680.88,L,21144.74,27446.91,ACTIVE,Operator_42
COMM03308,SATCOM_03308,-48.153874,-132.115104,3557.7,Ku,22628.07,3911.1,INACTIVE,Operator_26
COMM03309,SATCOM_03309,73.330914,-177.628803,11719.33,L,27479.19,19384.68,ACTIVE,Operator_133
COMM03310,SATCOM_03310,35.396754,-91.289724,13304.25,C,10128.73,23634.78,MAINTENANCE,Operator_231
COMM03311,SATCOM_03311,-68.226966,142.566009,18935.82,Ku,10849.9,11781.63,ACTIVE,Operator_196
COMM03312,SATCOM_03312,34.105354,-56.347338,1292.96,Ku,27404.87,19324.98,ACTIVE,Operator_38
COMM03313,SATCOM_03313,-82.673731,-59.477308,15820.92,Ka,16073.38,13348.05,ACTIVE,Operator_176
COMM03314,SATCOM_03314,29.060203,-120.37071,2356.9,X,16316.96,11797.94,INACTIVE,Operator_43
COMM03315,SATCOM_03315,-23.924251,40.891703,1236.78,L,3113.5,1116.12,ACTIVE,Operator_188
COMM03316,SATCOM_03316,29.229444,9.867919,33694.21,S,24497.11,29843.44,ACTIVE,Operator_171
COMM03317,SATCOM_03317,-14.069634,-74.375319,6316.33,Ku,7255.71,27356.55,INACTIVE,Operator_5
COMM03318,SATCOM_03318,-22.310984,-16.033495,13537.73,C,28957.39,4308.42,ACTIVE,Operator_69
COMM03319,SATCOM_03319,8.249861,161.925825,27492.84,Ka,1313.0,6640.41,INACTIVE,Operator_250
COMM03320,SATCOM_03320,-28.013046,-98.607602,3615.52,Ka,29942.74,19678.38,ACTIVE,Operator_118
COMM03321,SATCOM_03321,28.29833,-149.173268,2793.03,Ku,3622.79,19240.74,MAINTENANCE,Operator_199
COMM03322,SATCOM_03322,50.627661,36.332353,24979.53,Ka,23803.63,5453.88,INACTIVE,Operator_34
COMM03323,SATCOM_03323,-15.274184,32.446644,32859.24,C,20015.0,24663.01,MAINTENANCE,Operator_77
COMM03324,SATCOM_03324,46.786758,-30.019644,25625.31,Ku,17949.29,19387.36,INACTIVE,Operator_38
COMM03325,SATCOM_03325,74.503654,-175.67481,28536.5,S,27945.29,1839.49,INACTIVE,Operator_152
COMM03326,SATCOM_03326,-28.703761,-84.871385,23063.04,Ku,7721.48,24456.12,MAINTENANCE,Operator_222
COMM03327,SATCOM_03327,85.017623,75.617833,27063.12,X,1710.34,3987.28,MAINTENANCE,Operator_220
COMM03328,SATCOM_03328,-73.856232,-161.660942,19494.9,Ka,23358.87,24617.17,ACTIVE,Operator_105
COMM03329,SATCOM_03329,-72.216797,109.64122,32562.35,L,22497.56,19288.27,ACTIVE,Operator_16
COMM03330,SATCOM_03330,58.005682,-169.286095,19981.88,L,12367.5,15602.49,INACTIVE,Operator_97
COMM03331,SATCOM_03331,76.962558,104.599263,33877.89,Ku,25504.67,4146.02,MAINTENANCE,Operator_164
COMM03332,SATCOM_03332,-70.451827,-69.088728,35089.39,C,8672.41,4202.64,MAINTENANCE,Operator_95
COMM03333,SATCOM_03333,49.895717,-3.95412,20499.87,C,12613.14,16495.42,MAINTENANCE,Operator_127
COMM03334,SATCOM_03334,80.512861,-55.071991,12932.54,Ku,23770.83,20167.07,INACTIVE,Operator_74
COMM03335,SATCOM_03335,-14.78105,25.826443,14282.41,S,27488.34,29982.59,INACTIVE,Operator_182
COMM03336,SATCOM_03336,-74.176911,85.423567,9314.46,S,19953.44,16077.69,INACTIVE,Operator_83
COMM03337,SATCOM_03337,-51.565112,-179.126381,30703.2,L,6920.14,8860.61,MAINTENANCE,Operator_164
COMM03338,SATCOM_03338,-63.732224,95.263576,9143.37,Ka,5632.33,25987.78,MAINTENANCE,Operator_232
COMM03339,SATCOM_03339,17.61792,70.136454,20835.61,S,24619.37,9115.07,MAINTENANCE,Operator_229
COMM03340,SATCOM_03340,-58.585046,140.581554,7876.99,X,10606.5,5043.4,ACTIVE,Operator_94
COMM03341,SATCOM_03341,28.300537,-0.359864,2537.44,Ku,2874.48,26824.51,MAINTENANCE,Operator_87
COMM03342,SATCOM_03342,28.451615,-13.57472,5843.27,X,29817.56,6687.15,MAINTENANCE,Operator_93
COMM03343,SATCOM_03343,-16.151938,116.002996,20193.25,X,13734.03,20055.15,INACTIVE,Operator_87
COMM03344,SATCOM_03344,-79.401067,-103.436176,15604.12,S,26844.76,16479.4,ACTIVE,Operator_104
COMM03345,SATCOM_03345,45.952841,106.97176,23109.58,X,21658.38,11442.46,MAINTENANCE,Operator_187
COMM03346,SATCOM_03346,87.711967,-163.120065,20325.73,S,4932.05,12885.01,MAINTENANCE,Operator_149
COMM03347,SATCOM_03347,71.331397,-125.506577,16580.39,S,4468.94,7407.42,MAINTENANCE,Operator_175
COMM03348,SATCOM_03348,68.115609,-29.795937,10211.26,Ka,8522.43,10109.98,ACTIVE,Operator_181
COMM03349,SATCOM_03349,-34.371774,-62.642571,30462.75,C,8411.18,12549.25,ACTIVE,Operator_186
COMM03350,SATCOM_03350,-28.537643,47.510238,12989.95,Ka,8713.64,28484.39,ACTIVE,Operator_191
COMM03351,SATCOM_03351,36.764024,128.296549,15017.34,Ka,23921.94,7404.85,ACTIVE,Operator_166
COMM03352,SATCOM_03352,-63.508253,-41.743854,23597.41,L,9347.34,15474.79,INACTIVE,Operator_159
COMM03353,SATCOM_03353,76.302001,-72.839942,10215.41,L,12411.11,26115.11,MAINTENANCE,Operator_112
COMM03354,SATCOM_03354,-88.672148,63.506643,19418.57,Ka,4815.71,19222.19,MAINTENANCE,Operator_20
COMM03355,SATCOM_03355,-12.492902,-66.113815,10152.5,Ka,18328.61,16775.9,MAINTENANCE,Operator_188
COMM03356,SATCOM_03356,85.997949,81.152705,26730.61,L,16223.13,17494.41,INACTIVE,Operator_183
COMM03357,SATCOM_03357,40.044104,166.591554,34061.86,L,2522.36,20371.74,ACTIVE,Operator_19
COMM03358,SATCOM_03358,-9.810105,-63.567416,26304.7,Ka,15344.76,4171.51,MAINTENANCE,Operator_60
COMM03359,SATCOM_03359,40.511908,163.033443,34312.44,Ka,18429.71,28239.46,MAINTENANCE,Operator_43
COMM03360,SATCOM_03360,-30.102851,133.25956,1401.32,Ka,1710.32,24258.92,ACTIVE,Operator_106
COMM03361,SATCOM_03361,82.438462,-162.856457,11223.4,Ka,4058.91,26326.0,ACTIVE,Operator_26
COMM03362,SATCOM_03362,-19.487057,135.16325,21828.69,Ka,22983.83,7074.41,INACTIVE,Operator_172
COMM03363,SATCOM_03363,-23.08348,111.746123,24318.4,Ka,13726.4,22646.3,INACTIVE,Operator_132
COMM03364,SATCOM_03364,14.598971,-115.347358,25128.41,Ku,27069.32,8244.65,MAINTENANCE,Operator_128
COMM03365,SATCOM_03365,57.513938,126.073084,21138.06,S,10752.08,7909.52,MAINTENANCE,Operator_9
COMM03366,SATCOM_03366,27.073454,-166.282572,27547.83,Ku,4081.34,7386.72,ACTIVE,Operator_33
COMM03367,SATCOM_03367,61.628007,-3.291222,25492.24,X,11353.8,14715.18,INACTIVE,Operator_169
COMM03368,SATCOM_03368,-57.78959,-126.563219,7477.68,C,24226.96,28082.51,INACTIVE,Operator_245
COMM03369,SATCOM_03369,43.434836,-120.263865,2102.68,S,10764.79,2365.67,INACTIVE,Operator_18
COMM03370,SATCOM_03370,76.663061,-57.232746,5329.14,C,15004.28,5565.57,MAINTENANCE,Operator_220
COMM03371,SATCOM_03371,50.96032,157.395368,5193.14,X,5617.46,4026.52,MAINTENANCE,Operator_231
COMM03372,SATCOM_03372,-83.78555,-95.196145,9749.17,Ku,19164.33,8359.68,INACTIVE,Operator_187
COMM03373,SATCOM_03373,31.82174,-47.365322,23115.45,Ku,1235.94,26697.57,INACTIVE,Operator_178
COMM03374,SATCOM_03374,1.629782,-35.728059,5366.71,X,25943.26,16326.56,MAINTENANCE,Operator_232
COMM03375,SATCOM_03375,-83.170969,-141.724593,29395.96,X,6919.39,13072.16,ACTIVE,Operator_84
COMM03376,SATCOM_03376,82.22894,-151.650142,21833.38,X,27042.02,25159.94,MAINTENANCE,Operator_19
COMM03377,SATCOM_03377,29.069758,-59.903546,15646.64,S,29894.1,1441.68,INACTIVE,Operator_233
COMM03378,SATCOM_03378,-68.866217,-145.619454,16432.84,Ka,1433.19,27384.35,MAINTENANCE,Operator_106
COMM03379,SATCOM_03379,75.71216,158.211949,31177.9,Ku,1781.71,9235.81,ACTIVE,Operator_245
COMM03380,SATCOM_03380,62.497643,-46.044006,18407.58,C,10419.39,17899.01,INACTIVE,Operator_77
COMM03381,SATCOM_03381,86.844259,112.936542,22386.88,Ka,7496.53,13448.2,MAINTENANCE,Operator_59
COMM03382,SATCOM_03382,-67.984868,-74.800631,32675.0,X,4255.24,3241.57,INACTIVE,Operator_11
COMM03383,SATCOM_03383,-7.793913,177.769542,9557.89,L,26737.98,2872.92,MAINTENANCE,Operator_17
COMM03384,SATCOM_03384,81.723575,-0.297723,14930.65,S,17009.94,23991.87,MAINTENANCE,Operator_22
COMM03385,SATCOM_03385,-79.882135,-135.462311,298.04,Ku,28583.53,20259.68,ACTIVE,Operator_64
COMM03386,SATCOM_03386,-60.787128,-89.789017,7234.41,Ka,14211.82,8686.28,INACTIVE,Operator_160
COMM03387,SATCOM_03387,-57.235931,-39.129769,24134.13,S,2247.67,7684.22,INACTIVE,Operator_50
COMM03388,SATCOM_03388,36.00012,-86.441066,12330.69,Ka,11928.84,21848.97,MAINTENANCE,Operator_97
COMM03389,SATCOM_03389,77.914684,164.402621,8570.17,X,9944.43,14166.61,INACTIVE,Operator_103
COMM03390,SATCOM_03390,-22.803915,-113.917434,25881.7,X,7626.19,11326.84,ACTIVE,Operator_8
COMM03391,SATCOM_03391,75.084614,128.414361,10944.79,X,3411.18,6676.34,INACTIVE,Operator_158
COMM03392,SATCOM_03392,30.222088,-69.247913,881.46,Ku,5355.21,2717.11,INACTIVE,Operator_195
COMM03393,SATCOM_03393,-68.007393,-146.932856,17334.5,X,12628.99,6221.42,INACTIVE,Operator_64
COMM03394,SATCOM_03394,15.80033,125.072419,32019.02,Ka,28666.55,1150.85,ACTIVE,Operator_157
COMM03395,SATCOM_03395,-25.422771,95.305799,3997.39,Ku,4563.33,17272.03,MAINTENANCE,Operator_102
COMM03396,SATCOM_03396,-28.054624,-95.382583,29548.18,Ka,28386.11,9410.47,INACTIVE,Operator_61
COMM03397,SATCOM_03397,2.569955,-178.661526,13388.97,C,9575.49,7227.37,ACTIVE,Operator_93
COMM03398,SATCOM_03398,-73.880253,-93.626889,8470.31,Ku,7609.55,2245.68,INACTIVE,Operator_49
COMM03399,SATCOM_03399,60.270579,70.321908,6382.19,Ka,24529.89,8378.27,INACTIVE,Operator_58
COMM03400,SATCOM_03400,66.860105,19.058812,30264.31,C,21949.82,25623.73,ACTIVE,Operator_122
COMM03401,SATCOM_03401,1.765174,-65.71241,6079.06,Ku,17208.85,25364.04,ACTIVE,Operator_185
COMM03402,SATCOM_03402,-14.969421,-67.340973,32826.07,Ku,3831.02,1770.02,MAINTENANCE,Operator_144
COMM03403,SATCOM_03403,41.85058,-179.747703,31053.74,X,23335.09,1971.32,ACTIVE,Operator_191
COMM03404,SATCOM_03404,-36.029621,-164.999074,30313.73,C,3530.27,6604.75,INACTIVE,Operator_82
COMM03405,SATCOM_03405,-10.107726,-13.223604,11116.22,Ku,29333.12,9742.69,INACTIVE,Operator_194
COMM03406,SATCOM_03406,11.142908,24.329571,4540.52,X,2313.17,18821.96,MAINTENANCE,Operator_197
COMM03407,SATCOM_03407,87.28704,-10.912398,20208.01,C,4526.94,10787.56,ACTIVE,Operator_198
COMM03408,SATCOM_03408,-20.090089,-104.807715,16514.06,Ka,21093.38,3271.08,ACTIVE,Operator_208
COMM03409,SATCOM_03409,-75.143477,-175.682761,21307.89,S,13757.26,7932.83,MAINTENANCE,Operator_157
COMM03410,SATCOM_03410,57.924156,29.62993,23937.93,L,26341.79,8504.58,INACTIVE,Operator_123
COMM03411,SATCOM_03411,-7.295612,-42.085544,6117.08,S,21241.47,25496.35,ACTIVE,Operator_33
COMM03412,SATCOM_03412,51.599893,61.512514,20169.69,S,14090.1,16766.06,INACTIVE,Operator_59
COMM03413,SATCOM_03413,-10.899296,3.327946,28046.01,S,15498.23,24011.95,MAINTENANCE,Operator_212
COMM03414,SATCOM_03414,41.324784,110.258591,21203.62,L,26943.15,19861.42,ACTIVE,Operator_249
COMM03415,SATCOM_03415,-8.863969,-61.698953,4570.97,S,23013.61,21392.1,INACTIVE,Operator_169
COMM03416,SATCOM_03416,-15.287955,-12.286698,15365.4,C,15130.81,2016.25,ACTIVE,Operator_217
COMM03417,SATCOM_03417,17.51643,-125.464312,12999.16,S,25774.77,21837.24,ACTIVE,Operator_23
COMM03418,SATCOM_03418,25.942902,49.307338,27777.05,X,2214.85,24365.28,INACTIVE,Operator_5
COMM03419,SATCOM_03419,-36.590891,-176.491919,31060.98,C,17754.14,18244.34,MAINTENANCE,Operator_106
COMM03420,SATCOM_03420,-75.510997,108.676756,12592.17,C,11922.86,24420.94,ACTIVE,Operator_128
COMM03421,SATCOM_03421,19.178471,22.846053,22236.15,Ku,2014.38,27865.18,INACTIVE,Operator_191
COMM03422,SATCOM_03422,5.489231,88.682464,15809.37,X,25673.89,5085.01,INACTIVE,Operator_102
COMM03423,SATCOM_03423,-55.767776,147.300694,19866.6,X,4254.82,10224.33,INACTIVE,Operator_216
COMM03424,SATCOM_03424,53.8877,25.028355,35713.16,L,2294.22,15052.31,INACTIVE,Operator_136
COMM03425,SATCOM_03425,27.020359,-92.227034,13894.38,C,15201.52,26391.07,ACTIVE,Operator_20
COMM03426,SATCOM_03426,73.240802,-31.874188,32244.91,C,25602.51,17207.95,ACTIVE,Operator_10
COMM03427,SATCOM_03427,-40.503983,85.682941,3587.29,C,16338.0,1446.91,MAINTENANCE,Operator_16
COMM03428,SATCOM_03428,89.245376,72.40194,6525.18,S,8854.68,10617.29,MAINTENANCE,Operator_167
COMM03429,SATCOM_03429,-14.868342,82.20938,9839.76,L,8184.13,25343.17,INACTIVE,Operator_112
COMM03430,SATCOM_03430,-79.436756,-159.097618,1184.34,Ku,16419.48,11002.66,INACTIVE,Operator_110
COMM03431,SATCOM_03431,72.034219,36.322637,34008.52,S,17736.21,14314.21,INACTIVE,Operator_99
COMM03432,SATCOM_03432,-5.803263,108.517501,11025.52,C,28153.08,6426.28,ACTIVE,Operator_31
COMM03433,SATCOM_03433,-67.753776,167.892455,21683.06,Ka,28588.78,21116.67,MAINTENANCE,Operator_185
COMM03434,SATCOM_03434,41.617038,98.272456,33821.73,Ka,7893.68,24287.95,ACTIVE,Operator_139
COMM03435,SATCOM_03435,56.552474,-25.788219,1213.36,S,4234.56,16266.53,MAINTENANCE,Operator_199
COMM03436,SATCOM_03436,65.720261,36.184171,8695.6,Ku,11305.32,7962.22,ACTIVE,Operator_128
COMM03437,SATCOM_03437,72.124136,-124.943372,18655.05,C,13530.73,23328.63,INACTIVE,Operator_135
COMM03438,SATCOM_03438,-88.541984,-83.398462,15188.82,S,25508.28,3457.68,INACTIVE,Operator_61
COMM03439,SATCOM_03439,40.327866,-57.632246,2885.12,Ku,23403.24,12395.26,ACTIVE,Operator_186
COMM03440,SATCOM_03440,-86.921114,-73.416212,8422.6,L,5281.26,10397.9,MAINTENANCE,Operator_73
COMM03441,SATCOM_03441,-9.371687,13.388628,2204.92,Ka,5879.38,13567.65,ACTIVE,Operator_75
COMM03442,SATCOM_03442,-10.059817,-148.705532,22133.47,L,13421.3,27085.22,INACTIVE,Operator_137
COMM03443,SATCOM_03443,-21.512095,139.369789,33105.91,Ku,23806.73,9588.52,ACTIVE,Operator_32
COMM03444,SATCOM_03444,51.970987,132.216674,12769.41,Ka,4457.22,7320.56,ACTIVE,Operator_114
COMM03445,SATCOM_03445,14.836318,-105.73688,31518.21,Ka,18587.37,16508.28,INACTIVE,Operator_47
COMM03446,SATCOM_03446,85.851958,-166.598418,28984.14,X,20934.91,2227.83,MAINTENANCE,Operator_240
COMM03447,SATCOM_03447,43.837412,42.783346,6668.44,Ku,7011.94,2530.26,INACTIVE,Operator_44
COMM03448,SATCOM_03448,72.034088,-107.092778,35549.42,Ka,24966.47,18871.5,INACTIVE,Operator_34
COMM03449,SATCOM_03449,8.510004,-128.621872,7766.82,Ka,27908.43,6652.74,INACTIVE,Operator_15
COMM03450,SATCOM_03450,-32.421701,-15.201556,18329.0,L,17697.98,18243.91,INACTIVE,Operator_183
COMM03451,SATCOM_03451,8.301844,-127.42586,16824.43,L,6547.96,16518.33,INACTIVE,Operator_3
COMM03452,SATCOM_03452,-66.24706,-40.184305,27054.66,X,23099.66,10456.55,MAINTENANCE,Operator_81
COMM03453,SATCOM_03453,61.252733,145.187637,16499.23,L,9993.01,5465.07,MAINTENANCE,Operator_228
COMM03454,SATCOM_03454,-88.369492,-99.934704,4279.26,C,26928.05,25116.68,MAINTENANCE,Operator_101
COMM03455,SATCOM_03455,-85.380982,86.384074,30132.35,Ku,3850.85,23084.47,ACTIVE,Operator_177
COMM03456,SATCOM_03456,-28.918451,-61.193885,538.24,C,8217.01,24595.75,INACTIVE,Operator_184
COMM03457,SATCOM_03457,85.619799,163.749432,4516.28,L,21537.91,15989.93,ACTIVE,Operator_152
COMM03458,SATCOM_03458,71.608635,-32.638866,14647.02,L,3841.02,29627.22,INACTIVE,Operator_102
COMM03459,SATCOM_03459,-32.835577,-103.300438,26719.53,X,29857.02,23919.57,ACTIVE,Operator_137
COMM03460,SATCOM_03460,-66.387247,125.714859,33174.59,Ku,1047.45,26051.45,ACTIVE,Operator_166
COMM03461,SATCOM_03461,20.478324,171.020687,35650.94,Ku,1565.88,12955.21,MAINTENANCE,Operator_169
COMM03462,SATCOM_03462,-6.991197,-82.303734,31188.54,C,19629.23,26156.72,INACTIVE,Operator_65
COMM03463,SATCOM_03463,40.894907,115.145846,1874.37,Ku,5570.9,26807.24,MAINTENANCE,Operator_158
COMM03464,SATCOM_03464,75.286954,-167.99988,20776.5,S,1752.32,7588.65,MAINTENANCE,Operator_110
COMM03465,SATCOM_03465,41.672998,-17.85185,27108.12,L,19709.24,5352.67,MAINTENANCE,Operator_143
COMM03466,SATCOM_03466,19.854578,-13.635265,2689.75,L,26386.51,9397.28,MAINTENANCE,Operator_118
COMM03467,SATCOM_03467,89.893754,-107.528315,27296.5,C,7858.51,21571.0,MAINTENANCE,Operator_12
COMM03468,SATCOM_03468,41.408619,152.838315,16595.98,L,6434.92,22012.81,INACTIVE,Operator_163
COMM03469,SATCOM_03469,-33.029753,174.09514,28733.21,L,6828.21,8752.92,ACTIVE,Operator_27
COMM03470,SATCOM_03470,-47.147347,151.203413,20331.68,Ka,26054.11,27526.74,INACTIVE,Operator_149
COMM03471,SATCOM_03471,44.351201,100.235089,3909.39,X,2029.99,21855.46,INACTIVE,Operator_203
COMM03472,SATCOM_03472,61.828461,-101.735386,33997.16,Ka,20248.99,1536.33,INACTIVE,Operator_250
COMM03473,SATCOM_03473,59.773797,-112.712434,30060.66,S,8958.73,8540.4,ACTIVE,Operator_172
COMM03474,SATCOM_03474,86.224582,-104.195575,7247.24,Ku,27143.86,13627.96,INACTIVE,Operator_24
COMM03475,SATCOM_03475,7.648146,-150.465939,13304.55,S,2736.19,1655.46,ACTIVE,Operator_242
COMM03476,SATCOM_03476,-41.018943,-30.446626,34437.17,Ka,18374.68,24003.38,MAINTENANCE,Operator_45
COMM03477,SATCOM_03477,-51.201892,49.354361,12572.07,Ku,11630.34,25051.03,MAINTENANCE,Operator_69
COMM03478,SATCOM_03478,-32.460968,-55.642457,21774.91,Ka,23544.23,6065.44,MAINTENANCE,Operator_80
COMM03479,SATCOM_03479,-62.517442,92.238361,23756.36,X,4752.55,26448.11,MAINTENANCE,Operator_78
COMM03480,SATCOM_03480,-67.758724,-27.224521,3614.17,X,25720.66,9470.73,ACTIVE,Operator_63
COMM03481,SATCOM_03481,-4.181747,-114.22281,12928.83,S,7186.12,29483.46,INACTIVE,Operator_83
COMM03482,SATCOM_03482,-85.780314,46.634826,17277.55,X,11878.88,6734.72,ACTIVE,Operator_201
COMM03483,SATCOM_03483,58.672293,136.066752,5446.48,Ku,12695.78,11997.35,MAINTENANCE,Operator_211
COMM03484,SATCOM_03484,-36.392002,38.83195,14807.24,S,24338.32,28157.51,INACTIVE,Operator_193
COMM03485,SATCOM_03485,41.59991,151.214104,10155.11,Ka,3410.46,19522.79,MAINTENANCE,Operator_202
COMM03486,SATCOM_03486,86.629222,7.452707,1889.08,S,27648.36,25336.27,MAINTENANCE,Operator_20
COMM03487,SATCOM_03487,-85.837556,-177.909905,17313.56,L,20743.09,13007.2,ACTIVE,Operator_236
COMM03488,SATCOM_03488,-54.589476,87.269556,18432.15,Ka,14524.42,5877.59,ACTIVE,Operator_106
COMM03489,SATCOM_03489,-40.005076,45.902084,17229.18,Ka,23465.97,23487.73,MAINTENANCE,Operator_82
COMM03490,SATCOM_03490,21.33106,69.935431,34877.49,S,13071.99,8872.08,MAINTENANCE,Operator_149
COMM03491,SATCOM_03491,17.976868,10.71859,32239.07,C,2546.59,9408.41,MAINTENANCE,Operator_188
COMM03492,SATCOM_03492,-67.149042,27.102442,35046.67,Ku,14979.0,10072.59,ACTIVE,Operator_167
COMM03493,SATCOM_03493,47.936481,-59.436922,9166.13,Ka,10335.64,23247.31,MAINTENANCE,Operator_235
COMM03494,SATCOM_03494,-69.272209,107.301099,34822.75,S,9774.94,16444.96,ACTIVE,Operator_164
COMM03495,SATCOM_03495,74.561866,67.591707,15722.64,S,15921.96,9747.18,MAINTENANCE,Operator_200
COMM03496,SATCOM_03496,-73.031222,91.109477,8693.85,S,3815.28,1530.13,MAINTENANCE,Operator_187
COMM03497,SATCOM_03497,56.78474,79.515111,7973.09,Ku,18754.36,20565.63,INACTIVE,Operator_42
COMM03498,SATCOM_03498,74.070411,-161.934704,18800.9,Ku,28292.89,20846.1,INACTIVE,Operator_146
COMM03499,SATCOM_03499,33.328117,126.819512,5415.28,C,24738.35,19727.05,MAINTENANCE,Operator_95
COMM03500,SATCOM_03500,63.602751,138.093409,15442.22,Ku,1559.28,6843.29,MAINTENANCE,Operator_44
COMM03501,SATCOM_03501,72.125075,111.185938,7543.24,Ka,2953.21,10215.8,INACTIVE,Operator_224
COMM03502,SATCOM_03502,-43.8496,168.421735,15075.1,Ku,14315.76,26391.44,INACTIVE,Operator_217
COMM03503,SATCOM_03503,27.063281,66.009602,19481.62,X,28448.54,23887.48,INACTIVE,Operator_184
COMM03504,SATCOM_03504,-1.432792,50.394496,31656.54,X,16516.79,22172.98,INACTIVE,Operator_243
COMM03505,SATCOM_03505,-3.454961,-9.7702,32415.5,C,6551.05,24045.73,ACTIVE,Operator_108
COMM03506,SATCOM_03506,34.866455,-94.137696,4793.8,C,18335.93,21159.94,MAINTENANCE,Operator_235
COMM03507,SATCOM_03507,-80.925627,-155.775216,8596.29,X,24521.39,24938.75,ACTIVE,Operator_73
COMM03508,SATCOM_03508,14.169584,69.064598,24759.88,Ku,13712.63,27152.0,ACTIVE,Operator_61
COMM03509,SATCOM_03509,87.527412,-54.543014,4861.3,X,4585.32,26326.4,INACTIVE,Operator_249
COMM03510,SATCOM_03510,35.980636,30.611299,6615.39,X,13538.39,13031.9,ACTIVE,Operator_73
COMM03511,SATCOM_03511,79.833672,23.029035,19285.21,C,6467.71,15593.83,INACTIVE,Operator_127
COMM03512,SATCOM_03512,32.145229,-75.558826,28824.21,S,14943.44,17601.26,ACTIVE,Operator_118
COMM03513,SATCOM_03513,44.657979,-63.640236,28975.91,S,5144.31,15981.72,INACTIVE,Operator_176
COMM03514,SATCOM_03514,16.601659,45.90263,16591.66,S,13166.14,15674.39,INACTIVE,Operator_42
COMM03515,SATCOM_03515,80.789056,-3.968994,22707.13,Ka,3814.7,16349.92,INACTIVE,Operator_169
COMM03516,SATCOM_03516,-67.992068,-161.161044,26106.45,S,28991.6,15225.03,INACTIVE,Operator_105
COMM03517,SATCOM_03517,-38.362085,50.137365,31163.89,Ka,15007.38,18754.79,ACTIVE,Operator_184
COMM03518,SATCOM_03518,23.663582,-81.024645,16176.79,Ku,18828.66,7189.98,ACTIVE,Operator_82
COMM03519,SATCOM_03519,23.131527,-27.109893,454.8,L,6317.82,1632.0,ACTIVE,Operator_133
COMM03520,SATCOM_03520,-75.729033,-105.424468,31388.73,L,18671.55,10393.6,INACTIVE,Operator_61
COMM03521,SATCOM_03521,-41.212157,17.877896,12214.34,L,21421.97,14290.99,INACTIVE,Operator_60
COMM03522,SATCOM_03522,49.131176,166.158033,25822.27,S,25874.0,11960.83,INACTIVE,Operator_29
COMM03523,SATCOM_03523,11.698024,-30.169931,10270.81,X,13593.84,20203.63,ACTIVE,Operator_113
COMM03524,SATCOM_03524,-55.053756,-60.914089,13406.89,S,3309.34,24791.5,MAINTENANCE,Operator_161
COMM03525,SATCOM_03525,4.798227,-94.402153,21843.76,L,1888.57,14514.25,INACTIVE,Operator_206
COMM03526,SATCOM_03526,-49.806268,33.340609,15576.46,Ku,16012.48,14872.26,INACTIVE,Operator_36
COMM03527,SATCOM_03527,-73.87233,-174.276411,33786.41,S,19480.54,10224.73,MAINTENANCE,Operator_37
COMM03528,SATCOM_03528,-46.367221,-154.828695,13560.34,C,1832.62,7289.89,ACTIVE,Operator_129
COMM03529,SATCOM_03529,-87.220969,-67.630756,35393.64,L,4255.63,3570.22,MAINTENANCE,Operator_84
COMM03530,SATCOM_03530,-8.550365,-7.57401,27669.98,C,6575.59,10592.62,INACTIVE,Operator_166
COMM03531,SATCOM_03531,-76.136888,-50.669227,4621.36,S,13373.48,3474.13,ACTIVE,Operator_146
COMM03532,SATCOM_03532,-60.907781,171.720054,33263.13,C,21775.65,23448.09,INACTIVE,Operator_72
COMM03533,SATCOM_03533,-73.70553,-36.585758,24279.61,S,19999.31,3788.38,MAINTENANCE,Operator_13
COMM03534,SATCOM_03534,-23.699188,-170.955147,20577.1,Ka,13631.8,1928.47,MAINTENANCE,Operator_222
COMM03535,SATCOM_03535,-10.626792,42.233973,26834.07,Ku,20061.92,8497.89,MAINTENANCE,Operator_152
COMM03536,SATCOM_03536,-32.596606,114.863658,25296.3,L,14135.49,17966.41,MAINTENANCE,Operator_229
COMM03537,SATCOM_03537,-18.667012,123.270882,3618.68,Ka,26705.61,12946.55,ACTIVE,Operator_230
COMM03538,SATCOM_03538,7.912374,93.389891,35003.13,S,21732.23,13379.03,INACTIVE,Operator_179
COMM03539,SATCOM_03539,-14.77643,163.263625,14626.94,L,14889.72,8633.65,INACTIVE,Operator_116
COMM03540,SATCOM_03540,-70.9568,122.900164,12511.14,Ku,4800.13,7184.1,INACTIVE,Operator_201
COMM03541,SATCOM_03541,-83.320119,158.254548,18082.29,L,9306.9,5149.59,MAINTENANCE,Operator_247
COMM03542,SATCOM_03542,38.352448,164.826273,7727.98,L,22375.33,7805.33,INACTIVE,Operator_41
COMM03543,SATCOM_03543,-11.618126,-24.210158,6416.08,Ku,13620.76,23960.59,ACTIVE,Operator_192
COMM03544,SATCOM_03544,59.586885,-69.114663,17158.62,C,22798.82,19691.49,INACTIVE,Operator_102
COMM03545,SATCOM_03545,66.558236,-154.918938,23569.53,Ka,23813.34,1639.85,MAINTENANCE,Operator_231
COMM03546,SATCOM_03546,-63.499028,-170.523583,20237.94,S,23179.33,25226.2,ACTIVE,Operator_121
COMM03547,SATCOM_03547,13.576318,-139.920436,11129.14,S,7094.67,27103.79,INACTIVE,Operator_95
COMM03548,SATCOM_03548,26.786965,6.267031,30983.33,Ka,28118.91,21277.19,INACTIVE,Operator_21
COMM03549,SATCOM_03549,13.2713,-176.380398,20496.92,Ka,28840.16,28818.78,INACTIVE,Operator_101
COMM03550,SATCOM_03550,-51.486883,46.792217,15532.58,S,2964.19,14649.04,INACTIVE,Operator_5
COMM03551,SATCOM_03551,-64.77806,160.561438,32301.67,X,18534.02,19454.33,MAINTENANCE,Operator_173
COMM03552,SATCOM_03552,8.585273,-53.227869,1087.2,Ku,29982.31,1289.4,INACTIVE,Operator_169
COMM03553,SATCOM_03553,58.16112,-113.635091,12305.34,L,20679.78,13390.77,ACTIVE,Operator_201
COMM03554,SATCOM_03554,78.264752,-147.774705,25776.17,Ka,8363.97,24191.93,ACTIVE,Operator_9
COMM03555,SATCOM_03555,1.894593,-100.733999,21499.96,X,21310.49,21018.13,MAINTENANCE,Operator_79
COMM03556,SATCOM_03556,-41.338984,-83.467742,26673.37,S,8040.68,4680.67,MAINTENANCE,Operator_183
COMM03557,SATCOM_03557,-83.629613,149.415545,2190.05,Ka,27796.83,22876.84,INACTIVE,Operator_74
COMM03558,SATCOM_03558,-70.828016,8.371612,14334.27,S,13550.05,13560.72,MAINTENANCE,Operator_194
COMM03559,SATCOM_03559,13.947761,64.154347,24823.42,Ku,5424.01,6536.23,ACTIVE,Operator_106
COMM03560,SATCOM_03560,-53.788212,98.402558,21252.13,L,10939.87,10034.58,ACTIVE,Operator_61
COMM03561,SATCOM_03561,-73.415211,83.769295,8704.16,L,15777.72,20355.89,ACTIVE,Operator_113
COMM03562,SATCOM_03562,-40.731027,-106.008349,28854.32,Ka,15135.74,25312.0,INACTIVE,Operator_138
COMM03563,SATCOM_03563,28.018147,-126.319244,32377.67,L,19052.23,16865.33,ACTIVE,Operator_204
COMM03564,SATCOM_03564,-1.926852,95.627255,12767.82,C,8618.13,2633.21,MAINTENANCE,Operator_1
COMM03565,SATCOM_03565,59.554838,-166.392318,1149.36,Ku,12468.99,6242.0,INACTIVE,Operator_38
COMM03566,SATCOM_03566,67.827945,172.536154,28527.8,L,27861.62,21036.91,MAINTENANCE,Operator_73
COMM03567,SATCOM_03567,72.662328,176.504654,14063.87,S,2373.05,27439.0,INACTIVE,Operator_101
COMM03568,SATCOM_03568,26.555836,-176.770001,34730.77,S,26522.14,26641.46,ACTIVE,Operator_90
COMM03569,SATCOM_03569,9.932797,-65.223771,5398.96,L,8383.81,7040.31,MAINTENANCE,Operator_210
COMM03570,SATCOM_03570,44.753545,124.429573,352.01,S,20516.96,1195.78,INACTIVE,Operator_110
COMM03571,SATCOM_03571,44.758973,-75.598822,5626.32,Ku,19788.33,10914.9,INACTIVE,Operator_62
COMM03572,SATCOM_03572,79.152829,160.117893,25521.21,L,27874.44,5609.97,MAINTENANCE,Operator_19
COMM03573,SATCOM_03573,-52.448936,18.007248,11422.2,L,7977.18,6763.74,INACTIVE,Operator_90
COMM03574,SATCOM_03574,-25.981665,27.703272,30131.96,Ku,23642.64,25508.42,MAINTENANCE,Operator_220
COMM03575,SATCOM_03575,-76.09975,118.217176,15720.98,C,23326.27,18009.1,MAINTENANCE,Operator_174
COMM03576,SATCOM_03576,68.633327,-39.555166,26381.49,X,17400.84,19440.22,ACTIVE,Operator_223
COMM03577,SATCOM_03577,-52.250962,-137.785686,27521.02,X,3953.42,29040.1,MAINTENANCE,Operator_115
COMM03578,SATCOM_03578,-76.507285,111.931579,9108.37,Ka,22245.67,1665.38,ACTIVE,Operator_59
COMM03579,SATCOM_03579,69.375911,164.536102,5881.67,L,5652.89,9307.08,MAINTENANCE,Operator_236
COMM03580,SATCOM_03580,-17.434821,-39.339046,18142.27,S,28997.29,4175.3,ACTIVE,Operator_249
COMM03581,SATCOM_03581,34.595675,80.080391,19567.0,Ku,22713.54,3165.2,ACTIVE,Operator_12
COMM03582,SATCOM_03582,8.794845,-105.043514,12231.29,L,1028.68,9542.28,MAINTENANCE,Operator_177
COMM03583,SATCOM_03583,-84.344982,-174.565254,30871.2,C,21904.93,7205.52,MAINTENANCE,Operator_108
COMM03584,SATCOM_03584,-61.530327,-116.577345,29547.95,Ka,18169.24,8019.83,ACTIVE,Operator_159
COMM03585,SATCOM_03585,56.218546,113.164052,2859.45,C,24708.93,16123.34,ACTIVE,Operator_116
COMM03586,SATCOM_03586,-2.231618,-71.418888,4779.08,Ka,14673.29,2578.82,MAINTENANCE,Operator_145
COMM03587,SATCOM_03587,-21.004511,71.595597,999.2,Ka,19796.6,19342.36,INACTIVE,Operator_20
COMM03588,SATCOM_03588,-74.668081,158.076121,22926.97,S,5779.06,1642.81,MAINTENANCE,Operator_175
COMM03589,SATCOM_03589,20.573294,118.882552,21848.81,C,23606.24,9926.01,INACTIVE,Operator_148
COMM03590,SATCOM_03590,80.778582,-72.601858,13131.16,Ku,5386.49,6032.03,INACTIVE,Operator_88
COMM03591,SATCOM_03591,-71.204116,45.053169,6427.9,L,2409.42,3475.3,INACTIVE,Operator_63
COMM03592,SATCOM_03592,51.394614,-22.171249,9935.83,L,7852.93,23751.22,ACTIVE,Operator_33
COMM03593,SATCOM_03593,-23.188766,-133.001985,13018.01,X,16608.11,21551.6,INACTIVE,Operator_204
COMM03594,SATCOM_03594,-88.067523,-157.61775,13595.95,Ku,16699.74,29632.83,INACTIVE,Operator_160
COMM03595,SATCOM_03595,54.441212,-49.15542,26063.4,L,23547.22,25803.43,ACTIVE,Operator_67
COMM03596,SATCOM_03596,-29.501304,-38.738817,17981.74,Ku,25936.57,3691.35,MAINTENANCE,Operator_135
COMM03597,SATCOM_03597,-46.944622,-17.435753,14564.3,Ka,6933.18,6141.93,INACTIVE,Operator_194
COMM03598,SATCOM_03598,74.691644,58.189018,35482.25,Ka,3744.6,17872.19,ACTIVE,Operator_169
COMM03599,SATCOM_03599,53.757281,-112.892364,17680.18,L,9687.64,10315.17,ACTIVE,Operator_129
COMM03600,SATCOM_03600,67.119513,0.2315,13945.95,C,22356.63,8258.21,MAINTENANCE,Operator_2
COMM03601,SATCOM_03601,42.586505,49.588996,8960.4,S,12086.93,1367.7,ACTIVE,Operator_43
COMM03602,SATCOM_03602,88.043957,-49.031428,22591.75,Ku,14283.05,16403.92,INACTIVE,Operator_226
COMM03603,SATCOM_03603,-66.973663,-10.372898,21348.2,Ku,26809.98,26624.33,INACTIVE,Operator_26
COMM03604,SATCOM_03604,5.651714,-155.080245,13716.0,Ku,18860.79,6516.08,ACTIVE,Operator_229
COMM03605,SATCOM_03605,-48.736074,110.505722,19586.71,L,23573.81,1426.24,ACTIVE,Operator_55
COMM03606,SATCOM_03606,8.016639,-2.656833,15170.57,L,17718.85,5974.3,INACTIVE,Operator_99
COMM03607,SATCOM_03607,4.970583,108.389979,980.14,X,24589.3,16644.47,MAINTENANCE,Operator_45
COMM03608,SATCOM_03608,-42.286715,-172.264565,13385.02,X,18974.39,24979.5,INACTIVE,Operator_201
COMM03609,SATCOM_03609,87.209372,-80.450041,17919.26,Ka,29949.13,21050.81,ACTIVE,Operator_184
COMM03610,SATCOM_03610,9.254478,175.276649,3321.15,S,23603.22,16798.55,INACTIVE,Operator_181
COMM03611,SATCOM_03611,78.211202,-117.987804,8777.69,Ku,28157.98,28844.55,ACTIVE,Operator_145
COMM03612,SATCOM_03612,-69.575113,-79.998147,13948.97,L,9737.99,2371.81,MAINTENANCE,Operator_198
COMM03613,SATCOM_03613,-52.927265,-66.432089,22256.35,X,29290.92,7941.85,ACTIVE,Operator_112
COMM03614,SATCOM_03614,-22.640358,-155.337876,24599.51,Ka,15259.65,7379.46,ACTIVE,Operator_211
COMM03615,SATCOM_03615,60.033878,-131.458651,2212.16,L,19398.9,24286.39,ACTIVE,Operator_145
COMM03616,SATCOM_03616,89.475798,-126.522123,13260.46,C,8958.94,9914.57,INACTIVE,Operator_119
COMM03617,SATCOM_03617,-89.046076,173.732536,23338.78,S,2050.83,16569.22,ACTIVE,Operator_176
COMM03618,SATCOM_03618,-84.32202,104.64349,13139.1,Ku,25401.36,25433.07,ACTIVE,Operator_199
COMM03619,SATCOM_03619,-87.988155,52.182354,27807.08,S,27846.01,4506.84,ACTIVE,Operator_140
COMM03620,SATCOM_03620,-39.399431,-167.692887,21175.54,L,14680.4,6631.38,MAINTENANCE,Operator_23
COMM03621,SATCOM_03621,-23.903816,106.423384,22548.67,S,1506.6,26312.44,INACTIVE,Operator_6
COMM03622,SATCOM_03622,46.068963,-135.639261,23760.72,C,19878.57,21390.03,ACTIVE,Operator_54
COMM03623,SATCOM_03623,-72.182704,-176.747574,34395.45,Ka,9835.55,10861.86,ACTIVE,Operator_59
COMM03624,SATCOM_03624,-50.275048,64.81007,19322.13,Ka,14986.8,4089.26,INACTIVE,Operator_34
COMM03625,SATCOM_03625,22.136252,113.232303,35228.28,X,16326.52,24557.48,MAINTENANCE,Operator_242
COMM03626,SATCOM_03626,14.120829,-31.167219,230.58,Ku,1476.65,4464.45,ACTIVE,Operator_59
COMM03627,SATCOM_03627,-85.51284,-5.529324,27590.9,S,23507.5,1173.18,INACTIVE,Operator_42
COMM03628,SATCOM_03628,38.872515,148.717153,10892.59,Ka,24552.98,7517.52,ACTIVE,Operator_135
COMM03629,SATCOM_03629,3.902689,-21.352531,10175.71,C,8157.51,17699.32,ACTIVE,Operator_21
COMM03630,SATCOM_03630,37.590389,49.64371,6031.89,Ka,21625.43,27270.53,MAINTENANCE,Operator_51
COMM03631,SATCOM_03631,-74.420433,154.220219,19658.89,L,12337.42,9650.53,MAINTENANCE,Operator_134
COMM03632,SATCOM_03632,-54.992502,-40.647491,11822.24,Ku,20117.63,13093.79,MAINTENANCE,Operator_219
COMM03633,SATCOM_03633,-73.444325,111.827703,31436.1,S,17144.81,9837.8,INACTIVE,Operator_153
COMM03634,SATCOM_03634,-3.572468,24.484633,20434.85,L,18075.11,10502.07,ACTIVE,Operator_180
COMM03635,SATCOM_03635,-65.688399,108.244499,13245.76,Ku,18849.41,28117.0,MAINTENANCE,Operator_22
COMM03636,SATCOM_03636,-40.088563,-5.850479,5678.57,S,12455.38,10640.55,MAINTENANCE,Operator_73
COMM03637,SATCOM_03637,-7.268175,-156.841572,20052.36,X,21971.64,6775.42,ACTIVE,Operator_136
COMM03638,SATCOM_03638,-60.566402,-163.580084,29376.84,L,11851.69,1107.46,MAINTENANCE,Operator_138
COMM03639,SATCOM_03639,-66.084031,-79.859206,25493.16,S,27847.64,8089.57,ACTIVE,Operator_67
COMM03640,SATCOM_03640,54.41699,131.669749,231.33,Ka,22144.89,1918.54,ACTIVE,Operator_175
COMM03641,SATCOM_03641,15.34934,-150.170209,3680.27,C,22831.95,15330.32,ACTIVE,Operator_112
COMM03642,SATCOM_03642,54.654005,-30.098217,2032.31,S,6403.96,3367.7,ACTIVE,Operator_82
COMM03643,SATCOM_03643,30.931656,-131.847305,18703.16,C,12042.92,16090.85,ACTIVE,Operator_10
COMM03644,SATCOM_03644,18.155485,37.532041,28711.93,X,2604.44,9681.51,MAINTENANCE,Operator_104
COMM03645,SATCOM_03645,43.220537,-54.948867,11891.56,Ka,24141.09,3114.28,MAINTENANCE,Operator_203
COMM03646,SATCOM_03646,-6.951695,-159.760191,4045.59,L,22987.5,19806.64,INACTIVE,Operator_168
COMM03647,SATCOM_03647,-5.271852,114.141051,26999.73,Ku,20604.87,13693.57,ACTIVE,Operator_76
COMM03648,SATCOM_03648,-81.459234,126.924832,16447.24,C,4642.36,24302.65,INACTIVE,Operator_87
COMM03649,SATCOM_03649,-24.182251,-68.909196,20123.14,L,5178.0,21033.52,INACTIVE,Operator_119
COMM03650,SATCOM_03650,-39.015849,51.648072,1024.38,Ka,20271.33,26848.09,MAINTENANCE,Operator_172
COMM03651,SATCOM_03651,41.729612,-86.754792,32525.06,X,8837.49,13300.48,MAINTENANCE,Operator_60
COMM03652,SATCOM_03652,49.430299,117.435348,11805.6,L,14710.02,27463.24,INACTIVE,Operator_219
COMM03653,SATCOM_03653,50.787195,115.475553,2398.59,L,19734.57,22995.87,INACTIVE,Operator_219
COMM03654,SATCOM_03654,-41.55381,-83.376154,14812.16,S,14829.92,25261.22,MAINTENANCE,Operator_81
COMM03655,SATCOM_03655,7.66127,-57.168858,1656.29,L,15944.19,23046.1,ACTIVE,Operator_62
COMM03656,SATCOM_03656,-33.885505,82.386282,32012.21,L,14262.87,26530.16,MAINTENANCE,Operator_43
COMM03657,SATCOM_03657,85.917067,-47.42237,34945.38,S,19867.97,1251.68,MAINTENANCE,Operator_133
COMM03658,SATCOM_03658,-30.649429,-11.222706,35113.37,X,13339.71,11490.5,MAINTENANCE,Operator_162
COMM03659,SATCOM_03659,-60.624356,177.034442,29043.82,S,26725.36,26912.36,MAINTENANCE,Operator_122
COMM03660,SATCOM_03660,-71.942753,-97.959382,9714.37,L,4529.98,2556.45,ACTIVE,Operator_156
COMM03661,SATCOM_03661,49.217683,-133.555367,29539.57,X,28117.67,1501.09,MAINTENANCE,Operator_137
COMM03662,SATCOM_03662,-73.224369,-60.035005,15424.35,Ku,27408.02,10121.06,ACTIVE,Operator_166
COMM03663,SATCOM_03663,-31.060606,-111.156068,12166.85,C,9618.86,16965.46,ACTIVE,Operator_232
COMM03664,SATCOM_03664,58.266395,168.339898,31470.23,Ka,26389.89,2056.5,ACTIVE,Operator_186
COMM03665,SATCOM_03665,-54.837157,23.355027,28831.74,Ka,19049.91,8495.26,MAINTENANCE,Operator_37
COMM03666,SATCOM_03666,-83.07406,-171.682014,4503.43,Ku,27763.96,11465.62,ACTIVE,Operator_159
COMM03667,SATCOM_03667,74.968608,83.491147,33260.68,X,5173.03,24085.67,ACTIVE,Operator_137
COMM03668,SATCOM_03668,-46.581542,-62.906412,12603.39,X,5931.91,4885.7,INACTIVE,Operator_124
COMM03669,SATCOM_03669,-81.311967,-9.602626,10061.14,L,9828.57,5881.88,MAINTENANCE,Operator_241
COMM03670,SATCOM_03670,37.851455,59.332659,19505.17,C,5281.43,3337.16,MAINTENANCE,Operator_35
COMM03671,SATCOM_03671,68.458174,50.307099,16970.98,L,9849.02,6214.18,INACTIVE,Operator_69
COMM03672,SATCOM_03672,-59.1954,150.423518,34122.55,C,13993.23,15718.81,ACTIVE,Operator_109
COMM03673,SATCOM_03673,61.051888,144.338629,22536.38,Ku,6206.91,22035.16,INACTIVE,Operator_54
COMM03674,SATCOM_03674,-63.36399,-91.037088,16046.36,S,19383.0,27502.73,MAINTENANCE,Operator_72
COMM03675,SATCOM_03675,29.347985,140.636815,34267.13,Ku,14995.83,16797.41,INACTIVE,Operator_101
COMM03676,SATCOM_03676,-87.080804,71.611057,2139.61,C,19043.77,18886.11,ACTIVE,Operator_105
COMM03677,SATCOM_03677,-81.547844,33.593913,26205.26,C,11837.18,16592.37,ACTIVE,Operator_215
COMM03678,SATCOM_03678,-79.115824,-152.445817,28231.22,X,20777.91,16191.38,INACTIVE,Operator_14
COMM03679,SATCOM_03679,85.82857,-93.054983,13648.15,X,7061.01,3340.14,MAINTENANCE,Operator_246
COMM03680,SATCOM_03680,-11.627899,-102.702726,3370.54,L,4439.35,11143.87,ACTIVE,Operator_148
COMM03681,SATCOM_03681,-30.770026,166.316472,11220.79,X,29708.4,10932.97,MAINTENANCE,Operator_168
COMM03682,SATCOM_03682,-5.347812,59.389506,32046.47,L,20411.31,21584.11,INACTIVE,Operator_169
COMM03683,SATCOM_03683,-88.499145,-39.926599,5876.29,L,21371.65,27207.87,ACTIVE,Operator_215
COMM03684,SATCOM_03684,7.904464,67.674144,22475.65,X,5950.56,19410.79,ACTIVE,Operator_236
COMM03685,SATCOM_03685,-67.78942,135.51947,3319.31,L,16357.57,18070.96,INACTIVE,Operator_34
COMM03686,SATCOM_03686,9.868069,166.850491,33890.59,L,10710.91,19115.29,INACTIVE,Operator_32
COMM03687,SATCOM_03687,36.975852,-50.811476,6871.4,X,17725.28,17862.62,ACTIVE,Operator_244
COMM03688,SATCOM_03688,63.536342,-163.565439,16513.92,C,10323.35,7422.24,INACTIVE,Operator_78
COMM03689,SATCOM_03689,71.651433,80.982586,14299.64,S,16404.0,12637.46,ACTIVE,Operator_147
COMM03690,SATCOM_03690,43.078356,172.334516,2040.2,L,2690.49,8602.33,MAINTENANCE,Operator_126
COMM03691,SATCOM_03691,-56.936482,-165.715498,21054.25,L,22138.48,8568.27,MAINTENANCE,Operator_49
COMM03692,SATCOM_03692,-11.890169,-9.540028,1071.83,X,29998.34,17209.01,MAINTENANCE,Operator_162
COMM03693,SATCOM_03693,37.377595,160.888787,9557.23,C,3079.62,26254.35,MAINTENANCE,Operator_171
COMM03694,SATCOM_03694,88.323828,-98.91023,15070.99,Ka,29915.84,7947.73,INACTIVE,Operator_16
COMM03695,SATCOM_03695,-42.120093,-30.782159,25589.62,Ka,4733.78,19265.88,INACTIVE,Operator_168
COMM03696,SATCOM_03696,-52.519094,89.797216,31752.79,L,26368.44,27793.08,INACTIVE,Operator_125
COMM03697,SATCOM_03697,-18.083648,11.299667,903.42,L,26466.67,20691.24,INACTIVE,Operator_93
COMM03698,SATCOM_03698,16.076951,-136.118585,19643.65,Ka,15933.57,16837.79,ACTIVE,Operator_219
COMM03699,SATCOM_03699,-26.017291,-93.475522,31825.6,Ku,14796.39,28373.69,MAINTENANCE,Operator_57
COMM03700,SATCOM_03700,31.663622,-82.219178,29306.07,L,27376.94,6983.75,INACTIVE,Operator_58
COMM03701,SATCOM_03701,-2.642047,-147.231634,7719.28,S,16159.93,8688.77,INACTIVE,Operator_96
COMM03702,SATCOM_03702,-4.393781,-39.416975,9635.67,S,26154.57,15929.62,INACTIVE,Operator_86
COMM03703,SATCOM_03703,-70.709608,-125.716831,28188.7,C,5894.44,12309.09,INACTIVE,Operator_145
COMM03704,SATCOM_03704,35.704525,-36.963215,11407.06,X,9617.2,25325.44,INACTIVE,Operator_71
COMM03705,SATCOM_03705,-63.920378,107.341731,34760.3,S,26605.14,6222.72,INACTIVE,Operator_185
COMM03706,SATCOM_03706,52.028866,-100.533391,33256.16,C,7996.16,3883.76,MAINTENANCE,Operator_140
COMM03707,SATCOM_03707,68.878489,-125.182384,14434.68,S,16433.44,7599.06,MAINTENANCE,Operator_149
COMM03708,SATCOM_03708,-61.628745,92.564914,35198.86,S,10816.08,28639.47,MAINTENANCE,Operator_7
COMM03709,SATCOM_03709,-58.193197,-165.792626,18195.49,S,21258.72,3938.71,ACTIVE,Operator_8
COMM03710,SATCOM_03710,-35.468954,151.058533,29885.49,X,20214.17,20612.91,MAINTENANCE,Operator_79
COMM03711,SATCOM_03711,-84.051701,45.014122,7788.25,Ka,19782.47,7487.72,MAINTENANCE,Operator_60
COMM03712,SATCOM_03712,72.497438,155.589695,26360.25,L,11278.03,6455.35,INACTIVE,Operator_85
COMM03713,SATCOM_03713,43.023757,-144.120099,3498.44,S,5963.38,1879.19,INACTIVE,Operator_15
COMM03714,SATCOM_03714,-29.850258,-146.774814,18188.15,S,15846.26,26925.48,INACTIVE,Operator_61
COMM03715,SATCOM_03715,-77.110571,49.265728,22583.55,C,5129.92,25326.67,ACTIVE,Operator_53
COMM03716,SATCOM_03716,-36.816474,156.873554,28653.28,C,27793.31,4968.41,ACTIVE,Operator_95
COMM03717,SATCOM_03717,-41.209128,-70.153907,1006.52,Ka,5401.09,8308.37,ACTIVE,Operator_186
COMM03718,SATCOM_03718,-17.356439,-81.447508,23013.23,S,18248.74,16070.78,ACTIVE,Operator_31
COMM03719,SATCOM_03719,-71.314348,-77.273555,13139.57,C,3795.91,7326.16,INACTIVE,Operator_96
COMM03720,SATCOM_03720,-10.171993,-145.480587,22836.04,Ku,20639.59,11940.45,INACTIVE,Operator_191
COMM03721,SATCOM_03721,71.443376,64.698819,29543.93,X,3801.76,21155.44,INACTIVE,Operator_65
COMM03722,SATCOM_03722,79.707324,-28.934132,12486.27,S,18864.26,22060.59,MAINTENANCE,Operator_74
COMM03723,SATCOM_03723,-10.450065,33.903343,5415.89,S,11126.29,1020.6,MAINTENANCE,Operator_64
COMM03724,SATCOM_03724,51.141904,83.264639,659.41,Ku,11795.82,20209.6,MAINTENANCE,Operator_54
COMM03725,SATCOM_03725,-72.871055,46.258307,6823.07,S,2012.22,14359.97,INACTIVE,Operator_147
COMM03726,SATCOM_03726,-75.451436,148.234324,24155.92,L,16674.83,1506.44,ACTIVE,Operator_195
COMM03727,SATCOM_03727,-11.76511,-31.516113,245.14,C,7463.96,6250.34,ACTIVE,Operator_29
COMM03728,SATCOM_03728,-47.005075,64.892371,27244.43,C,18856.28,1134.23,ACTIVE,Operator_10
COMM03729,SATCOM_03729,-39.870563,-65.701981,29912.72,X,23583.67,9973.69,ACTIVE,Operator_43
COMM03730,SATCOM_03730,55.833425,7.469944,33112.51,Ku,12720.26,19181.63,INACTIVE,Operator_20
COMM03731,SATCOM_03731,-24.99637,129.044394,13637.13,Ka,18794.1,13090.63,MAINTENANCE,Operator_69
COMM03732,SATCOM_03732,77.615063,-94.499244,4423.84,X,27554.58,10078.03,INACTIVE,Operator_172
COMM03733,SATCOM_03733,-24.879429,-112.916267,26979.14,S,14541.04,28763.43,MAINTENANCE,Operator_56
COMM03734,SATCOM_03734,-51.585432,-72.85138,4578.22,C,11557.77,21978.16,MAINTENANCE,Operator_132
COMM03735,SATCOM_03735,-76.087841,-42.360247,30921.89,Ka,8103.21,23019.99,INACTIVE,Operator_128
COMM03736,SATCOM_03736,-76.331627,29.79201,19494.44,S,20787.36,16910.29,ACTIVE,Operator_110
COMM03737,SATCOM_03737,41.261076,169.49823,8084.31,Ku,2130.44,22314.69,MAINTENANCE,Operator_154
COMM03738,SATCOM_03738,-26.700822,29.776604,4175.36,S,16978.79,25782.0,ACTIVE,Operator_178
COMM03739,SATCOM_03739,31.920285,-152.052169,1451.83,X,1645.79,8293.93,MAINTENANCE,Operator_141
COMM03740,SATCOM_03740,44.234847,81.626767,24594.14,Ku,12281.21,12032.04,MAINTENANCE,Operator_167
COMM03741,SATCOM_03741,-79.774896,-57.994935,1063.12,Ku,20055.52,28119.02,MAINTENANCE,Operator_5
COMM03742,SATCOM_03742,-12.910174,85.828592,32984.23,L,12691.23,10489.45,MAINTENANCE,Operator_60
COMM03743,SATCOM_03743,-35.164049,175.499981,17734.2,C,9004.18,7046.01,MAINTENANCE,Operator_227
COMM03744,SATCOM_03744,75.25155,-89.248654,6179.47,L,7763.88,16200.22,MAINTENANCE,Operator_208
COMM03745,SATCOM_03745,-47.264003,-166.68512,10905.94,Ka,25704.99,17278.55,ACTIVE,Operator_130
COMM03746,SATCOM_03746,69.186325,-50.157527,35281.89,C,28377.32,22264.74,INACTIVE,Operator_57
COMM03747,SATCOM_03747,-83.571361,-11.049016,13688.83,C,16882.94,14208.37,INACTIVE,Operator_175
COMM03748,SATCOM_03748,-67.842656,-97.523365,15722.85,X,10514.47,12814.54,MAINTENANCE,Operator_191
COMM03749,SATCOM_03749,-8.910836,-33.255036,18234.48,Ka,28575.52,28149.19,ACTIVE,Operator_2
COMM03750,SATCOM_03750,61.320998,13.3084,6138.11,L,29372.35,5481.16,ACTIVE,Operator_63
COMM03751,SATCOM_03751,21.211568,146.426976,23001.34,L,10387.53,3270.48,MAINTENANCE,Operator_100
COMM03752,SATCOM_03752,24.721353,-33.605286,13950.69,Ku,8932.6,20175.81,MAINTENANCE,Operator_65
COMM03753,SATCOM_03753,-58.592124,-87.717469,32958.11,S,6272.58,11145.87,MAINTENANCE,Operator_237
COMM03754,SATCOM_03754,-24.256665,116.17833,34522.02,Ka,10269.04,7789.76,INACTIVE,Operator_162
COMM03755,SATCOM_03755,-75.091255,132.964399,34984.2,Ku,7795.12,13549.01,ACTIVE,Operator_178
COMM03756,SATCOM_03756,9.040379,-72.246563,3429.57,Ku,3826.4,11580.79,ACTIVE,Operator_144
COMM03757,SATCOM_03757,-47.871342,95.746162,25191.52,Ku,23232.62,1330.36,INACTIVE,Operator_160
COMM03758,SATCOM_03758,18.658402,-66.888869,13560.6,Ka,16865.61,9411.84,ACTIVE,Operator_131
COMM03759,SATCOM_03759,77.959529,163.671831,19367.0,Ku,12049.91,23713.97,INACTIVE,Operator_126
COMM03760,SATCOM_03760,28.840892,0.928242,15611.18,L,6347.39,21038.77,INACTIVE,Operator_31
COMM03761,SATCOM_03761,-61.068217,38.892018,18400.86,Ka,2918.03,15120.24,ACTIVE,Operator_184
COMM03762,SATCOM_03762,-48.678456,-167.366702,5920.86,Ku,9141.2,3843.69,MAINTENANCE,Operator_159
COMM03763,SATCOM_03763,79.703657,-12.693406,2184.36,Ku,7988.06,29986.31,INACTIVE,Operator_30
COMM03764,SATCOM_03764,-3.860374,-95.681656,6232.86,Ka,5993.03,13012.68,ACTIVE,Operator_29
COMM03765,SATCOM_03765,53.066119,-170.889716,28215.64,L,27672.43,5008.14,ACTIVE,Operator_32
COMM03766,SATCOM_03766,52.590772,156.912822,1341.5,X,29969.65,26270.08,INACTIVE,Operator_134
COMM03767,SATCOM_03767,-21.056123,117.212349,27153.83,L,22909.33,26119.87,ACTIVE,Operator_216
COMM03768,SATCOM_03768,-19.944396,-115.183791,3189.34,X,27550.29,9567.08,MAINTENANCE,Operator_223
COMM03769,SATCOM_03769,-24.179711,25.569756,3171.21,X,10986.97,16886.77,INACTIVE,Operator_143
COMM03770,SATCOM_03770,-58.686488,-115.255412,19204.11,C,2809.67,2583.25,INACTIVE,Operator_153
COMM03771,SATCOM_03771,20.68393,-112.162221,20989.36,C,7701.74,7629.04,MAINTENANCE,Operator_156
COMM03772,SATCOM_03772,54.02995,75.168076,10205.44,X,24685.14,4435.45,MAINTENANCE,Operator_241
COMM03773,SATCOM_03773,-56.170276,-93.411636,7993.27,Ku,7894.96,7531.22,MAINTENANCE,Operator_80
COMM03774,SATCOM_03774,-69.118894,-153.627675,6464.93,C,21302.49,5639.06,MAINTENANCE,Operator_15
COMM03775,SATCOM_03775,19.619421,-79.028701,8610.4,L,18487.26,23494.63,ACTIVE,Operator_177
COMM03776,SATCOM_03776,65.53614,-137.955019,24133.99,Ku,1401.28,10854.77,MAINTENANCE,Operator_226
COMM03777,SATCOM_03777,-69.160074,92.101703,1463.53,Ka,27491.45,20003.5,MAINTENANCE,Operator_178
COMM03778,SATCOM_03778,-12.431531,-116.409148,24037.95,Ka,14929.5,6746.75,MAINTENANCE,Operator_238
COMM03779,SATCOM_03779,-18.705069,-105.124384,6406.8,S,29008.06,1151.07,INACTIVE,Operator_121
COMM03780,SATCOM_03780,22.584771,-172.113924,14351.64,L,27937.97,24392.6,ACTIVE,Operator_113
COMM03781,SATCOM_03781,41.25254,115.737349,758.27,L,8833.34,17099.53,ACTIVE,Operator_100
COMM03782,SATCOM_03782,-60.694204,64.631692,25726.5,S,3858.16,10635.81,MAINTENANCE,Operator_9
COMM03783,SATCOM_03783,-35.98425,101.811664,3929.79,C,5181.19,28885.67,ACTIVE,Operator_9
COMM03784,SATCOM_03784,-5.15048,-38.975806,34277.23,Ka,8366.67,23531.04,MAINTENANCE,Operator_169
COMM03785,SATCOM_03785,-69.360125,-6.973423,14884.48,S,19633.74,24690.11,ACTIVE,Operator_2
COMM03786,SATCOM_03786,-75.058951,1.397876,31973.24,Ku,1592.06,21522.52,MAINTENANCE,Operator_20
COMM03787,SATCOM_03787,-86.007102,-146.769955,19015.45,C,23488.06,6807.41,MAINTENANCE,Operator_30
COMM03788,SATCOM_03788,65.487923,-71.264701,31591.14,L,18422.84,23510.92,ACTIVE,Operator_201
COMM03789,SATCOM_03789,-39.485044,-82.361647,27038.32,S,4787.05,12641.31,ACTIVE,Operator_235
COMM03790,SATCOM_03790,-44.488142,-47.025807,23580.73,Ka,27431.17,23454.27,ACTIVE,Operator_11
COMM03791,SATCOM_03791,15.23212,-32.096603,5660.94,Ku,15346.25,22550.67,INACTIVE,Operator_5
COMM03792,SATCOM_03792,-37.568387,-178.427914,12058.43,Ka,16481.11,10708.91,INACTIVE,Operator_16
COMM03793,SATCOM_03793,65.385802,-0.855696,13829.21,X,2903.36,18139.88,INACTIVE,Operator_158
COMM03794,SATCOM_03794,80.558612,-29.684416,1535.82,S,28216.04,26492.09,MAINTENANCE,Operator_8
COMM03795,SATCOM_03795,-52.663171,178.480925,22825.65,X,3184.38,20099.88,MAINTENANCE,Operator_16
COMM03796,SATCOM_03796,3.941073,-151.645633,15164.22,L,24474.21,26383.16,INACTIVE,Operator_174
COMM03797,SATCOM_03797,-67.488525,102.199702,34487.52,Ku,16409.35,12116.69,MAINTENANCE,Operator_230
COMM03798,SATCOM_03798,71.902834,-107.924269,25104.36,C,4908.05,28600.89,MAINTENANCE,Operator_160
COMM03799,SATCOM_03799,-35.105704,-83.944827,20999.15,L,27641.63,9701.63,MAINTENANCE,Operator_81
COMM03800,SATCOM_03800,84.820835,-52.607067,14782.41,X,5887.85,2020.82,ACTIVE,Operator_64
COMM03801,SATCOM_03801,-50.732693,117.063586,8772.52,L,28151.55,10958.67,MAINTENANCE,Operator_176
COMM03802,SATCOM_03802,82.49063,158.352475,21641.72,L,27809.49,12677.13,ACTIVE,Operator_159
COMM03803,SATCOM_03803,63.094476,-16.61779,27157.54,L,27829.96,6470.84,ACTIVE,Operator_35
COMM03804,SATCOM_03804,53.14849,80.155669,22569.16,Ku,7076.72,3445.93,MAINTENANCE,Operator_214
COMM03805,SATCOM_03805,-65.208933,-19.850976,23145.67,Ka,9651.34,1624.11,MAINTENANCE,Operator_87
COMM03806,SATCOM_03806,-25.666906,105.789515,8097.44,C,13834.15,9041.8,MAINTENANCE,Operator_118
COMM03807,SATCOM_03807,22.334373,-164.020289,8700.55,X,21659.01,21207.6,INACTIVE,Operator_97
COMM03808,SATCOM_03808,74.333727,86.507267,1268.22,Ku,29828.98,5723.07,ACTIVE,Operator_91
COMM03809,SATCOM_03809,62.048113,50.682695,28319.45,S,28171.48,4298.42,ACTIVE,Operator_142
COMM03810,SATCOM_03810,-79.280531,-71.932666,25945.59,L,14454.38,16985.54,ACTIVE,Operator_151
COMM03811,SATCOM_03811,52.80933,-118.105885,14906.79,X,29783.01,27248.8,ACTIVE,Operator_73
COMM03812,SATCOM_03812,53.809634,42.483875,6268.43,L,9329.01,22422.83,ACTIVE,Operator_115
COMM03813,SATCOM_03813,-65.043339,24.853467,19222.86,C,3696.89,19346.2,INACTIVE,Operator_66
COMM03814,SATCOM_03814,-37.11307,2.840146,10085.87,X,28413.89,24821.79,INACTIVE,Operator_246
COMM03815,SATCOM_03815,75.079092,42.898625,25455.7,S,24710.44,23820.07,MAINTENANCE,Operator_250
COMM03816,SATCOM_03816,-28.464692,17.178843,35927.32,X,12798.37,5389.22,MAINTENANCE,Operator_147
COMM03817,SATCOM_03817,18.624667,95.593403,8444.93,L,8732.57,3224.02,ACTIVE,Operator_139
COMM03818,SATCOM_03818,-65.13906,52.986599,16168.54,S,18057.3,12320.45,MAINTENANCE,Operator_132
COMM03819,SATCOM_03819,32.60373,-100.403813,18578.04,X,7441.46,17771.85,ACTIVE,Operator_89
COMM03820,SATCOM_03820,-24.866858,141.790648,27296.33,C,20049.71,21892.53,MAINTENANCE,Operator_29
COMM03821,SATCOM_03821,-18.503418,14.18087,19724.33,X,23601.91,15300.44,MAINTENANCE,Operator_214
COMM03822,SATCOM_03822,-10.930699,12.699603,26095.66,C,24888.07,6608.08,ACTIVE,Operator_193
COMM03823,SATCOM_03823,26.87781,-139.926381,25390.95,Ka,26322.74,12772.8,ACTIVE,Operator_81
COMM03824,SATCOM_03824,-76.676981,-128.187243,9169.32,C,4123.01,8859.33,MAINTENANCE,Operator_116
COMM03825,SATCOM_03825,-61.637678,-12.865051,9701.91,C,22091.85,10818.59,INACTIVE,Operator_160
COMM03826,SATCOM_03826,-58.049032,-62.71946,14021.84,C,28523.01,1623.19,INACTIVE,Operator_248
COMM03827,SATCOM_03827,56.214142,-75.088686,11390.73,S,6556.07,12947.21,ACTIVE,Operator_144
COMM03828,SATCOM_03828,-19.468386,98.301035,14994.27,S,22134.76,4383.09,MAINTENANCE,Operator_138
COMM03829,SATCOM_03829,-63.60044,108.282142,26040.37,Ka,13447.51,10747.44,MAINTENANCE,Operator_101
COMM03830,SATCOM_03830,-1.013392,92.010876,30271.07,Ku,24559.1,11668.54,MAINTENANCE,Operator_162
COMM03831,SATCOM_03831,84.706231,153.43012,23871.81,S,6701.99,3232.99,MAINTENANCE,Operator_162
COMM03832,SATCOM_03832,3.588459,-35.359218,14980.78,X,23275.14,19334.53,MAINTENANCE,Operator_215
COMM03833,SATCOM_03833,11.624048,65.207713,10573.91,X,22718.77,10939.38,INACTIVE,Operator_103
COMM03834,SATCOM_03834,39.233239,-121.869774,9924.25,Ku,19504.87,8937.42,INACTIVE,Operator_47
COMM03835,SATCOM_03835,-57.413439,-43.723538,33425.12,S,23864.6,19555.05,INACTIVE,Operator_17
COMM03836,SATCOM_03836,-21.159977,95.453824,19265.05,L,7046.41,8372.67,ACTIVE,Operator_184
COMM03837,SATCOM_03837,34.769103,-118.615036,13611.31,C,8549.69,29548.42,INACTIVE,Operator_144
COMM03838,SATCOM_03838,14.068767,-178.325349,5765.55,Ku,4822.49,29268.89,INACTIVE,Operator_199
COMM03839,SATCOM_03839,-34.953785,-55.307144,15394.71,S,7308.96,22057.58,INACTIVE,Operator_210
COMM03840,SATCOM_03840,-68.71146,90.40262,17158.92,L,19981.36,13863.12,ACTIVE,Operator_217
COMM03841,SATCOM_03841,9.809313,-62.421411,33353.79,C,19165.48,22081.34,ACTIVE,Operator_183
COMM03842,SATCOM_03842,-9.045136,-80.61959,35016.72,C,29014.78,18017.15,INACTIVE,Operator_110
COMM03843,SATCOM_03843,27.489222,119.614218,34113.09,Ku,3266.52,26609.19,ACTIVE,Operator_83
COMM03844,SATCOM_03844,-71.81598,-13.885564,20537.36,L,25289.23,26348.06,ACTIVE,Operator_28
COMM03845,SATCOM_03845,-71.213374,-34.04185,2339.3,C,14476.31,13129.39,INACTIVE,Operator_105
COMM03846,SATCOM_03846,-20.968139,-51.862971,3154.73,S,1742.85,18891.28,INACTIVE,Operator_26
COMM03847,SATCOM_03847,86.812379,-2.310718,13992.34,X,14615.0,8172.71,INACTIVE,Operator_83
COMM03848,SATCOM_03848,-76.720916,76.529788,789.26,L,22238.21,18195.25,INACTIVE,Operator_150
COMM03849,SATCOM_03849,79.076883,-69.963635,26079.95,L,25795.41,24569.44,MAINTENANCE,Operator_4
COMM03850,SATCOM_03850,-4.621503,-45.367243,9138.72,X,26949.72,2703.38,MAINTENANCE,Operator_12
COMM03851,SATCOM_03851,-83.11437,-9.480215,2166.12,Ka,18405.1,7340.08,INACTIVE,Operator_179
COMM03852,SATCOM_03852,41.413213,-92.346527,29272.77,L,2108.03,7529.56,ACTIVE,Operator_28
COMM03853,SATCOM_03853,45.143235,-54.436417,34679.19,Ku,1545.89,20329.98,MAINTENANCE,Operator_223
COMM03854,SATCOM_03854,-59.128518,-158.927904,12003.3,L,4721.17,14100.61,MAINTENANCE,Operator_20
COMM03855,SATCOM_03855,-47.200835,100.495186,26362.08,S,6266.84,21835.26,MAINTENANCE,Operator_44
COMM03856,SATCOM_03856,6.72194,18.270256,20165.91,X,20382.16,2451.46,MAINTENANCE,Operator_144
COMM03857,SATCOM_03857,34.096297,162.740135,29014.42,L,18995.13,26646.87,ACTIVE,Operator_62
COMM03858,SATCOM_03858,89.708925,-101.433826,33998.95,S,27795.22,1857.2,MAINTENANCE,Operator_112
COMM03859,SATCOM_03859,-73.972436,-8.825705,14909.66,X,27205.21,21063.06,MAINTENANCE,Operator_70
COMM03860,SATCOM_03860,-16.119674,67.862252,9679.91,L,1149.37,16282.28,INACTIVE,Operator_88
COMM03861,SATCOM_03861,-40.747203,-81.114582,1546.91,Ka,29043.9,19905.51,ACTIVE,Operator_233
COMM03862,SATCOM_03862,-45.004741,-177.667868,13990.36,Ku,24023.82,21399.34,MAINTENANCE,Operator_50
COMM03863,SATCOM_03863,63.467442,-22.607873,29934.26,Ka,23522.1,27850.36,MAINTENANCE,Operator_52
COMM03864,SATCOM_03864,79.29949,-16.303157,3124.05,L,9132.62,11517.06,ACTIVE,Operator_191
COMM03865,SATCOM_03865,78.59462,64.024622,33347.99,Ka,4735.55,20532.12,ACTIVE,Operator_203
COMM03866,SATCOM_03866,52.194833,-112.003785,6646.38,Ku,2675.78,20445.04,ACTIVE,Operator_24
COMM03867,SATCOM_03867,-13.976707,-147.619811,10595.47,Ku,8604.56,16946.99,ACTIVE,Operator_53
COMM03868,SATCOM_03868,-24.450543,-168.148008,14592.26,S,9733.27,15055.33,ACTIVE,Operator_104
COMM03869,SATCOM_03869,25.267494,64.950611,25366.23,S,1227.12,3264.25,INACTIVE,Operator_10
COMM03870,SATCOM_03870,-86.236686,-105.767772,26306.67,C,5412.24,14424.72,INACTIVE,Operator_238
COMM03871,SATCOM_03871,20.891507,-142.958891,29579.44,S,1028.05,16423.86,MAINTENANCE,Operator_75
COMM03872,SATCOM_03872,-83.901945,41.159102,20466.43,L,13101.22,14210.63,MAINTENANCE,Operator_226
COMM03873,SATCOM_03873,85.872405,-57.139054,10673.48,Ku,29180.34,11651.52,INACTIVE,Operator_212
COMM03874,SATCOM_03874,-30.019511,-58.358183,27633.48,S,29122.62,1830.33,ACTIVE,Operator_200
COMM03875,SATCOM_03875,16.404303,-106.556364,8213.2,Ka,13011.36,22751.57,ACTIVE,Operator_202
COMM03876,SATCOM_03876,-43.916691,10.158075,4606.03,C,24333.76,22835.95,MAINTENANCE,Operator_214
COMM03877,SATCOM_03877,86.031886,-174.897475,28766.63,Ka,16636.41,28875.05,ACTIVE,Operator_154
COMM03878,SATCOM_03878,15.949854,-18.723243,14882.42,X,27204.68,18661.62,MAINTENANCE,Operator_59
COMM03879,SATCOM_03879,17.200468,68.002648,8888.14,Ka,1076.32,24790.17,MAINTENANCE,Operator_149
COMM03880,SATCOM_03880,59.772693,-101.527767,10862.4,C,21217.05,29985.19,INACTIVE,Operator_154
COMM03881,SATCOM_03881,29.617584,-67.135303,12940.46,Ku,4420.23,12556.95,INACTIVE,Operator_229
COMM03882,SATCOM_03882,-86.78567,154.659639,27136.01,C,25994.58,5125.26,INACTIVE,Operator_39
COMM03883,SATCOM_03883,-86.62081,-109.005549,30485.14,Ka,6040.12,17476.62,ACTIVE,Operator_109
COMM03884,SATCOM_03884,-82.134865,-155.993795,16675.24,Ku,28515.38,19744.08,MAINTENANCE,Operator_10
COMM03885,SATCOM_03885,-34.765584,22.290522,10850.02,X,15106.34,6147.51,MAINTENANCE,Operator_204
COMM03886,SATCOM_03886,16.741161,173.169033,4776.22,Ka,29490.82,29216.15,INACTIVE,Operator_33
COMM03887,SATCOM_03887,11.666627,-42.670006,6657.51,L,26812.81,8966.79,MAINTENANCE,Operator_218
COMM03888,SATCOM_03888,-16.758462,-37.998775,17179.73,S,4621.3,6057.36,MAINTENANCE,Operator_176
COMM03889,SATCOM_03889,3.388158,-95.575216,3073.01,L,23186.14,24059.19,MAINTENANCE,Operator_38
COMM03890,SATCOM_03890,-34.449257,175.009537,26770.74,Ka,24436.66,22157.07,MAINTENANCE,Operator_160
COMM03891,SATCOM_03891,-8.780054,-2.049974,29835.84,X,28714.45,19861.72,MAINTENANCE,Operator_139
COMM03892,SATCOM_03892,-36.208005,-87.353056,13633.05,Ka,25815.29,12292.04,MAINTENANCE,Operator_113
COMM03893,SATCOM_03893,89.313118,-77.534718,31154.55,C,15735.08,5208.14,MAINTENANCE,Operator_9
COMM03894,SATCOM_03894,52.872572,131.449585,15490.52,Ku,6713.17,25236.81,ACTIVE,Operator_14
COMM03895,SATCOM_03895,50.758607,-37.405208,17953.3,X,4105.29,23165.57,INACTIVE,Operator_189
COMM03896,SATCOM_03896,80.883251,-101.467634,27913.62,Ka,24755.56,17091.08,MAINTENANCE,Operator_38
COMM03897,SATCOM_03897,20.670351,156.751506,23179.19,Ka,21614.44,13835.02,MAINTENANCE,Operator_157
COMM03898,SATCOM_03898,68.10169,92.563384,29951.6,X,6376.54,25905.06,INACTIVE,Operator_106
COMM03899,SATCOM_03899,-29.189588,171.905014,25852.82,Ka,21906.56,4502.92,ACTIVE,Operator_185
COMM03900,SATCOM_03900,52.844587,-150.736759,19349.67,L,19405.27,19586.89,ACTIVE,Operator_5
COMM03901,SATCOM_03901,-23.230872,-22.774931,2762.15,Ka,22428.48,24705.79,MAINTENANCE,Operator_115
COMM03902,SATCOM_03902,-3.55038,132.694898,5766.76,C,17766.3,19663.08,INACTIVE,Operator_234
COMM03903,SATCOM_03903,-39.174096,95.543087,21643.38,X,19583.77,24783.32,ACTIVE,Operator_192
COMM03904,SATCOM_03904,70.050265,-3.076546,32659.92,Ka,28118.84,10171.05,ACTIVE,Operator_56
COMM03905,SATCOM_03905,-38.558479,-21.523535,16614.1,Ka,21497.05,23170.65,ACTIVE,Operator_215
COMM03906,SATCOM_03906,-44.375456,-4.928659,1759.7,S,14373.67,8462.67,MAINTENANCE,Operator_143
COMM03907,SATCOM_03907,77.0179,124.94305,19835.74,C,23151.17,18647.52,INACTIVE,Operator_245
COMM03908,SATCOM_03908,-87.120709,88.441451,35179.18,C,19859.52,24063.04,INACTIVE,Operator_32
COMM03909,SATCOM_03909,-75.53444,109.261869,35443.75,S,10880.46,10539.01,MAINTENANCE,Operator_41
COMM03910,SATCOM_03910,-33.922006,-114.957149,5908.42,Ka,2318.97,21945.46,MAINTENANCE,Operator_51
COMM03911,SATCOM_03911,-44.350256,-128.340761,5557.02,C,7556.26,2048.32,ACTIVE,Operator_121
COMM03912,SATCOM_03912,60.131028,179.136414,2245.21,C,1789.71,4604.3,ACTIVE,Operator_11
COMM03913,SATCOM_03913,-76.404875,91.636472,1369.38,X,10619.54,28683.89,INACTIVE,Operator_71
COMM03914,SATCOM_03914,53.560707,87.296609,31762.79,L,26620.87,24978.0,MAINTENANCE,Operator_39
COMM03915,SATCOM_03915,34.45992,133.958501,28886.47,S,27458.36,12791.53,ACTIVE,Operator_66
COMM03916,SATCOM_03916,41.154503,166.756597,19579.49,X,21211.23,8014.36,MAINTENANCE,Operator_14
COMM03917,SATCOM_03917,-49.89105,-126.740202,10574.69,C,19023.8,1442.24,ACTIVE,Operator_210
COMM03918,SATCOM_03918,32.905673,-34.457658,33885.27,S,3718.02,20745.06,INACTIVE,Operator_96
COMM03919,SATCOM_03919,70.157633,111.31165,21900.09,Ku,5729.2,1077.65,ACTIVE,Operator_151
COMM03920,SATCOM_03920,87.032917,-125.193537,35541.72,X,1710.53,28250.55,ACTIVE,Operator_98
COMM03921,SATCOM_03921,-21.136867,108.337168,27657.37,S,6055.37,15791.8,INACTIVE,Operator_240
COMM03922,SATCOM_03922,25.628703,123.49364,4251.36,S,4242.15,7666.38,ACTIVE,Operator_39
COMM03923,SATCOM_03923,59.487039,80.593679,20695.52,Ku,24391.4,16374.09,ACTIVE,Operator_32
COMM03924,SATCOM_03924,31.802585,49.514009,33632.01,Ku,9920.81,10167.31,INACTIVE,Operator_76
COMM03925,SATCOM_03925,27.886614,-72.570054,13474.16,S,16355.29,15148.34,INACTIVE,Operator_227
COMM03926,SATCOM_03926,-50.021281,-117.990849,9299.41,X,11205.75,10525.65,MAINTENANCE,Operator_140
COMM03927,SATCOM_03927,-35.194644,171.957832,24899.95,Ku,17804.14,2005.52,INACTIVE,Operator_127
COMM03928,SATCOM_03928,-14.992425,160.701589,2570.07,X,18925.09,10555.45,INACTIVE,Operator_124
COMM03929,SATCOM_03929,41.654494,-7.493244,26714.19,C,10099.19,5692.8,INACTIVE,Operator_182
COMM03930,SATCOM_03930,79.224982,-65.371125,25631.04,Ka,2878.97,28533.07,ACTIVE,Operator_85
COMM03931,SATCOM_03931,18.583221,111.166681,31687.6,Ka,4506.77,16367.78,MAINTENANCE,Operator_8
COMM03932,SATCOM_03932,-7.657557,-168.94276,34968.99,X,6306.58,26650.25,INACTIVE,Operator_63
COMM03933,SATCOM_03933,-21.378616,-60.944996,15422.02,X,6018.07,26446.15,ACTIVE,Operator_101
COMM03934,SATCOM_03934,-67.358519,157.083793,22542.24,Ku,17312.93,7050.12,ACTIVE,Operator_143
COMM03935,SATCOM_03935,44.938808,93.984059,1759.06,L,8522.84,23850.15,INACTIVE,Operator_95
COMM03936,SATCOM_03936,47.668968,33.906649,20840.53,X,22594.61,1443.31,INACTIVE,Operator_187
COMM03937,SATCOM_03937,-61.145847,93.099493,34786.99,S,19103.61,19562.32,MAINTENANCE,Operator_178
COMM03938,SATCOM_03938,-2.346542,-42.24336,21275.83,S,23396.11,8987.78,MAINTENANCE,Operator_29
COMM03939,SATCOM_03939,66.194092,-136.838112,12562.32,L,23405.8,26525.96,INACTIVE,Operator_121
COMM03940,SATCOM_03940,85.548793,-12.028337,28968.08,S,7855.8,10332.79,ACTIVE,Operator_72
COMM03941,SATCOM_03941,-21.341128,78.28351,10801.81,C,13479.29,1243.26,INACTIVE,Operator_85
COMM03942,SATCOM_03942,-0.815847,73.273837,22378.51,S,18695.6,19877.33,INACTIVE,Operator_26
COMM03943,SATCOM_03943,-27.417147,-27.741174,17642.57,C,16518.8,24545.59,ACTIVE,Operator_134
COMM03944,SATCOM_03944,41.099771,112.483667,29515.9,X,17407.0,19995.85,INACTIVE,Operator_90
COMM03945,SATCOM_03945,17.470272,34.762799,24176.06,L,23985.81,5188.06,INACTIVE,Operator_34
COMM03946,SATCOM_03946,44.397701,-105.145354,29604.57,S,28575.76,29096.18,ACTIVE,Operator_235
COMM03947,SATCOM_03947,-3.584132,-46.769853,4310.95,Ka,16368.66,18819.79,ACTIVE,Operator_137
COMM03948,SATCOM_03948,82.997441,176.325661,3470.19,C,27603.41,20562.55,ACTIVE,Operator_169
COMM03949,SATCOM_03949,-82.840095,101.049253,25669.09,C,20614.17,23540.04,INACTIVE,Operator_69
COMM03950,SATCOM_03950,8.728034,112.525917,1156.25,S,17510.11,11670.17,ACTIVE,Operator_174
COMM03951,SATCOM_03951,88.145553,102.933827,8116.87,Ku,6669.73,3812.68,ACTIVE,Operator_216
COMM03952,SATCOM_03952,-43.779694,-82.082453,13785.02,L,11228.52,8174.27,INACTIVE,Operator_203
COMM03953,SATCOM_03953,84.807061,-71.838966,10827.46,L,21507.46,27370.62,MAINTENANCE,Operator_1
COMM03954,SATCOM_03954,66.775829,159.342197,25152.76,C,8304.54,21835.14,INACTIVE,Operator_125
COMM03955,SATCOM_03955,-84.39048,-157.002879,27560.42,Ka,17790.76,23906.62,ACTIVE,Operator_102
COMM03956,SATCOM_03956,37.147122,-128.911121,34442.21,S,20729.59,1219.93,MAINTENANCE,Operator_25
COMM03957,SATCOM_03957,48.213971,-166.223837,3211.88,C,21787.18,16699.6,MAINTENANCE,Operator_169
COMM03958,SATCOM_03958,63.807541,128.73339,33810.03,Ka,28741.11,19527.99,ACTIVE,Operator_200
COMM03959,SATCOM_03959,14.565858,120.559405,31452.86,L,20737.96,18716.96,ACTIVE,Operator_163
COMM03960,SATCOM_03960,65.81354,-70.917501,11967.63,Ka,16564.19,19668.9,ACTIVE,Operator_70
COMM03961,SATCOM_03961,21.357513,16.406881,26485.95,S,14069.14,2966.16,INACTIVE,Operator_126
COMM03962,SATCOM_03962,33.053286,114.045313,4344.86,S,11592.45,13838.49,ACTIVE,Operator_229
COMM03963,SATCOM_03963,-15.176991,-124.675593,22527.15,X,5787.57,11993.28,INACTIVE,Operator_146
COMM03964,SATCOM_03964,-61.424916,-85.741044,4727.25,Ku,3084.1,2040.9,ACTIVE,Operator_231
COMM03965,SATCOM_03965,-53.047199,-82.453543,20337.52,Ku,28305.34,13921.73,INACTIVE,Operator_39
COMM03966,SATCOM_03966,59.406588,-102.253423,17379.6,Ka,2773.03,2336.32,MAINTENANCE,Operator_201
COMM03967,SATCOM_03967,-11.1703,112.319531,22215.59,L,11021.82,29424.7,ACTIVE,Operator_116
COMM03968,SATCOM_03968,-73.149411,-78.74632,27129.82,L,16006.12,17890.57,MAINTENANCE,Operator_174
COMM03969,SATCOM_03969,-82.967741,10.833283,27186.76,C,4922.53,11639.88,MAINTENANCE,Operator_149
COMM03970,SATCOM_03970,40.389222,-78.402319,24677.1,Ku,19351.91,22976.46,INACTIVE,Operator_190
COMM03971,SATCOM_03971,66.901499,-66.251042,17393.16,L,13492.42,10914.07,ACTIVE,Operator_11
COMM03972,SATCOM_03972,-28.36831,-51.243632,21655.76,Ka,12711.7,6669.77,INACTIVE,Operator_26
COMM03973,SATCOM_03973,-29.749464,-157.696788,24335.43,L,10826.24,5440.25,ACTIVE,Operator_110
COMM03974,SATCOM_03974,-28.461069,88.60437,1598.23,C,29270.27,7455.24,MAINTENANCE,Operator_16
COMM03975,SATCOM_03975,-66.704027,-79.380711,32297.07,Ka,4448.61,11607.06,INACTIVE,Operator_194
COMM03976,SATCOM_03976,14.899482,-136.767966,17030.49,L,16376.24,29237.95,ACTIVE,Operator_249
COMM03977,SATCOM_03977,1.551255,-119.99509,29736.83,S,16470.17,14735.64,MAINTENANCE,Operator_141
COMM03978,SATCOM_03978,-59.236229,-131.264567,14909.37,Ku,2742.06,23830.46,ACTIVE,Operator_209
COMM03979,SATCOM_03979,-65.481052,-62.77616,10440.41,S,13529.25,15297.43,INACTIVE,Operator_154
COMM03980,SATCOM_03980,-89.992388,-97.913891,34375.34,Ku,11032.67,17644.88,MAINTENANCE,Operator_26
COMM03981,SATCOM_03981,-18.601071,-139.555386,29474.37,Ku,1317.3,11038.03,INACTIVE,Operator_45
COMM03982,SATCOM_03982,-20.873034,-3.807087,2342.66,C,16963.41,4682.46,ACTIVE,Operator_244
COMM03983,SATCOM_03983,-9.912085,88.080668,13867.29,L,19341.31,18809.78,MAINTENANCE,Operator_92
COMM03984,SATCOM_03984,57.377479,-150.943331,35128.43,X,13362.47,17122.94,MAINTENANCE,Operator_80
COMM03985,SATCOM_03985,47.323651,-140.812305,26349.28,L,11191.93,23305.24,ACTIVE,Operator_173
COMM03986,SATCOM_03986,78.635042,-30.823902,23164.46,Ku,15427.67,24129.46,INACTIVE,Operator_173
COMM03987,SATCOM_03987,37.184897,172.133287,28120.73,L,12737.5,18639.28,INACTIVE,Operator_77
COMM03988,SATCOM_03988,21.393748,-3.67632,7705.95,S,26427.79,5459.88,INACTIVE,Operator_30
COMM03989,SATCOM_03989,9.396516,-61.494448,25346.2,X,12214.57,6653.62,ACTIVE,Operator_191
COMM03990,SATCOM_03990,-86.412137,-101.858032,6611.56,L,21610.26,7811.88,ACTIVE,Operator_213
COMM03991,SATCOM_03991,49.499334,160.315344,5103.92,Ka,4589.02,9435.2,ACTIVE,Operator_116
COMM03992,SATCOM_03992,27.177781,-104.824383,31780.66,L,16989.87,19741.9,ACTIVE,Operator_246
COMM03993,SATCOM_03993,-80.419672,2.540013,30438.35,Ku,28299.32,17835.63,MAINTENANCE,Operator_67
COMM03994,SATCOM_03994,-8.847309,171.229114,33866.46,Ka,29913.67,25763.99,MAINTENANCE,Operator_170
COMM03995,SATCOM_03995,-81.973816,-138.092036,34297.04,X,17520.81,19744.81,ACTIVE,Operator_120
COMM03996,SATCOM_03996,32.686875,125.949633,11687.77,L,9288.28,4030.7,ACTIVE,Operator_181
COMM03997,SATCOM_03997,-69.42252,92.053307,13819.29,X,28943.13,11906.21,INACTIVE,Operator_179
COMM03998,SATCOM_03998,-12.285387,-160.004075,18683.35,S,1142.83,29330.74,INACTIVE,Operator_66
COMM03999,SATCOM_03999,-46.893167,-12.411152,2016.5,C,18859.22,3150.51,ACTIVE,Operator_178
COMM04000,SATCOM_04000,72.814938,130.807541,16615.03,L,3871.77,23747.06,MAINTENANCE,Operator_13
COMM04001,SATCOM_04001,-76.750888,145.975984,24075.86,L,26941.25,7180.35,MAINTENANCE,Operator_165
COMM04002,SATCOM_04002,-77.047609,-77.401535,21227.11,C,16134.46,16250.0,ACTIVE,Operator_169
COMM04003,SATCOM_04003,-37.524228,82.165205,35156.52,C,19983.41,20662.73,MAINTENANCE,Operator_152
COMM04004,SATCOM_04004,-25.70111,-11.548566,12661.03,L,17036.06,27933.9,MAINTENANCE,Operator_146
COMM04005,SATCOM_04005,83.898173,69.412952,21714.88,X,28135.26,28379.53,ACTIVE,Operator_49
COMM04006,SATCOM_04006,33.503463,-140.988635,12407.41,L,19217.3,29072.03,MAINTENANCE,Operator_249
COMM04007,SATCOM_04007,13.202252,-18.186885,4005.77,Ku,23519.28,22955.14,INACTIVE,Operator_126
COMM04008,SATCOM_04008,39.591159,-78.687746,4524.64,S,7110.22,22929.84,INACTIVE,Operator_184
COMM04009,SATCOM_04009,29.955482,-133.500224,3045.99,Ka,11932.16,18043.58,ACTIVE,Operator_134
COMM04010,SATCOM_04010,-22.054727,43.15537,32628.48,L,10091.15,18947.02,ACTIVE,Operator_163
COMM04011,SATCOM_04011,77.643903,99.283507,3221.17,X,25557.95,11381.01,ACTIVE,Operator_144
COMM04012,SATCOM_04012,-6.350704,-25.920192,5954.67,C,27988.24,24913.99,ACTIVE,Operator_65
COMM04013,SATCOM_04013,-47.237021,-165.060312,4590.88,X,27171.82,9635.39,ACTIVE,Operator_150
COMM04014,SATCOM_04014,-53.160889,-118.363446,4046.13,C,22775.5,2623.29,ACTIVE,Operator_221
COMM04015,SATCOM_04015,-44.788941,35.558428,31285.12,S,3338.25,27969.88,INACTIVE,Operator_223
COMM04016,SATCOM_04016,1.922521,9.351546,35347.29,X,14014.78,21340.14,INACTIVE,Operator_196
COMM04017,SATCOM_04017,65.554608,-66.65032,5022.31,S,10582.06,19977.57,MAINTENANCE,Operator_92
COMM04018,SATCOM_04018,-31.425254,-160.055098,20502.4,Ka,7283.8,21335.41,INACTIVE,Operator_75
COMM04019,SATCOM_04019,-0.849095,-11.20927,14519.26,Ku,4461.76,19848.64,MAINTENANCE,Operator_155
COMM04020,SATCOM_04020,71.170578,159.613961,3120.89,C,3133.74,4633.67,ACTIVE,Operator_165
COMM04021,SATCOM_04021,-49.884997,-163.785767,24814.64,Ka,28812.03,17640.78,MAINTENANCE,Operator_148
COMM04022,SATCOM_04022,54.348689,-39.042448,18313.59,X,27368.54,6278.16,MAINTENANCE,Operator_74
COMM04023,SATCOM_04023,41.950946,-3.965884,894.9,Ka,25281.34,8589.04,ACTIVE,Operator_131
COMM04024,SATCOM_04024,41.509523,-39.645321,3267.08,Ka,12198.91,16196.93,MAINTENANCE,Operator_53
COMM04025,SATCOM_04025,89.307738,14.182294,32231.62,C,19963.42,15450.97,INACTIVE,Operator_127
COMM04026,SATCOM_04026,-15.578644,-45.784699,2361.32,Ka,1400.88,6058.43,MAINTENANCE,Operator_105
COMM04027,SATCOM_04027,-19.448479,15.027598,7521.36,S,10016.44,16976.2,INACTIVE,Operator_164
COMM04028,SATCOM_04028,-47.685307,71.374667,7042.5,Ku,23691.98,10348.99,MAINTENANCE,Operator_167
COMM04029,SATCOM_04029,22.983293,15.958291,22650.69,C,19931.88,21920.94,ACTIVE,Operator_90
COMM04030,SATCOM_04030,-18.876348,-160.886872,30564.4,C,10064.03,27187.43,MAINTENANCE,Operator_181
COMM04031,SATCOM_04031,-11.446008,173.719922,33055.58,C,14435.93,28036.14,MAINTENANCE,Operator_125
COMM04032,SATCOM_04032,-29.190442,-107.053529,24690.15,Ku,6317.93,12081.86,INACTIVE,Operator_180
COMM04033,SATCOM_04033,-73.095516,-68.469914,3335.59,L,28885.4,8872.07,ACTIVE,Operator_144
COMM04034,SATCOM_04034,-13.514662,16.936779,27074.3,Ku,27087.77,29332.79,INACTIVE,Operator_76
COMM04035,SATCOM_04035,59.02772,-176.090685,28202.91,L,10791.32,12047.49,ACTIVE,Operator_101
COMM04036,SATCOM_04036,58.258623,11.050344,13152.85,C,17068.06,18445.32,INACTIVE,Operator_98
COMM04037,SATCOM_04037,-49.700145,141.489068,10401.35,Ka,20725.52,19660.21,MAINTENANCE,Operator_77
COMM04038,SATCOM_04038,28.379562,-39.241622,20169.23,C,21930.88,22947.61,INACTIVE,Operator_215
COMM04039,SATCOM_04039,-38.821629,43.668325,2752.17,S,24938.3,1762.03,INACTIVE,Operator_205
COMM04040,SATCOM_04040,26.680888,-2.992467,21471.44,S,16027.75,15219.2,ACTIVE,Operator_200
COMM04041,SATCOM_04041,63.810685,-166.622343,34752.44,S,28052.06,18114.37,MAINTENANCE,Operator_118
COMM04042,SATCOM_04042,29.078511,-127.774239,10664.67,Ka,25327.88,2240.18,MAINTENANCE,Operator_179
COMM04043,SATCOM_04043,82.864521,151.942349,12212.22,L,13029.53,16345.48,MAINTENANCE,Operator_132
COMM04044,SATCOM_04044,53.682418,112.652614,24341.75,S,3933.04,4589.15,ACTIVE,Operator_64
COMM04045,SATCOM_04045,-43.598126,-156.670062,10292.82,X,14736.03,20461.03,ACTIVE,Operator_71
COMM04046,SATCOM_04046,-61.41705,100.109893,11059.38,L,7530.57,5107.98,ACTIVE,Operator_235
COMM04047,SATCOM_04047,87.771917,-28.240466,21704.79,X,14435.39,1595.7,MAINTENANCE,Operator_241
COMM04048,SATCOM_04048,-67.856741,135.147128,4150.73,L,15155.47,29124.57,INACTIVE,Operator_4
COMM04049,SATCOM_04049,-2.142134,135.713019,23050.13,C,29678.91,2094.1,MAINTENANCE,Operator_204
COMM04050,SATCOM_04050,-16.698202,117.855138,10807.37,Ku,24592.47,13853.95,INACTIVE,Operator_112
COMM04051,SATCOM_04051,32.22817,135.971767,21625.46,C,14068.99,6535.97,INACTIVE,Operator_43
COMM04052,SATCOM_04052,20.456605,36.516898,13276.71,Ku,19185.97,26534.97,MAINTENANCE,Operator_21
COMM04053,SATCOM_04053,36.615243,-13.701322,28098.71,C,25359.05,29013.54,ACTIVE,Operator_27
COMM04054,SATCOM_04054,33.271186,165.221474,27657.41,C,13808.6,11237.93,ACTIVE,Operator_139
COMM04055,SATCOM_04055,24.644458,-118.132809,29136.0,L,2477.38,22330.73,ACTIVE,Operator_151
COMM04056,SATCOM_04056,8.650025,166.10086,17987.52,C,18087.31,14335.5,MAINTENANCE,Operator_226
COMM04057,SATCOM_04057,67.163991,-160.247439,10785.05,Ku,3917.97,4000.95,ACTIVE,Operator_221
COMM04058,SATCOM_04058,16.575769,-66.17964,19351.59,X,4204.58,25319.94,MAINTENANCE,Operator_147
COMM04059,SATCOM_04059,8.104736,-91.256855,31046.38,L,7976.05,2055.33,INACTIVE,Operator_58
COMM04060,SATCOM_04060,-71.264075,121.109003,5068.19,C,17482.06,23950.55,MAINTENANCE,Operator_130
COMM04061,SATCOM_04061,-14.323666,-92.083714,9674.43,C,24138.25,27345.64,MAINTENANCE,Operator_80
COMM04062,SATCOM_04062,28.997069,-170.996318,23741.12,X,25454.23,16441.13,MAINTENANCE,Operator_171
COMM04063,SATCOM_04063,-51.228322,-28.584465,9686.19,L,15095.85,15585.02,MAINTENANCE,Operator_74
COMM04064,SATCOM_04064,79.287182,-113.939053,35409.09,L,19268.38,15421.52,INACTIVE,Operator_125
COMM04065,SATCOM_04065,29.602773,-45.418509,30003.79,C,26216.69,8959.11,INACTIVE,Operator_250
COMM04066,SATCOM_04066,-6.244601,-49.533601,1415.8,Ku,21947.62,17699.06,INACTIVE,Operator_7
COMM04067,SATCOM_04067,15.266403,149.916266,28680.04,S,9790.5,17527.81,MAINTENANCE,Operator_83
COMM04068,SATCOM_04068,-81.160234,-48.339226,6643.56,Ku,1117.05,12297.33,ACTIVE,Operator_202
COMM04069,SATCOM_04069,-23.964047,-108.83458,25431.32,S,22170.16,16806.64,INACTIVE,Operator_135
COMM04070,SATCOM_04070,28.874712,107.75016,14499.84,Ka,29724.04,12427.66,INACTIVE,Operator_141
COMM04071,SATCOM_04071,-62.9923,143.21206,21975.14,Ku,18275.76,27433.76,MAINTENANCE,Operator_43
COMM04072,SATCOM_04072,-10.531797,-69.160212,7685.52,L,12847.19,26965.77,MAINTENANCE,Operator_237
COMM04073,SATCOM_04073,64.221691,-94.717091,1618.28,C,26210.28,10982.01,INACTIVE,Operator_120
COMM04074,SATCOM_04074,50.427466,-40.631682,8894.79,Ka,3017.37,3171.96,INACTIVE,Operator_29
COMM04075,SATCOM_04075,-45.923832,-113.762815,23955.82,Ku,28823.03,24978.36,INACTIVE,Operator_104
COMM04076,SATCOM_04076,-62.926073,-44.819733,16448.52,Ka,18970.05,6079.54,ACTIVE,Operator_155
COMM04077,SATCOM_04077,89.058353,14.527853,34829.52,Ku,27737.86,2692.77,INACTIVE,Operator_29
COMM04078,SATCOM_04078,-7.260462,23.450663,28065.64,C,17990.95,17433.58,ACTIVE,Operator_220
COMM04079,SATCOM_04079,65.960622,119.461004,4005.46,X,29514.68,24915.95,ACTIVE,Operator_156
COMM04080,SATCOM_04080,79.174245,-162.689737,6177.83,Ka,7421.56,7259.05,INACTIVE,Operator_159
COMM04081,SATCOM_04081,-19.437222,-15.995294,9892.35,C,17363.12,14514.79,MAINTENANCE,Operator_68
COMM04082,SATCOM_04082,-31.511291,50.875162,9714.04,Ka,21911.6,24056.01,ACTIVE,Operator_135
COMM04083,SATCOM_04083,80.582246,35.794939,26444.85,S,13358.6,21163.59,INACTIVE,Operator_106
COMM04084,SATCOM_04084,83.820999,-5.606983,22970.25,Ka,5618.02,26068.39,MAINTENANCE,Operator_21
COMM04085,SATCOM_04085,-3.633425,-109.89729,10154.43,Ka,25302.95,28784.22,INACTIVE,Operator_92
COMM04086,SATCOM_04086,-9.067539,116.158526,22060.41,L,15155.76,5452.41,MAINTENANCE,Operator_209
COMM04087,SATCOM_04087,7.275222,173.945937,19572.61,S,13274.82,16423.89,INACTIVE,Operator_90
COMM04088,SATCOM_04088,-13.932186,162.540935,15786.86,C,8874.77,23171.2,ACTIVE,Operator_115
COMM04089,SATCOM_04089,-17.929335,-123.511151,3403.07,Ka,20542.43,18073.87,MAINTENANCE,Operator_165
COMM04090,SATCOM_04090,67.124249,56.722453,24063.92,Ku,1211.77,1311.42,ACTIVE,Operator_169
COMM04091,SATCOM_04091,79.682281,-61.096904,30293.35,Ku,19021.21,24813.2,MAINTENANCE,Operator_207
COMM04092,SATCOM_04092,52.945309,-79.664062,1068.06,X,23825.73,23890.05,ACTIVE,Operator_126
COMM04093,SATCOM_04093,76.961539,-49.418564,5726.04,L,20739.87,13518.69,INACTIVE,Operator_241
COMM04094,SATCOM_04094,-62.729743,-105.382387,33721.88,C,17560.33,13036.58,ACTIVE,Operator_92
COMM04095,SATCOM_04095,-57.513046,-75.592018,8770.32,Ku,2591.95,13897.08,MAINTENANCE,Operator_211
COMM04096,SATCOM_04096,13.374349,120.020887,11485.55,L,19775.96,12065.24,INACTIVE,Operator_45
COMM04097,SATCOM_04097,-16.147183,-87.356806,14736.9,Ka,20750.83,20089.51,MAINTENANCE,Operator_8
COMM04098,SATCOM_04098,41.028811,-122.166727,7219.71,Ku,17596.51,1645.08,INACTIVE,Operator_161
COMM04099,SATCOM_04099,7.852356,-112.883175,21167.09,Ku,2485.38,10055.01,ACTIVE,Operator_123
COMM04100,SATCOM_04100,85.774535,134.35772,7691.61,X,15630.47,7246.59,ACTIVE,Operator_24
COMM04101,SATCOM_04101,-35.452717,39.014205,34245.33,Ka,28784.85,3026.37,INACTIVE,Operator_91
COMM04102,SATCOM_04102,88.732092,-158.647693,6870.56,S,9885.37,8947.25,INACTIVE,Operator_211
COMM04103,SATCOM_04103,-34.844495,76.119726,24817.32,Ka,14894.05,9912.01,MAINTENANCE,Operator_98
COMM04104,SATCOM_04104,-72.303563,-91.8109,14020.87,C,12363.4,19571.22,ACTIVE,Operator_33
COMM04105,SATCOM_04105,52.602318,-117.894808,34648.05,C,20895.46,29454.65,ACTIVE,Operator_116
COMM04106,SATCOM_04106,-16.000398,-57.375864,2228.48,L,17771.47,1766.16,ACTIVE,Operator_36
COMM04107,SATCOM_04107,-9.510117,-159.536934,6520.12,C,6646.02,4792.39,INACTIVE,Operator_241
COMM04108,SATCOM_04108,85.473165,46.113294,29043.36,S,16127.63,6154.58,INACTIVE,Operator_3
COMM04109,SATCOM_04109,53.011592,-19.917973,23419.57,L,18237.14,10346.07,INACTIVE,Operator_42
COMM04110,SATCOM_04110,15.486765,-151.990373,34458.25,X,25924.84,26147.51,INACTIVE,Operator_157
COMM04111,SATCOM_04111,87.015637,-6.750807,12399.01,Ka,23311.18,18153.94,ACTIVE,Operator_224
COMM04112,SATCOM_04112,67.857515,-74.428332,31600.24,C,25123.0,23218.26,INACTIVE,Operator_87
COMM04113,SATCOM_04113,44.321296,-20.54648,33383.9,C,6485.65,20778.71,INACTIVE,Operator_227
COMM04114,SATCOM_04114,-38.548328,7.141016,29300.27,C,18538.1,7557.34,INACTIVE,Operator_225
COMM04115,SATCOM_04115,-76.376702,-28.804595,13459.6,S,24095.36,25119.3,INACTIVE,Operator_122
COMM04116,SATCOM_04116,58.273128,56.215074,32878.97,S,23684.21,17332.64,ACTIVE,Operator_178
COMM04117,SATCOM_04117,-44.258102,118.675255,34596.87,Ku,11513.45,3301.03,ACTIVE,Operator_233
COMM04118,SATCOM_04118,58.293037,-165.244985,35827.44,L,28855.21,22943.91,INACTIVE,Operator_33
COMM04119,SATCOM_04119,-53.555733,-42.799158,34394.59,L,4445.59,21952.75,ACTIVE,Operator_97
COMM04120,SATCOM_04120,-13.849045,35.187151,13109.44,S,14137.67,6506.02,ACTIVE,Operator_244
COMM04121,SATCOM_04121,-16.961053,-23.484349,13558.72,X,12976.93,14793.57,ACTIVE,Operator_14
COMM04122,SATCOM_04122,45.769039,-84.143582,34341.04,L,9517.37,29732.58,MAINTENANCE,Operator_213
COMM04123,SATCOM_04123,9.062427,-31.976219,27691.45,L,27808.95,18695.76,ACTIVE,Operator_163
COMM04124,SATCOM_04124,68.943573,-11.697816,18093.36,S,5348.3,3152.23,INACTIVE,Operator_29
COMM04125,SATCOM_04125,-38.160441,157.647881,30344.88,L,6530.7,10603.69,ACTIVE,Operator_79
COMM04126,SATCOM_04126,78.201199,81.791613,30959.4,C,4384.51,14811.46,MAINTENANCE,Operator_230
COMM04127,SATCOM_04127,82.345522,-119.922883,23272.51,Ka,12028.27,14052.26,ACTIVE,Operator_89
COMM04128,SATCOM_04128,-47.753005,54.799744,20724.71,X,21383.26,1595.19,ACTIVE,Operator_62
COMM04129,SATCOM_04129,60.17285,-69.732968,28893.84,Ku,8575.39,11401.98,ACTIVE,Operator_177
COMM04130,SATCOM_04130,69.309151,-75.704997,7385.27,X,5292.13,9172.22,INACTIVE,Operator_240
COMM04131,SATCOM_04131,-48.55579,52.811385,7424.22,L,1173.68,19970.52,INACTIVE,Operator_69
COMM04132,SATCOM_04132,63.926842,10.233585,11430.95,S,22945.33,8085.13,ACTIVE,Operator_211
COMM04133,SATCOM_04133,48.928142,136.77812,17902.83,X,13059.16,20081.31,MAINTENANCE,Operator_250
COMM04134,SATCOM_04134,-15.445089,-124.28803,20891.07,X,7193.19,12216.37,INACTIVE,Operator_238
COMM04135,SATCOM_04135,-33.869723,-120.24535,16613.62,L,7601.01,11489.93,MAINTENANCE,Operator_189
COMM04136,SATCOM_04136,-85.522687,-102.012804,12461.81,Ku,8597.32,17961.36,ACTIVE,Operator_81
COMM04137,SATCOM_04137,-44.088333,35.139334,15912.19,X,1024.37,4889.64,ACTIVE,Operator_69
COMM04138,SATCOM_04138,19.888711,-60.412266,28029.69,C,8565.95,7601.24,MAINTENANCE,Operator_60
COMM04139,SATCOM_04139,-52.246892,42.546681,25410.83,C,5089.31,24143.01,MAINTENANCE,Operator_225
COMM04140,SATCOM_04140,5.352754,79.907332,27252.81,Ka,4165.71,28298.36,MAINTENANCE,Operator_93
COMM04141,SATCOM_04141,-58.784824,-140.927601,11982.21,X,12317.12,10389.62,MAINTENANCE,Operator_101
COMM04142,SATCOM_04142,15.322049,-164.159107,34647.8,Ku,9342.42,9818.05,ACTIVE,Operator_109
COMM04143,SATCOM_04143,-53.759781,-54.444802,20403.56,S,28210.88,11128.84,INACTIVE,Operator_75
COMM04144,SATCOM_04144,30.832535,42.638287,13993.23,Ku,5605.45,26009.72,ACTIVE,Operator_247
COMM04145,SATCOM_04145,-84.286879,-114.801529,1598.92,X,3453.42,7440.84,MAINTENANCE,Operator_132
COMM04146,SATCOM_04146,24.787219,-157.859815,19668.75,S,14734.43,25432.97,INACTIVE,Operator_225
COMM04147,SATCOM_04147,-53.367373,174.644643,23240.02,X,3982.83,6509.74,ACTIVE,Operator_97
COMM04148,SATCOM_04148,46.649228,99.759937,3320.1,X,20717.84,12007.24,ACTIVE,Operator_58
COMM04149,SATCOM_04149,-28.076429,-62.078454,12122.2,X,4517.35,21407.03,MAINTENANCE,Operator_9
COMM04150,SATCOM_04150,-12.981791,154.42227,26320.93,C,9270.36,12489.38,MAINTENANCE,Operator_28
COMM04151,SATCOM_04151,19.485562,-70.851187,27607.17,S,20287.45,20947.9,MAINTENANCE,Operator_214
COMM04152,SATCOM_04152,13.780913,73.450538,16915.96,Ku,12397.19,10183.96,ACTIVE,Operator_227
COMM04153,SATCOM_04153,-17.566514,85.650725,25991.19,L,1144.34,29850.66,ACTIVE,Operator_110
COMM04154,SATCOM_04154,-37.151664,-97.22562,31675.65,X,7386.71,10334.81,ACTIVE,Operator_143
COMM04155,SATCOM_04155,54.059851,27.761349,715.24,L,18752.51,24998.31,MAINTENANCE,Operator_115
COMM04156,SATCOM_04156,50.889014,172.127184,27037.55,Ka,23852.74,28472.68,ACTIVE,Operator_192
COMM04157,SATCOM_04157,73.543112,141.054094,3611.94,Ka,29276.03,24196.2,INACTIVE,Operator_161
COMM04158,SATCOM_04158,-7.042561,-30.94841,5782.43,X,26596.25,8668.97,MAINTENANCE,Operator_36
COMM04159,SATCOM_04159,5.691789,72.25573,21398.37,L,3685.36,24017.02,ACTIVE,Operator_73
COMM04160,SATCOM_04160,77.965007,-159.172468,33186.41,C,15581.94,26064.9,INACTIVE,Operator_59
COMM04161,SATCOM_04161,-10.0225,-72.557985,4165.55,S,11167.17,1841.15,INACTIVE,Operator_23
COMM04162,SATCOM_04162,4.728019,109.984157,10452.4,L,27567.72,28815.71,ACTIVE,Operator_101
COMM04163,SATCOM_04163,31.495795,149.522786,25332.32,C,13319.51,28918.46,ACTIVE,Operator_143
COMM04164,SATCOM_04164,45.376001,22.86134,23534.9,S,26100.28,20268.65,MAINTENANCE,Operator_218
COMM04165,SATCOM_04165,-24.713728,-77.983996,29547.06,S,16531.7,11882.16,INACTIVE,Operator_226
COMM04166,SATCOM_04166,-27.299668,174.083062,1136.33,C,21620.13,20740.6,ACTIVE,Operator_168
COMM04167,SATCOM_04167,38.543081,66.103875,34566.13,Ku,17084.41,9768.41,ACTIVE,Operator_79
COMM04168,SATCOM_04168,-34.946247,147.926398,2264.87,S,3571.21,14894.0,INACTIVE,Operator_236
COMM04169,SATCOM_04169,63.276675,-68.287799,19078.0,Ka,13418.72,16752.78,INACTIVE,Operator_189
COMM04170,SATCOM_04170,27.574055,-64.923752,26114.88,X,4895.0,6088.51,ACTIVE,Operator_7
COMM04171,SATCOM_04171,67.619026,-54.515497,34412.68,L,13173.4,12725.09,INACTIVE,Operator_29
COMM04172,SATCOM_04172,-52.518147,-53.348082,33246.28,C,11671.23,11998.06,MAINTENANCE,Operator_53
COMM04173,SATCOM_04173,73.406074,-160.111908,21812.39,S,14513.31,5952.89,MAINTENANCE,Operator_226
COMM04174,SATCOM_04174,3.100526,42.099749,8052.5,S,6658.05,20775.84,INACTIVE,Operator_137
COMM04175,SATCOM_04175,-83.60224,-96.70455,17436.73,Ku,23855.5,25272.86,ACTIVE,Operator_171
COMM04176,SATCOM_04176,-12.475706,-39.714547,19699.69,S,25796.14,4337.74,INACTIVE,Operator_102
COMM04177,SATCOM_04177,-89.589437,-60.361547,31591.2,Ku,19089.08,28507.82,MAINTENANCE,Operator_57
COMM04178,SATCOM_04178,29.830799,-126.471307,8167.85,S,10879.84,11850.69,ACTIVE,Operator_220
COMM04179,SATCOM_04179,38.651316,100.545974,26527.57,X,20454.17,1128.48,ACTIVE,Operator_187
COMM04180,SATCOM_04180,39.999071,-48.168655,26315.78,Ku,7388.81,21863.12,INACTIVE,Operator_212
COMM04181,SATCOM_04181,-48.625449,81.454814,28459.48,Ka,24052.37,20714.1,ACTIVE,Operator_6
COMM04182,SATCOM_04182,-20.185429,-68.28322,32609.85,L,22352.14,25177.43,INACTIVE,Operator_152
COMM04183,SATCOM_04183,54.699034,-162.349805,28601.62,Ka,2044.08,21649.11,ACTIVE,Operator_117
COMM04184,SATCOM_04184,-58.195036,14.039939,31660.32,C,18925.21,21107.08,ACTIVE,Operator_205
COMM04185,SATCOM_04185,1.11773,125.517126,25663.42,Ku,29087.2,4566.57,ACTIVE,Operator_113
COMM04186,SATCOM_04186,79.731546,137.941261,18900.51,Ka,26559.37,9242.32,ACTIVE,Operator_199
COMM04187,SATCOM_04187,-88.998896,145.008512,21747.03,L,23725.75,21908.0,INACTIVE,Operator_40
COMM04188,SATCOM_04188,-57.524176,53.472252,18011.17,X,11404.29,26606.45,ACTIVE,Operator_38
COMM04189,SATCOM_04189,41.849428,52.056332,28129.53,L,19926.46,18301.77,INACTIVE,Operator_192
COMM04190,SATCOM_04190,-81.627615,-38.077975,22855.86,C,27285.55,21520.92,ACTIVE,Operator_172
COMM04191,SATCOM_04191,26.901008,0.009263,34047.54,Ku,2867.52,28887.34,MAINTENANCE,Operator_31
COMM04192,SATCOM_04192,44.04514,-88.370625,24712.37,X,4138.56,27519.91,ACTIVE,Operator_5
COMM04193,SATCOM_04193,-30.015123,-164.187298,27295.17,Ka,25012.52,22839.76,INACTIVE,Operator_87
COMM04194,SATCOM_04194,-39.639656,81.002535,32494.88,S,8433.7,6393.89,INACTIVE,Operator_35
COMM04195,SATCOM_04195,-70.736386,44.519319,24961.43,Ku,11093.12,24032.37,INACTIVE,Operator_227
COMM04196,SATCOM_04196,26.882902,142.250604,21400.48,Ka,14128.16,13485.69,INACTIVE,Operator_11
COMM04197,SATCOM_04197,-81.637893,-39.87562,25385.52,Ka,29571.22,4858.98,MAINTENANCE,Operator_26
COMM04198,SATCOM_04198,-53.438783,-67.949347,6782.35,X,25373.51,28095.97,MAINTENANCE,Operator_185
COMM04199,SATCOM_04199,-20.426782,148.899463,5963.18,Ka,23649.81,21910.23,INACTIVE,Operator_167
COMM04200,SATCOM_04200,17.980087,41.454735,11803.36,C,13549.86,8057.65,ACTIVE,Operator_164
COMM04201,SATCOM_04201,88.004917,-88.196959,31558.26,C,25075.32,2013.27,MAINTENANCE,Operator_159
COMM04202,SATCOM_04202,53.190063,-161.965011,7705.28,Ka,6054.9,17952.4,INACTIVE,Operator_125
COMM04203,SATCOM_04203,-77.594891,136.747356,34404.01,Ku,17588.05,6041.21,INACTIVE,Operator_123
COMM04204,SATCOM_04204,-77.095333,-10.357502,2340.86,Ka,29288.97,4084.19,ACTIVE,Operator_134
COMM04205,SATCOM_04205,-57.899179,122.966149,17908.43,Ka,4913.83,4163.09,INACTIVE,Operator_84
COMM04206,SATCOM_04206,21.367232,134.627189,20472.7,L,8857.07,22112.91,INACTIVE,Operator_38
COMM04207,SATCOM_04207,39.677342,-110.924917,1046.64,L,14252.1,23163.77,ACTIVE,Operator_140
COMM04208,SATCOM_04208,-52.603928,67.59833,29716.88,X,10251.8,13948.42,INACTIVE,Operator_177
COMM04209,SATCOM_04209,37.09184,17.762903,10515.55,S,11299.4,2963.18,MAINTENANCE,Operator_233
COMM04210,SATCOM_04210,88.130185,148.557542,17697.74,S,27191.01,16854.54,ACTIVE,Operator_104
COMM04211,SATCOM_04211,-15.452337,6.934314,33876.4,X,12161.97,7177.59,INACTIVE,Operator_205
COMM04212,SATCOM_04212,62.003711,-152.506837,24711.26,X,23574.35,25569.68,ACTIVE,Operator_109
COMM04213,SATCOM_04213,-10.270126,-57.537252,30038.6,X,3195.18,11538.89,ACTIVE,Operator_100
COMM04214,SATCOM_04214,2.204784,-126.684485,23375.78,C,20466.29,27702.54,INACTIVE,Operator_107
COMM04215,SATCOM_04215,71.025114,75.761009,3282.33,S,2203.26,17968.16,INACTIVE,Operator_210
COMM04216,SATCOM_04216,28.631071,15.084945,11138.78,C,21902.19,9856.64,INACTIVE,Operator_148
COMM04217,SATCOM_04217,-39.627065,-81.517988,21517.46,S,28814.37,22361.99,INACTIVE,Operator_76
COMM04218,SATCOM_04218,-51.512495,-14.355222,19527.05,S,12009.35,19153.99,MAINTENANCE,Operator_177
COMM04219,SATCOM_04219,-45.231684,154.319648,31258.62,Ku,14131.63,2396.15,MAINTENANCE,Operator_78
COMM04220,SATCOM_04220,29.98918,101.273673,10520.1,Ku,3449.42,14992.16,INACTIVE,Operator_21
COMM04221,SATCOM_04221,-33.484982,-167.408496,24547.86,Ka,19346.9,2365.31,INACTIVE,Operator_154
COMM04222,SATCOM_04222,68.888649,-46.569807,15337.13,Ku,29890.28,4534.46,MAINTENANCE,Operator_90
COMM04223,SATCOM_04223,46.065578,-3.026283,18690.65,S,12726.75,23103.51,INACTIVE,Operator_222
COMM04224,SATCOM_04224,32.537321,-135.259262,23471.07,Ku,13788.34,23494.0,MAINTENANCE,Operator_209
COMM04225,SATCOM_04225,-26.084954,-128.53126,34861.8,L,8561.62,9725.28,INACTIVE,Operator_164
COMM04226,SATCOM_04226,-89.207414,131.475217,14594.97,L,19567.78,21501.6,MAINTENANCE,Operator_85
COMM04227,SATCOM_04227,39.937698,-72.426648,6266.58,C,4809.77,2508.5,MAINTENANCE,Operator_80
COMM04228,SATCOM_04228,83.029243,133.567648,761.75,C,23030.51,12857.05,ACTIVE,Operator_237
COMM04229,SATCOM_04229,-60.741434,-49.988443,8303.61,L,17583.67,5224.18,ACTIVE,Operator_210
COMM04230,SATCOM_04230,38.762502,-6.798018,10559.0,L,16399.06,14277.24,INACTIVE,Operator_140
COMM04231,SATCOM_04231,36.643847,143.645509,6689.22,L,11062.64,23265.86,MAINTENANCE,Operator_26
COMM04232,SATCOM_04232,55.559938,41.311231,31457.35,S,19573.54,29929.13,MAINTENANCE,Operator_175
COMM04233,SATCOM_04233,24.9667,43.7592,34659.2,C,17270.24,24761.35,MAINTENANCE,Operator_13
COMM04234,SATCOM_04234,54.7393,-149.600341,12953.93,S,9203.56,11231.83,INACTIVE,Operator_87
COMM04235,SATCOM_04235,62.742908,22.247098,34328.33,Ku,16039.56,5441.83,INACTIVE,Operator_195
COMM04236,SATCOM_04236,31.432063,101.695515,13499.29,L,25496.99,6738.35,MAINTENANCE,Operator_154
COMM04237,SATCOM_04237,10.53826,152.996299,35696.21,Ka,1678.34,3499.47,INACTIVE,Operator_153
COMM04238,SATCOM_04238,-67.010573,-36.684821,30268.68,S,20137.66,20485.63,INACTIVE,Operator_152
COMM04239,SATCOM_04239,76.912735,155.743914,26268.95,C,16601.1,4617.17,INACTIVE,Operator_150
COMM04240,SATCOM_04240,-16.5953,-144.589586,10126.54,X,23298.94,17205.06,INACTIVE,Operator_162
COMM04241,SATCOM_04241,72.960869,-59.243769,3294.25,C,27224.96,17659.96,MAINTENANCE,Operator_121
COMM04242,SATCOM_04242,-32.659364,119.106906,6003.63,Ka,16591.24,14043.94,INACTIVE,Operator_88
COMM04243,SATCOM_04243,44.219239,74.39215,22644.75,C,22694.61,24542.35,INACTIVE,Operator_86
COMM04244,SATCOM_04244,-10.522897,-60.539187,15520.66,Ku,20585.84,13682.68,INACTIVE,Operator_1
COMM04245,SATCOM_04245,72.853752,112.100012,17005.16,C,11306.74,29989.15,MAINTENANCE,Operator_245
COMM04246,SATCOM_04246,-18.920339,19.700495,34939.35,Ka,17966.69,19965.1,MAINTENANCE,Operator_235
COMM04247,SATCOM_04247,-80.543498,-42.410449,22681.24,S,1063.21,3190.89,INACTIVE,Operator_180
COMM04248,SATCOM_04248,89.412992,139.019128,30793.12,L,27451.65,19613.98,MAINTENANCE,Operator_159
COMM04249,SATCOM_04249,-61.860938,-89.884987,16979.51,Ka,1534.02,26560.11,INACTIVE,Operator_184
COMM04250,SATCOM_04250,-65.545998,-28.763569,14092.97,C,6664.08,3014.16,INACTIVE,Operator_129
COMM04251,SATCOM_04251,76.965426,49.630774,2257.58,Ku,26164.09,6924.0,ACTIVE,Operator_95
COMM04252,SATCOM_04252,84.841674,171.700456,33471.29,Ku,19056.44,10066.86,MAINTENANCE,Operator_29
COMM04253,SATCOM_04253,23.320965,-71.74973,8808.49,C,12676.08,8011.11,INACTIVE,Operator_240
COMM04254,SATCOM_04254,58.88138,-18.784907,27667.15,S,13199.05,17716.99,ACTIVE,Operator_244
COMM04255,SATCOM_04255,77.151981,-77.550618,16899.06,C,26432.97,2891.7,INACTIVE,Operator_39
COMM04256,SATCOM_04256,80.755486,82.455626,11037.24,S,29962.86,10138.51,MAINTENANCE,Operator_25
COMM04257,SATCOM_04257,-22.425261,61.919138,21344.68,C,6123.11,2658.74,ACTIVE,Operator_41
COMM04258,SATCOM_04258,-78.082496,20.402071,13212.79,X,26832.04,11350.37,MAINTENANCE,Operator_213
COMM04259,SATCOM_04259,-50.588994,151.395683,24517.22,Ka,23610.15,14426.14,MAINTENANCE,Operator_105
COMM04260,SATCOM_04260,-43.621716,147.089125,19754.21,X,11874.89,13802.31,MAINTENANCE,Operator_134
COMM04261,SATCOM_04261,-2.146045,-64.993544,7344.04,S,2866.94,12814.45,MAINTENANCE,Operator_21
COMM04262,SATCOM_04262,68.780755,-18.099538,33332.62,Ku,23968.67,28975.84,INACTIVE,Operator_211
COMM04263,SATCOM_04263,1.624287,-81.969361,30261.97,L,1892.79,4289.45,MAINTENANCE,Operator_14
COMM04264,SATCOM_04264,67.0309,27.241181,457.01,Ka,7574.38,7207.49,ACTIVE,Operator_31
COMM04265,SATCOM_04265,-39.954649,-48.489851,3390.33,S,5931.98,2650.06,INACTIVE,Operator_70
COMM04266,SATCOM_04266,69.758515,144.124218,31707.48,Ka,11270.19,25611.33,MAINTENANCE,Operator_228
COMM04267,SATCOM_04267,-14.966179,66.103865,10430.1,X,22764.16,1914.22,INACTIVE,Operator_234
COMM04268,SATCOM_04268,27.81284,-104.843466,18762.22,C,25049.35,27898.91,INACTIVE,Operator_22
COMM04269,SATCOM_04269,-59.667512,143.747793,26503.2,X,18709.98,23981.44,MAINTENANCE,Operator_46
COMM04270,SATCOM_04270,-44.584515,107.5368,35717.01,L,21300.71,28802.53,ACTIVE,Operator_219
COMM04271,SATCOM_04271,-59.219671,-154.010376,11919.17,S,3146.96,21027.34,ACTIVE,Operator_219
COMM04272,SATCOM_04272,-70.195095,-147.670849,19623.09,Ku,19604.05,9399.65,MAINTENANCE,Operator_63
COMM04273,SATCOM_04273,39.693862,88.818267,7496.25,C,2107.35,16044.4,ACTIVE,Operator_82
COMM04274,SATCOM_04274,-71.801839,-125.429319,33489.9,Ku,5096.84,12056.88,ACTIVE,Operator_41
COMM04275,SATCOM_04275,-39.007449,-116.053134,16304.62,Ka,15690.93,15881.93,ACTIVE,Operator_113
COMM04276,SATCOM_04276,-88.608164,24.372151,9851.71,L,28136.04,22449.32,ACTIVE,Operator_208
COMM04277,SATCOM_04277,-67.298241,-167.285199,19160.13,L,15988.71,22540.62,MAINTENANCE,Operator_179
COMM04278,SATCOM_04278,53.315703,123.641085,8990.42,S,4442.09,4361.87,MAINTENANCE,Operator_128
COMM04279,SATCOM_04279,31.309905,-169.181998,16976.84,X,10742.81,9103.54,MAINTENANCE,Operator_199
COMM04280,SATCOM_04280,61.207762,60.275618,2374.8,X,1734.6,21356.85,MAINTENANCE,Operator_161
COMM04281,SATCOM_04281,-77.027774,-5.748396,2423.93,Ku,28417.99,7296.68,INACTIVE,Operator_167
COMM04282,SATCOM_04282,-38.766598,-115.12701,16142.43,Ka,1051.34,20478.84,ACTIVE,Operator_17
COMM04283,SATCOM_04283,-32.18284,139.48436,3652.0,L,20457.73,23516.29,INACTIVE,Operator_83
COMM04284,SATCOM_04284,31.413251,166.104457,32784.12,X,28376.74,18811.34,INACTIVE,Operator_68
COMM04285,SATCOM_04285,13.855165,-5.487956,32821.11,X,26354.37,14031.17,INACTIVE,Operator_150
COMM04286,SATCOM_04286,66.185656,-58.233599,4022.38,X,15811.22,14054.48,ACTIVE,Operator_59
COMM04287,SATCOM_04287,30.210553,97.384959,17151.3,C,19417.27,18223.36,ACTIVE,Operator_211
COMM04288,SATCOM_04288,-53.859404,71.75911,15592.5,L,16368.64,6804.63,INACTIVE,Operator_146
COMM04289,SATCOM_04289,40.28536,-40.632237,12115.49,S,18444.28,2653.42,ACTIVE,Operator_167
COMM04290,SATCOM_04290,50.105052,-172.534039,7364.75,L,14312.25,10845.02,ACTIVE,Operator_29
COMM04291,SATCOM_04291,-57.245291,118.633539,7798.8,Ka,3275.95,1780.2,INACTIVE,Operator_105
COMM04292,SATCOM_04292,72.033143,-3.635396,3433.37,X,20281.81,23945.63,ACTIVE,Operator_132
COMM04293,SATCOM_04293,-73.337924,133.600311,4105.06,C,11452.31,16709.3,ACTIVE,Operator_132
COMM04294,SATCOM_04294,-46.108991,152.908915,22470.93,S,2598.28,12037.56,INACTIVE,Operator_249
COMM04295,SATCOM_04295,47.955538,-155.046103,12732.0,Ku,20400.6,13475.02,ACTIVE,Operator_53
COMM04296,SATCOM_04296,63.343178,-174.80265,27262.53,X,7606.72,16030.25,ACTIVE,Operator_45
COMM04297,SATCOM_04297,-21.64406,-21.401558,1678.78,X,24993.59,22747.53,INACTIVE,Operator_247
COMM04298,SATCOM_04298,62.028445,89.578378,23999.15,C,5852.91,6759.01,ACTIVE,Operator_105
COMM04299,SATCOM_04299,12.154382,-144.685478,26651.03,X,26864.63,11278.93,MAINTENANCE,Operator_82
COMM04300,SATCOM_04300,53.530537,93.873665,12370.57,Ka,13822.86,22323.24,INACTIVE,Operator_99
COMM04301,SATCOM_04301,57.417408,-171.485297,33264.16,S,23290.22,14932.38,ACTIVE,Operator_166
COMM04302,SATCOM_04302,80.780293,-146.618394,31033.44,L,1046.74,11295.56,ACTIVE,Operator_207
COMM04303,SATCOM_04303,28.394779,103.921177,27813.48,Ku,15003.35,26320.43,INACTIVE,Operator_87
COMM04304,SATCOM_04304,0.444452,-41.618669,23025.27,S,12380.52,17144.7,MAINTENANCE,Operator_119
COMM04305,SATCOM_04305,18.014697,-73.608901,27608.91,C,8000.36,2284.11,ACTIVE,Operator_71
COMM04306,SATCOM_04306,89.079635,-28.890601,19516.41,Ku,2020.49,25399.24,INACTIVE,Operator_143
COMM04307,SATCOM_04307,79.048461,110.371573,14976.98,L,16834.25,19855.77,ACTIVE,Operator_99
COMM04308,SATCOM_04308,-60.59143,-80.824998,14236.25,Ku,21918.63,6589.02,ACTIVE,Operator_55
COMM04309,SATCOM_04309,-33.493151,57.059731,15866.75,X,23379.6,24560.2,MAINTENANCE,Operator_204
COMM04310,SATCOM_04310,65.525845,56.935959,35896.02,X,4994.68,24518.68,ACTIVE,Operator_2
COMM04311,SATCOM_04311,70.647363,105.541828,12125.63,L,3638.3,20417.11,INACTIVE,Operator_160
COMM04312,SATCOM_04312,-87.622221,-128.577853,30726.58,X,23130.05,17076.2,ACTIVE,Operator_6
COMM04313,SATCOM_04313,-28.198988,150.059934,829.74,S,5190.9,13929.55,INACTIVE,Operator_27
COMM04314,SATCOM_04314,11.900391,42.577217,2300.74,C,22867.84,29714.69,ACTIVE,Operator_149
COMM04315,SATCOM_04315,-44.180231,-129.663768,21839.12,Ka,6057.56,15447.18,INACTIVE,Operator_107
COMM04316,SATCOM_04316,59.186446,30.405167,7868.49,S,18192.02,19407.6,MAINTENANCE,Operator_34
COMM04317,SATCOM_04317,-49.195668,-25.63191,32052.26,X,15435.38,12114.56,MAINTENANCE,Operator_76
COMM04318,SATCOM_04318,14.594965,41.235057,21514.2,L,24106.45,18633.22,MAINTENANCE,Operator_139
COMM04319,SATCOM_04319,-21.009471,-80.075425,9587.88,S,1155.14,5087.85,INACTIVE,Operator_184
COMM04320,SATCOM_04320,-44.941085,-166.724841,18272.72,S,24469.0,28059.51,INACTIVE,Operator_89
COMM04321,SATCOM_04321,75.565872,1.486586,26738.62,X,8490.6,23751.5,INACTIVE,Operator_93
COMM04322,SATCOM_04322,-3.289744,-72.135434,1241.99,S,5727.06,28617.35,INACTIVE,Operator_161
COMM04323,SATCOM_04323,11.492052,132.081897,1368.73,X,5626.19,19187.68,MAINTENANCE,Operator_39
COMM04324,SATCOM_04324,-34.807135,-3.656521,4333.18,Ku,7632.31,8272.03,MAINTENANCE,Operator_127
COMM04325,SATCOM_04325,58.326271,133.300526,17050.57,Ka,24174.84,24904.29,INACTIVE,Operator_138
COMM04326,SATCOM_04326,35.222096,-105.869865,23246.66,Ku,13517.2,29959.67,ACTIVE,Operator_176
COMM04327,SATCOM_04327,65.649149,-49.560191,17083.24,L,2623.34,5216.82,ACTIVE,Operator_33
COMM04328,SATCOM_04328,54.624264,-90.77699,28250.87,Ka,25841.06,6920.65,INACTIVE,Operator_223
COMM04329,SATCOM_04329,84.719809,-56.677587,34957.53,C,9981.02,16112.06,MAINTENANCE,Operator_164
COMM04330,SATCOM_04330,32.919191,-142.955124,5119.25,Ka,24872.32,16780.58,MAINTENANCE,Operator_96
COMM04331,SATCOM_04331,-10.728957,15.044197,13492.69,Ka,23296.91,25977.56,ACTIVE,Operator_74
COMM04332,SATCOM_04332,-30.89718,85.896832,8105.66,Ku,2782.53,26453.77,MAINTENANCE,Operator_125
COMM04333,SATCOM_04333,4.985348,166.086128,1040.23,L,7092.77,2526.07,ACTIVE,Operator_112
COMM04334,SATCOM_04334,4.43871,16.539536,20083.57,Ku,1441.08,27588.37,ACTIVE,Operator_130
COMM04335,SATCOM_04335,-76.777307,-65.327378,5836.76,L,17373.49,14476.38,ACTIVE,Operator_229
COMM04336,SATCOM_04336,42.553148,-16.920587,23062.17,X,22630.66,14464.76,ACTIVE,Operator_82
COMM04337,SATCOM_04337,-35.467762,-32.332456,8327.39,S,10173.66,16079.37,ACTIVE,Operator_72
COMM04338,SATCOM_04338,-0.540331,-136.141555,22529.77,L,27806.81,28847.65,MAINTENANCE,Operator_38
COMM04339,SATCOM_04339,-56.956776,-39.08582,21421.28,X,16245.55,20037.19,INACTIVE,Operator_110
COMM04340,SATCOM_04340,-41.482186,-125.130677,16167.06,C,2533.72,4425.1,INACTIVE,Operator_9
COMM04341,SATCOM_04341,10.150427,128.174208,9868.9,Ka,29660.46,3071.49,ACTIVE,Operator_36
COMM04342,SATCOM_04342,67.321616,57.099544,27532.33,X,27166.65,11728.4,ACTIVE,Operator_192
COMM04343,SATCOM_04343,31.536079,31.064495,16172.67,Ku,5146.29,22135.92,MAINTENANCE,Operator_148
COMM04344,SATCOM_04344,-89.920398,13.000108,2109.68,C,14079.5,24936.55,INACTIVE,Operator_21
COMM04345,SATCOM_04345,66.111445,-178.619411,27099.89,X,6727.89,29726.93,MAINTENANCE,Operator_216
COMM04346,SATCOM_04346,-62.902059,78.611048,33497.4,Ku,15091.54,27172.25,INACTIVE,Operator_20
COMM04347,SATCOM_04347,-53.058285,23.689775,30750.24,Ka,21921.16,17291.51,MAINTENANCE,Operator_23
COMM04348,SATCOM_04348,-63.301115,81.59152,31744.8,Ka,6267.71,9858.84,MAINTENANCE,Operator_146
COMM04349,SATCOM_04349,-57.251987,-96.759763,1701.02,C,9897.52,1624.12,ACTIVE,Operator_217
COMM04350,SATCOM_04350,-26.547138,61.74454,32932.95,Ka,20445.08,14153.73,ACTIVE,Operator_207
COMM04351,SATCOM_04351,48.841394,-3.893587,6366.46,Ka,12774.63,22375.81,INACTIVE,Operator_146
COMM04352,SATCOM_04352,2.019632,-140.459246,7002.85,C,26772.51,3984.18,MAINTENANCE,Operator_47
COMM04353,SATCOM_04353,32.433818,47.516548,6661.8,Ku,20226.35,25259.37,ACTIVE,Operator_218
COMM04354,SATCOM_04354,54.253091,57.716876,14817.95,L,21276.35,4290.35,ACTIVE,Operator_87
COMM04355,SATCOM_04355,-43.853313,50.089969,29887.27,S,19164.03,1995.86,INACTIVE,Operator_166
COMM04356,SATCOM_04356,11.272996,-135.092237,34876.92,Ku,13206.77,19462.26,INACTIVE,Operator_142
COMM04357,SATCOM_04357,-15.858198,91.323489,22297.17,L,5380.55,25024.56,ACTIVE,Operator_104
COMM04358,SATCOM_04358,-40.944542,-149.744521,4355.72,L,9007.05,22009.69,MAINTENANCE,Operator_61
COMM04359,SATCOM_04359,-66.911813,62.330556,25367.71,Ku,3117.04,21442.17,ACTIVE,Operator_228
COMM04360,SATCOM_04360,-31.016364,21.232697,13849.6,C,28069.39,17567.91,ACTIVE,Operator_124
COMM04361,SATCOM_04361,-70.683727,-141.955084,32599.34,X,24178.91,26405.57,ACTIVE,Operator_44
COMM04362,SATCOM_04362,81.115683,-21.029872,33886.75,Ka,6322.97,18396.53,ACTIVE,Operator_186
COMM04363,SATCOM_04363,61.728566,29.076195,1684.85,Ku,16796.97,3053.09,ACTIVE,Operator_137
COMM04364,SATCOM_04364,34.810912,49.512882,5529.65,Ku,5890.64,25848.7,INACTIVE,Operator_47
COMM04365,SATCOM_04365,24.763351,-137.629625,18250.81,C,7828.87,3282.27,MAINTENANCE,Operator_137
COMM04366,SATCOM_04366,12.499343,-97.615307,844.42,Ku,8393.62,27962.6,MAINTENANCE,Operator_99
COMM04367,SATCOM_04367,-78.149053,-134.865931,20006.36,Ku,18160.47,8110.1,MAINTENANCE,Operator_183
COMM04368,SATCOM_04368,-44.264295,140.774877,21934.78,C,23413.9,4656.13,MAINTENANCE,Operator_239
COMM04369,SATCOM_04369,-52.024764,141.171024,23167.82,X,13685.08,17924.48,INACTIVE,Operator_63
COMM04370,SATCOM_04370,42.195899,61.173951,22465.53,C,6456.12,7281.4,ACTIVE,Operator_4
COMM04371,SATCOM_04371,-28.342756,-43.092171,19096.8,X,27688.46,23130.02,INACTIVE,Operator_19
COMM04372,SATCOM_04372,5.320366,-15.834797,16805.92,S,16792.95,18948.94,ACTIVE,Operator_110
COMM04373,SATCOM_04373,56.936806,-36.036845,24532.33,Ku,28061.6,22668.04,INACTIVE,Operator_75
COMM04374,SATCOM_04374,-60.56109,101.832536,8115.91,L,14279.31,16621.15,INACTIVE,Operator_208
COMM04375,SATCOM_04375,26.123402,172.060538,11289.94,L,28534.86,11710.86,INACTIVE,Operator_135
COMM04376,SATCOM_04376,42.627401,103.431316,18370.98,Ka,17535.62,26882.05,MAINTENANCE,Operator_216
COMM04377,SATCOM_04377,-73.140928,-143.457643,35484.71,S,27705.9,29460.11,MAINTENANCE,Operator_133
COMM04378,SATCOM_04378,3.27485,35.981795,7653.78,X,18925.47,29854.46,MAINTENANCE,Operator_208
COMM04379,SATCOM_04379,-74.90447,-32.959513,28420.54,Ku,25202.28,23464.28,ACTIVE,Operator_104
COMM04380,SATCOM_04380,66.482503,-11.211704,1395.74,Ku,22545.13,22871.72,ACTIVE,Operator_113
COMM04381,SATCOM_04381,-40.527063,50.294446,17204.51,Ku,16679.89,20917.17,ACTIVE,Operator_64
COMM04382,SATCOM_04382,44.842155,-82.154968,7632.77,L,19464.76,4405.94,ACTIVE,Operator_3
COMM04383,SATCOM_04383,-24.242772,-63.241743,12423.57,X,5207.85,5647.88,MAINTENANCE,Operator_67
COMM04384,SATCOM_04384,-17.434226,-70.019301,30124.39,X,13129.64,2433.81,INACTIVE,Operator_58
COMM04385,SATCOM_04385,2.041783,81.368776,24093.58,X,10472.98,12383.16,MAINTENANCE,Operator_6
COMM04386,SATCOM_04386,-65.645755,-47.989046,14035.87,X,25197.6,17101.76,INACTIVE,Operator_222
COMM04387,SATCOM_04387,50.260895,179.889847,28364.64,Ku,19649.21,28657.76,MAINTENANCE,Operator_168
COMM04388,SATCOM_04388,49.114905,85.463714,33468.62,Ku,28875.3,17488.48,INACTIVE,Operator_207
COMM04389,SATCOM_04389,-43.48919,173.409345,15869.11,L,5355.91,5683.42,MAINTENANCE,Operator_6
COMM04390,SATCOM_04390,-62.766067,-62.461541,8335.89,S,12078.32,18938.03,INACTIVE,Operator_24
COMM04391,SATCOM_04391,-72.48145,53.864617,34523.02,C,14896.64,10891.74,ACTIVE,Operator_30
COMM04392,SATCOM_04392,-67.454048,-3.115517,2583.81,Ka,3178.42,23596.55,INACTIVE,Operator_194
COMM04393,SATCOM_04393,-74.511081,-0.235439,26606.55,C,9589.34,6064.7,INACTIVE,Operator_30
COMM04394,SATCOM_04394,-43.287459,85.691366,30647.87,S,18411.62,23360.45,MAINTENANCE,Operator_15
COMM04395,SATCOM_04395,74.257064,-30.835136,1696.68,X,23774.43,16116.28,MAINTENANCE,Operator_201
COMM04396,SATCOM_04396,-72.705608,154.348247,3049.07,X,4462.39,4874.53,MAINTENANCE,Operator_111
COMM04397,SATCOM_04397,-8.946359,-43.844388,17574.72,Ka,17317.23,2227.08,MAINTENANCE,Operator_19
COMM04398,SATCOM_04398,-20.028811,-79.255363,16311.09,Ka,23931.62,25892.65,ACTIVE,Operator_180
COMM04399,SATCOM_04399,-73.043311,-152.9349,31767.37,Ka,22392.24,24003.68,INACTIVE,Operator_175
COMM04400,SATCOM_04400,29.251419,140.983602,26674.97,C,3279.92,13446.88,MAINTENANCE,Operator_78
COMM04401,SATCOM_04401,49.378018,-28.209747,29866.96,S,12405.34,23927.12,MAINTENANCE,Operator_82
COMM04402,SATCOM_04402,-75.197232,92.305025,23119.05,C,10789.31,20429.77,ACTIVE,Operator_85
COMM04403,SATCOM_04403,8.350164,-25.58895,23292.44,C,19270.9,5386.75,ACTIVE,Operator_80
COMM04404,SATCOM_04404,34.259118,112.185006,17184.96,L,29695.0,28669.06,ACTIVE,Operator_15
COMM04405,SATCOM_04405,18.348206,-60.864046,21778.62,L,16670.7,23635.17,MAINTENANCE,Operator_9
COMM04406,SATCOM_04406,61.507425,4.670862,30470.64,C,7892.52,27119.0,INACTIVE,Operator_164
COMM04407,SATCOM_04407,-81.901174,-119.876203,32507.44,S,7989.83,6058.74,INACTIVE,Operator_218
COMM04408,SATCOM_04408,-64.116361,-16.770616,12216.38,X,18102.11,22576.23,ACTIVE,Operator_66
COMM04409,SATCOM_04409,29.175329,-136.694225,30173.96,Ka,27293.83,12364.44,ACTIVE,Operator_235
COMM04410,SATCOM_04410,80.243515,-29.241415,23706.9,Ka,24988.81,1621.05,INACTIVE,Operator_100
COMM04411,SATCOM_04411,17.234639,-16.435259,17510.38,L,16306.41,9740.08,ACTIVE,Operator_78
COMM04412,SATCOM_04412,48.293131,-135.190087,32865.55,S,19782.15,25817.86,MAINTENANCE,Operator_101
COMM04413,SATCOM_04413,-58.159814,-124.124177,15107.14,X,22507.57,7862.97,MAINTENANCE,Operator_240
COMM04414,SATCOM_04414,56.596668,-83.174578,4429.53,C,16287.8,13309.52,ACTIVE,Operator_231
COMM04415,SATCOM_04415,19.48429,41.665989,20840.4,Ku,24753.73,9157.77,INACTIVE,Operator_180
COMM04416,SATCOM_04416,38.430703,-148.724296,20899.02,Ku,1099.13,12885.48,INACTIVE,Operator_189
COMM04417,SATCOM_04417,38.705625,29.335983,17163.58,S,27151.48,14871.43,ACTIVE,Operator_8
COMM04418,SATCOM_04418,32.597308,87.462068,920.19,Ku,28263.68,4999.39,MAINTENANCE,Operator_172
COMM04419,SATCOM_04419,-52.97948,-155.877715,20456.47,C,5118.8,7488.65,ACTIVE,Operator_89
COMM04420,SATCOM_04420,-65.098707,52.323496,16676.04,L,28937.13,14673.45,MAINTENANCE,Operator_31
COMM04421,SATCOM_04421,-51.927622,24.22246,18540.23,Ku,11154.33,9162.36,ACTIVE,Operator_213
COMM04422,SATCOM_04422,-51.243497,150.656096,24701.1,X,10354.08,5709.51,INACTIVE,Operator_88
COMM04423,SATCOM_04423,-14.302903,84.226164,16991.91,X,2203.02,23432.91,MAINTENANCE,Operator_170
COMM04424,SATCOM_04424,-77.460344,113.665163,31456.05,L,12928.17,25576.97,ACTIVE,Operator_44
COMM04425,SATCOM_04425,36.950274,-82.077033,2141.36,X,15332.17,14635.91,ACTIVE,Operator_138
COMM04426,SATCOM_04426,-10.295645,-103.144898,23529.04,Ku,6022.08,8403.78,INACTIVE,Operator_52
COMM04427,SATCOM_04427,34.972719,-135.879705,21137.44,L,5798.15,6103.06,MAINTENANCE,Operator_48
COMM04428,SATCOM_04428,-28.164885,-154.626483,29186.01,Ku,24588.69,18176.95,INACTIVE,Operator_89
COMM04429,SATCOM_04429,84.146754,154.295527,24878.73,L,25674.03,9140.7,ACTIVE,Operator_39
COMM04430,SATCOM_04430,46.883322,35.460101,29040.84,S,28484.27,16276.66,INACTIVE,Operator_82
COMM04431,SATCOM_04431,70.474981,-37.79166,2219.02,C,20192.13,1417.58,MAINTENANCE,Operator_181
COMM04432,SATCOM_04432,-62.365811,-109.843065,7695.51,C,29077.12,29828.91,INACTIVE,Operator_60
COMM04433,SATCOM_04433,-11.835728,-35.451008,11618.34,Ka,2412.62,18099.87,INACTIVE,Operator_117
COMM04434,SATCOM_04434,80.595852,103.725411,6814.48,Ka,20525.52,24591.77,MAINTENANCE,Operator_125
COMM04435,SATCOM_04435,-38.09397,-25.232708,5827.87,L,23602.19,24387.65,MAINTENANCE,Operator_220
COMM04436,SATCOM_04436,75.30877,-100.586323,13791.14,L,20892.33,11003.79,MAINTENANCE,Operator_192
COMM04437,SATCOM_04437,-23.107697,2.155957,25280.94,Ku,11092.99,15259.41,ACTIVE,Operator_223
COMM04438,SATCOM_04438,-79.754251,-62.91298,17292.52,X,3730.6,16794.17,INACTIVE,Operator_150
COMM04439,SATCOM_04439,-0.825106,-143.749644,15734.99,L,22483.09,4748.76,MAINTENANCE,Operator_157
COMM04440,SATCOM_04440,-27.306893,-156.135213,5537.09,Ka,21280.1,9633.41,INACTIVE,Operator_224
COMM04441,SATCOM_04441,42.606887,29.016964,29731.14,X,23675.35,23014.85,INACTIVE,Operator_229
COMM04442,SATCOM_04442,81.379495,-33.269747,3545.53,Ku,2295.35,4971.1,MAINTENANCE,Operator_85
COMM04443,SATCOM_04443,37.852461,171.519813,23323.48,C,22281.78,16360.12,MAINTENANCE,Operator_187
COMM04444,SATCOM_04444,82.500338,115.076147,25128.43,Ka,13174.08,25674.76,MAINTENANCE,Operator_20
COMM04445,SATCOM_04445,-65.783179,-20.213636,13784.33,Ka,17849.21,6283.55,ACTIVE,Operator_72
COMM04446,SATCOM_04446,83.039704,45.881953,12844.17,Ku,23295.76,1992.57,INACTIVE,Operator_78
COMM04447,SATCOM_04447,-36.877097,18.507927,29201.29,L,17638.45,25953.34,ACTIVE,Operator_177
COMM04448,SATCOM_04448,62.915586,-161.07886,7618.36,S,23487.94,28933.34,MAINTENANCE,Operator_150
COMM04449,SATCOM_04449,87.234256,-100.403207,7767.83,X,7870.67,21734.27,INACTIVE,Operator_86
COMM04450,SATCOM_04450,3.973609,-152.701094,33480.03,Ku,25779.22,10608.76,ACTIVE,Operator_156
COMM04451,SATCOM_04451,-3.259591,98.04957,33599.15,Ku,22544.48,1082.27,INACTIVE,Operator_230
COMM04452,SATCOM_04452,-3.008064,158.175775,6789.88,L,21428.71,7447.85,ACTIVE,Operator_121
COMM04453,SATCOM_04453,18.897548,55.495399,16647.47,L,8261.89,4518.36,ACTIVE,Operator_203
COMM04454,SATCOM_04454,50.200598,57.045722,22754.49,Ku,13807.55,28754.6,ACTIVE,Operator_50
COMM04455,SATCOM_04455,-51.438271,-99.079131,2924.63,Ka,22888.45,22213.63,MAINTENANCE,Operator_11
COMM04456,SATCOM_04456,-83.426886,-94.713252,7405.33,L,21042.87,3308.55,INACTIVE,Operator_19
COMM04457,SATCOM_04457,2.622693,29.730032,15738.88,S,21617.47,13633.57,MAINTENANCE,Operator_33
COMM04458,SATCOM_04458,-85.117185,150.704742,10539.88,L,21338.98,8123.67,INACTIVE,Operator_73
COMM04459,SATCOM_04459,-29.554014,-163.284702,1053.73,X,9929.31,28830.71,INACTIVE,Operator_195
COMM04460,SATCOM_04460,-20.458443,-82.288696,28198.93,X,10896.2,29327.49,MAINTENANCE,Operator_69
COMM04461,SATCOM_04461,9.943713,-112.225867,27127.46,L,6720.33,4379.3,ACTIVE,Operator_87
COMM04462,SATCOM_04462,53.330985,141.269023,259.49,X,20446.36,14474.41,INACTIVE,Operator_213
COMM04463,SATCOM_04463,-22.080635,-97.884295,10435.37,L,1150.72,16759.56,ACTIVE,Operator_123
COMM04464,SATCOM_04464,76.100196,-100.090898,6122.13,C,17977.23,22944.08,MAINTENANCE,Operator_114
COMM04465,SATCOM_04465,25.775071,-34.589502,11498.45,Ku,12685.06,28644.52,MAINTENANCE,Operator_216
COMM04466,SATCOM_04466,48.923782,78.182164,32626.39,C,8519.43,28977.23,MAINTENANCE,Operator_33
COMM04467,SATCOM_04467,24.93097,177.121725,2358.31,X,19138.88,10259.71,INACTIVE,Operator_120
COMM04468,SATCOM_04468,-19.294204,51.035704,35262.96,L,25373.84,19205.96,MAINTENANCE,Operator_47
COMM04469,SATCOM_04469,-72.022281,78.276333,5572.54,X,15170.9,26432.25,MAINTENANCE,Operator_94
COMM04470,SATCOM_04470,40.537696,103.509975,24009.87,Ku,25254.2,29330.24,MAINTENANCE,Operator_30
COMM04471,SATCOM_04471,-71.33293,-75.516473,3258.05,Ku,11133.47,26651.28,MAINTENANCE,Operator_68
COMM04472,SATCOM_04472,54.337921,-81.076421,8481.62,L,17082.68,20506.97,INACTIVE,Operator_30
COMM04473,SATCOM_04473,-38.946562,-174.229743,25021.85,S,25045.11,16031.32,MAINTENANCE,Operator_163
COMM04474,SATCOM_04474,-2.086228,-29.128215,18571.78,C,26030.62,15270.15,ACTIVE,Operator_71
COMM04475,SATCOM_04475,-51.570232,167.087931,26015.31,C,8790.23,9583.3,ACTIVE,Operator_207
COMM04476,SATCOM_04476,3.737389,-65.850869,12564.48,C,27010.11,18241.57,MAINTENANCE,Operator_240
COMM04477,SATCOM_04477,28.850743,-177.332982,20034.59,S,14403.43,14640.3,ACTIVE,Operator_147
COMM04478,SATCOM_04478,-64.681639,-115.121381,31318.33,C,11890.67,9505.22,ACTIVE,Operator_208
COMM04479,SATCOM_04479,-47.880577,178.839074,12920.55,X,7893.75,1158.77,ACTIVE,Operator_210
COMM04480,SATCOM_04480,62.047431,-31.080084,13178.37,X,24360.5,5440.0,INACTIVE,Operator_171
COMM04481,SATCOM_04481,-75.853864,44.172946,10108.06,L,26610.29,24762.85,INACTIVE,Operator_76
COMM04482,SATCOM_04482,28.345892,126.103309,2251.12,X,5620.37,12781.9,INACTIVE,Operator_220
COMM04483,SATCOM_04483,-89.172123,133.944986,4724.33,L,12849.13,10027.45,INACTIVE,Operator_184
COMM04484,SATCOM_04484,65.620857,68.24684,23783.19,C,17225.98,15533.31,INACTIVE,Operator_158
COMM04485,SATCOM_04485,-9.90188,65.692539,35437.89,L,25890.34,5931.0,MAINTENANCE,Operator_37
COMM04486,SATCOM_04486,-10.278939,-143.737299,16369.2,L,29794.51,6992.41,MAINTENANCE,Operator_209
COMM04487,SATCOM_04487,-14.608041,24.134093,9776.32,Ka,4730.84,22561.61,MAINTENANCE,Operator_196
COMM04488,SATCOM_04488,76.818961,-51.526682,6212.99,Ka,20464.81,17194.53,ACTIVE,Operator_174
COMM04489,SATCOM_04489,34.893132,93.406499,4366.12,X,18510.29,26614.54,INACTIVE,Operator_4
COMM04490,SATCOM_04490,-1.248183,95.936366,33608.95,L,27862.89,8881.54,INACTIVE,Operator_169
COMM04491,SATCOM_04491,-47.600106,129.312664,22736.6,C,27958.7,25744.52,INACTIVE,Operator_51
COMM04492,SATCOM_04492,6.225676,133.31354,6515.23,Ku,5354.08,6196.14,INACTIVE,Operator_41
COMM04493,SATCOM_04493,-58.281965,-45.31825,16470.72,X,7174.74,6437.69,INACTIVE,Operator_1
COMM04494,SATCOM_04494,-83.454835,-53.396428,1339.75,Ka,20321.01,6974.0,INACTIVE,Operator_14
COMM04495,SATCOM_04495,41.321913,-159.263226,22534.42,C,8601.12,14159.67,INACTIVE,Operator_193
COMM04496,SATCOM_04496,44.013114,-92.433429,34880.51,S,9772.25,11331.24,MAINTENANCE,Operator_82
COMM04497,SATCOM_04497,-7.647193,-110.76676,25604.17,S,15445.87,10544.81,MAINTENANCE,Operator_107
COMM04498,SATCOM_04498,-33.700925,-114.939776,18880.61,Ka,28690.91,17722.27,ACTIVE,Operator_16
COMM04499,SATCOM_04499,61.467954,-49.064289,9553.5,Ka,28581.03,17280.75,INACTIVE,Operator_227
COMM04500,SATCOM_04500,60.10072,139.489725,26172.18,S,12689.81,9053.36,ACTIVE,Operator_209
COMM04501,SATCOM_04501,-25.830145,-175.58798,21433.69,S,28429.95,8167.43,MAINTENANCE,Operator_164
COMM04502,SATCOM_04502,88.999699,65.419552,6040.52,X,6709.06,28528.75,ACTIVE,Operator_58
COMM04503,SATCOM_04503,-67.001369,121.231587,26129.41,S,19735.12,6083.16,ACTIVE,Operator_82
COMM04504,SATCOM_04504,-11.573359,7.472709,9595.75,X,27176.53,2404.15,ACTIVE,Operator_42
COMM04505,SATCOM_04505,-82.62168,-131.902879,35022.06,Ku,13045.76,7495.46,INACTIVE,Operator_176
COMM04506,SATCOM_04506,22.198196,-169.289322,3169.73,X,14182.38,15585.91,INACTIVE,Operator_99
COMM04507,SATCOM_04507,23.535171,-84.101571,29767.28,C,5646.72,8502.78,MAINTENANCE,Operator_159
COMM04508,SATCOM_04508,10.015821,-95.372001,27132.34,Ka,2808.92,11688.74,MAINTENANCE,Operator_66
COMM04509,SATCOM_04509,-0.19853,-156.096268,14681.24,S,12562.16,20531.07,ACTIVE,Operator_164
COMM04510,SATCOM_04510,3.416749,2.717686,9801.75,L,15607.41,7124.73,ACTIVE,Operator_102
COMM04511,SATCOM_04511,-18.518515,-5.218222,20509.0,X,25245.0,8209.14,ACTIVE,Operator_115
COMM04512,SATCOM_04512,46.397605,178.918523,13944.01,X,8514.94,29641.69,MAINTENANCE,Operator_16
COMM04513,SATCOM_04513,-29.040909,55.04265,18750.8,L,15257.24,10542.41,MAINTENANCE,Operator_190
COMM04514,SATCOM_04514,76.162688,112.432171,4419.57,L,4869.32,5320.57,ACTIVE,Operator_7
COMM04515,SATCOM_04515,0.135542,100.203048,17197.18,Ka,1851.48,10711.37,MAINTENANCE,Operator_186
COMM04516,SATCOM_04516,89.993904,-176.131097,29631.44,Ku,11442.77,16012.81,MAINTENANCE,Operator_163
COMM04517,SATCOM_04517,-62.516183,19.95086,10294.28,X,6672.25,25426.89,MAINTENANCE,Operator_30
COMM04518,SATCOM_04518,0.323203,-121.465882,1652.46,X,20655.83,20157.95,INACTIVE,Operator_86
COMM04519,SATCOM_04519,8.136554,173.995067,7210.05,Ka,13265.91,12129.56,INACTIVE,Operator_106
COMM04520,SATCOM_04520,-6.876323,-6.187773,4996.06,X,6786.39,12499.26,INACTIVE,Operator_206
COMM04521,SATCOM_04521,-86.880493,169.982048,28889.43,C,2088.39,14435.78,MAINTENANCE,Operator_28
COMM04522,SATCOM_04522,-71.155988,136.169007,17342.67,L,28242.66,21534.6,INACTIVE,Operator_233
COMM04523,SATCOM_04523,-20.73651,41.582452,32012.39,Ku,16466.27,27787.55,INACTIVE,Operator_226
COMM04524,SATCOM_04524,65.824046,4.956958,2466.91,L,11468.85,19303.48,ACTIVE,Operator_20
COMM04525,SATCOM_04525,36.338392,-126.766645,3881.68,C,12816.39,5245.7,INACTIVE,Operator_126
COMM04526,SATCOM_04526,11.285738,-23.564415,14894.78,Ka,10161.05,1424.08,ACTIVE,Operator_183
COMM04527,SATCOM_04527,20.021616,-86.35803,8633.62,L,11306.23,23205.01,MAINTENANCE,Operator_189
COMM04528,SATCOM_04528,83.557581,77.670033,24913.0,Ka,13620.84,5377.08,INACTIVE,Operator_28
COMM04529,SATCOM_04529,27.954218,-71.577054,3659.64,X,17202.75,25590.14,INACTIVE,Operator_156
COMM04530,SATCOM_04530,70.302519,-43.83028,25724.61,Ku,22136.17,12257.36,ACTIVE,Operator_34
COMM04531,SATCOM_04531,-8.009217,-96.965868,11407.55,Ku,18566.04,13073.02,MAINTENANCE,Operator_167
COMM04532,SATCOM_04532,80.54992,28.508531,28867.01,S,29808.98,26512.65,ACTIVE,Operator_45
COMM04533,SATCOM_04533,-61.439226,-137.950795,26234.98,X,26545.29,12159.69,ACTIVE,Operator_100
COMM04534,SATCOM_04534,73.036035,-56.970532,5864.48,S,9886.93,23942.01,INACTIVE,Operator_232
COMM04535,SATCOM_04535,81.467258,-74.999779,30296.07,Ku,20193.4,6735.98,ACTIVE,Operator_112
COMM04536,SATCOM_04536,43.769712,61.730483,2276.59,L,17327.51,3586.54,MAINTENANCE,Operator_224
COMM04537,SATCOM_04537,31.940989,-36.082942,22233.34,Ka,10340.08,17682.13,INACTIVE,Operator_143
COMM04538,SATCOM_04538,-22.203645,166.31058,9266.3,L,7251.9,27901.76,INACTIVE,Operator_15
COMM04539,SATCOM_04539,-13.707289,161.63886,34023.73,S,27154.53,28114.96,INACTIVE,Operator_101
COMM04540,SATCOM_04540,17.59798,5.859187,22395.72,L,19793.22,16242.19,INACTIVE,Operator_129
COMM04541,SATCOM_04541,37.808219,61.239125,5514.21,S,10255.93,13496.98,MAINTENANCE,Operator_139
COMM04542,SATCOM_04542,-39.003419,-80.880677,15199.92,S,12280.62,2365.8,MAINTENANCE,Operator_244
COMM04543,SATCOM_04543,-11.653932,116.164271,18723.93,Ka,17843.35,23283.12,INACTIVE,Operator_199
COMM04544,SATCOM_04544,-66.115687,21.953662,26511.69,C,22631.2,2012.52,MAINTENANCE,Operator_134
COMM04545,SATCOM_04545,17.526322,-149.047443,17023.24,Ku,7419.39,25525.11,MAINTENANCE,Operator_105
COMM04546,SATCOM_04546,-44.164114,-18.149702,14146.26,L,17095.99,10926.09,ACTIVE,Operator_26
COMM04547,SATCOM_04547,79.898812,124.284159,21194.81,Ku,16414.33,17166.49,ACTIVE,Operator_153
COMM04548,SATCOM_04548,-32.626213,-177.5052,31636.18,Ka,7838.85,26015.17,MAINTENANCE,Operator_56
COMM04549,SATCOM_04549,60.658416,154.465835,25886.65,L,17992.49,27724.86,INACTIVE,Operator_31
COMM04550,SATCOM_04550,74.186715,-45.207012,23213.74,X,5463.26,15223.31,INACTIVE,Operator_67
COMM04551,SATCOM_04551,25.544863,101.80096,3719.77,C,24241.55,14548.67,INACTIVE,Operator_2
COMM04552,SATCOM_04552,-10.074749,179.992162,16432.4,Ku,26576.11,12893.41,MAINTENANCE,Operator_141
COMM04553,SATCOM_04553,-12.255325,-4.53095,29170.0,C,26222.29,21266.74,INACTIVE,Operator_64
COMM04554,SATCOM_04554,-39.113202,98.379166,24822.96,C,22541.67,7828.47,ACTIVE,Operator_195
COMM04555,SATCOM_04555,-13.918097,-143.698871,18425.62,Ka,3179.28,18107.37,ACTIVE,Operator_25
COMM04556,SATCOM_04556,27.498339,-91.313862,18592.94,Ku,6213.25,6361.67,INACTIVE,Operator_176
COMM04557,SATCOM_04557,57.423943,48.557869,1109.22,S,9071.89,14405.02,ACTIVE,Operator_5
COMM04558,SATCOM_04558,89.462595,80.963679,11473.48,Ku,6207.96,19939.0,INACTIVE,Operator_110
COMM04559,SATCOM_04559,-79.34629,139.807069,28939.9,X,9585.22,12925.01,INACTIVE,Operator_6
COMM04560,SATCOM_04560,-55.801849,-168.118988,4922.57,Ka,15658.96,8607.26,INACTIVE,Operator_142
COMM04561,SATCOM_04561,7.905637,-141.432453,21260.34,L,15147.51,2743.12,INACTIVE,Operator_206
COMM04562,SATCOM_04562,0.291272,127.500319,3442.98,L,29023.83,10341.73,ACTIVE,Operator_82
COMM04563,SATCOM_04563,87.67591,123.644491,25458.04,S,24821.49,29769.52,MAINTENANCE,Operator_28
COMM04564,SATCOM_04564,-21.502691,116.337859,22314.47,Ku,28947.88,16906.68,MAINTENANCE,Operator_228
COMM04565,SATCOM_04565,62.239574,129.064737,18561.12,Ka,29404.68,18052.36,INACTIVE,Operator_128
COMM04566,SATCOM_04566,79.105623,-100.64739,13034.08,S,22106.07,3388.3,INACTIVE,Operator_119
COMM04567,SATCOM_04567,27.428872,30.958547,19123.94,Ku,20874.74,11904.2,ACTIVE,Operator_140
COMM04568,SATCOM_04568,26.052545,-156.260063,32391.56,L,23093.58,21005.8,INACTIVE,Operator_59
COMM04569,SATCOM_04569,-29.536446,-8.542008,16424.19,L,11623.83,19358.24,INACTIVE,Operator_156
COMM04570,SATCOM_04570,32.992411,127.036571,15038.15,L,19645.6,5045.47,INACTIVE,Operator_218
COMM04571,SATCOM_04571,75.796274,34.736647,26878.98,S,29508.37,15301.24,ACTIVE,Operator_12
COMM04572,SATCOM_04572,-56.478144,-54.411952,18853.14,C,23598.85,28703.82,INACTIVE,Operator_153
COMM04573,SATCOM_04573,-49.975126,140.678594,34798.77,X,2494.65,5748.98,INACTIVE,Operator_78
COMM04574,SATCOM_04574,73.23703,-17.238058,31003.19,C,18140.22,15692.07,INACTIVE,Operator_150
COMM04575,SATCOM_04575,63.722658,32.32398,27145.57,X,14800.23,10211.6,ACTIVE,Operator_57
COMM04576,SATCOM_04576,-77.319219,-66.772569,23911.92,C,15600.21,22293.44,ACTIVE,Operator_141
COMM04577,SATCOM_04577,26.267854,-73.761203,29878.53,S,11500.43,6408.69,INACTIVE,Operator_69
COMM04578,SATCOM_04578,-2.95304,92.196144,29586.71,S,8680.98,3796.14,MAINTENANCE,Operator_17
COMM04579,SATCOM_04579,58.336506,-20.492314,33851.29,L,12411.35,8692.68,ACTIVE,Operator_126
COMM04580,SATCOM_04580,68.462128,-39.485507,35489.14,C,23576.61,7502.31,INACTIVE,Operator_18
COMM04581,SATCOM_04581,-44.611857,-7.710323,18332.88,L,16082.87,25150.73,ACTIVE,Operator_165
COMM04582,SATCOM_04582,13.800543,48.094793,11062.22,Ku,9402.35,17693.51,MAINTENANCE,Operator_221
COMM04583,SATCOM_04583,44.534178,148.482323,22634.84,Ka,2624.14,7150.63,MAINTENANCE,Operator_237
COMM04584,SATCOM_04584,6.349368,112.931066,22570.51,Ka,1624.46,16501.41,INACTIVE,Operator_110
COMM04585,SATCOM_04585,-26.083511,-18.568276,1623.7,S,21266.84,21700.37,MAINTENANCE,Operator_230
COMM04586,SATCOM_04586,-85.335776,-95.458404,14287.67,C,11961.95,9396.73,ACTIVE,Operator_37
COMM04587,SATCOM_04587,-74.831016,-21.942582,9519.23,Ku,25934.82,12296.92,ACTIVE,Operator_185
COMM04588,SATCOM_04588,-31.523053,-120.706771,7758.91,C,6321.11,13845.8,INACTIVE,Operator_37
COMM04589,SATCOM_04589,63.813082,-111.531153,4380.15,L,22189.53,2290.93,INACTIVE,Operator_82
COMM04590,SATCOM_04590,-60.487226,173.721306,26836.61,S,12459.35,5643.59,INACTIVE,Operator_107
COMM04591,SATCOM_04591,-79.895699,-92.219002,26571.77,Ku,4132.63,28599.9,INACTIVE,Operator_40
COMM04592,SATCOM_04592,38.827512,155.226422,27690.49,L,6700.54,15952.3,ACTIVE,Operator_29
COMM04593,SATCOM_04593,-66.332519,159.910518,6665.47,L,20499.38,21538.02,INACTIVE,Operator_246
COMM04594,SATCOM_04594,2.209256,-66.524267,20585.98,Ka,1084.32,13655.98,ACTIVE,Operator_1
COMM04595,SATCOM_04595,-8.797987,167.12586,1132.03,C,3084.57,14098.86,INACTIVE,Operator_145
COMM04596,SATCOM_04596,-2.522906,-52.010229,22651.06,L,16933.86,20180.34,ACTIVE,Operator_11
COMM04597,SATCOM_04597,16.254348,-88.594401,13744.0,C,16087.41,2083.77,ACTIVE,Operator_237
COMM04598,SATCOM_04598,-62.946369,127.269835,4817.81,L,20010.79,27936.02,ACTIVE,Operator_28
COMM04599,SATCOM_04599,-32.63317,161.992134,9338.87,L,19263.84,4250.56,MAINTENANCE,Operator_107
COMM04600,SATCOM_04600,-81.564746,163.758856,4007.97,Ka,10073.67,17079.13,INACTIVE,Operator_109
COMM04601,SATCOM_04601,-7.184476,-23.075218,1993.52,X,29308.76,24321.14,MAINTENANCE,Operator_19
COMM04602,SATCOM_04602,31.093761,-156.95173,15297.08,C,18141.27,27295.1,ACTIVE,Operator_186
COMM04603,SATCOM_04603,38.994334,-150.485781,17582.76,L,21657.63,27812.17,ACTIVE,Operator_238
COMM04604,SATCOM_04604,-35.508059,175.831034,30329.95,L,1482.42,7435.03,INACTIVE,Operator_91
COMM04605,SATCOM_04605,-84.594075,-86.104641,5981.39,S,7721.72,1576.33,MAINTENANCE,Operator_98
COMM04606,SATCOM_04606,-69.40565,83.753258,31657.71,X,14665.33,11967.61,INACTIVE,Operator_175
COMM04607,SATCOM_04607,-41.856192,-63.164042,10035.64,Ka,1641.59,23785.63,INACTIVE,Operator_133
COMM04608,SATCOM_04608,49.963266,168.279732,5981.66,X,17459.17,17698.72,MAINTENANCE,Operator_171
COMM04609,SATCOM_04609,-32.944391,-154.215764,15499.93,S,28695.12,22561.84,ACTIVE,Operator_141
COMM04610,SATCOM_04610,-39.599115,-47.654157,1727.36,S,6502.85,26997.08,INACTIVE,Operator_61
COMM04611,SATCOM_04611,15.17652,-27.193678,24609.21,X,9791.5,22701.95,ACTIVE,Operator_161
COMM04612,SATCOM_04612,74.492492,-165.834375,28883.74,X,9848.08,12410.87,ACTIVE,Operator_240
COMM04613,SATCOM_04613,-18.981982,-149.080065,19653.43,Ku,20330.1,26699.27,ACTIVE,Operator_34
COMM04614,SATCOM_04614,-30.888791,-42.371528,14845.22,X,3950.58,7187.76,ACTIVE,Operator_26
COMM04615,SATCOM_04615,10.333084,-99.477421,27131.5,C,21679.15,20669.31,INACTIVE,Operator_28
COMM04616,SATCOM_04616,-15.27143,-128.090815,14646.71,Ku,17747.17,15101.59,MAINTENANCE,Operator_158
COMM04617,SATCOM_04617,67.129015,56.151752,10219.99,Ku,9068.08,13466.13,ACTIVE,Operator_184
COMM04618,SATCOM_04618,74.288488,116.709351,25057.48,S,29570.77,23316.46,ACTIVE,Operator_166
COMM04619,SATCOM_04619,-49.963828,-36.515447,19560.5,X,27516.37,25921.0,MAINTENANCE,Operator_114
COMM04620,SATCOM_04620,-76.282148,66.351063,4987.14,X,10352.1,19887.35,MAINTENANCE,Operator_201
COMM04621,SATCOM_04621,41.190104,69.271003,2666.68,S,4238.33,27562.48,INACTIVE,Operator_110
COMM04622,SATCOM_04622,60.244293,82.202792,5633.08,Ka,5508.85,21600.79,ACTIVE,Operator_222
COMM04623,SATCOM_04623,-83.181134,127.112867,22118.2,C,7239.28,15471.77,MAINTENANCE,Operator_19
COMM04624,SATCOM_04624,-45.015574,69.99832,7565.96,Ka,10340.55,11122.84,MAINTENANCE,Operator_33
COMM04625,SATCOM_04625,70.641279,40.173286,17271.17,S,5008.92,20411.14,MAINTENANCE,Operator_119
COMM04626,SATCOM_04626,6.076092,-16.262398,17793.31,X,3353.02,26583.96,MAINTENANCE,Operator_154
COMM04627,SATCOM_04627,-66.558337,77.730201,3605.92,Ka,14513.9,18544.78,ACTIVE,Operator_104
COMM04628,SATCOM_04628,76.652886,94.825118,13874.94,Ka,19392.76,28705.22,INACTIVE,Operator_26
COMM04629,SATCOM_04629,85.925173,-2.324012,27807.22,Ku,5894.47,18075.16,MAINTENANCE,Operator_73
COMM04630,SATCOM_04630,-24.814453,51.958133,10736.68,C,9528.21,15913.42,MAINTENANCE,Operator_76
COMM04631,SATCOM_04631,55.106706,-59.241929,20372.75,X,1435.0,1233.85,INACTIVE,Operator_127
COMM04632,SATCOM_04632,-15.084014,-106.014717,17239.2,X,21459.81,20547.33,MAINTENANCE,Operator_116
COMM04633,SATCOM_04633,-34.528501,147.793205,8695.56,X,5983.07,24374.58,ACTIVE,Operator_241
COMM04634,SATCOM_04634,13.807875,-106.677017,18782.69,X,24612.75,15044.83,MAINTENANCE,Operator_1
COMM04635,SATCOM_04635,61.129057,-68.008369,2616.79,Ka,6406.39,17484.8,ACTIVE,Operator_124
COMM04636,SATCOM_04636,33.766916,-68.899101,12218.03,Ka,14526.46,5135.61,INACTIVE,Operator_72
COMM04637,SATCOM_04637,58.810966,24.193397,26221.49,Ka,18724.81,20501.11,ACTIVE,Operator_113
COMM04638,SATCOM_04638,-12.774419,-5.088433,14282.91,L,9664.58,12216.54,MAINTENANCE,Operator_59
COMM04639,SATCOM_04639,-24.595896,-115.49525,35624.68,Ku,8181.18,9828.88,INACTIVE,Operator_107
COMM04640,SATCOM_04640,9.555683,-10.852242,22098.41,Ku,21978.87,20375.2,MAINTENANCE,Operator_101
COMM04641,SATCOM_04641,4.093832,-97.896337,10502.96,C,3810.91,8015.7,MAINTENANCE,Operator_241
COMM04642,SATCOM_04642,39.053747,-154.373997,3796.1,X,14620.72,14640.25,ACTIVE,Operator_233
COMM04643,SATCOM_04643,82.358784,-157.445815,4280.27,S,7489.16,13366.81,INACTIVE,Operator_26
COMM04644,SATCOM_04644,55.24304,-170.430929,15270.86,Ka,25488.51,21694.35,INACTIVE,Operator_145
COMM04645,SATCOM_04645,-74.581,174.065186,32237.13,X,18316.53,12303.73,ACTIVE,Operator_5
COMM04646,SATCOM_04646,-75.672347,-136.077281,1424.54,Ka,2451.58,26363.89,ACTIVE,Operator_184
COMM04647,SATCOM_04647,85.069036,143.664951,21066.47,S,24949.22,20075.89,MAINTENANCE,Operator_129
COMM04648,SATCOM_04648,-41.981033,-44.141781,25401.94,L,13006.58,20186.6,MAINTENANCE,Operator_208
COMM04649,SATCOM_04649,-1.042205,171.212714,30735.57,S,23252.19,20048.54,ACTIVE,Operator_101
COMM04650,SATCOM_04650,-58.433332,-56.951834,19925.55,S,25964.04,6550.85,MAINTENANCE,Operator_151
COMM04651,SATCOM_04651,54.770172,-133.310244,23536.96,Ku,29248.96,22997.74,MAINTENANCE,Operator_207
COMM04652,SATCOM_04652,27.897234,51.080725,8230.0,Ku,21730.51,7667.95,MAINTENANCE,Operator_169
COMM04653,SATCOM_04653,-17.394792,-175.535282,9767.23,Ka,1947.1,22934.77,INACTIVE,Operator_103
COMM04654,SATCOM_04654,22.325089,-45.797518,31325.51,X,10987.44,7437.36,ACTIVE,Operator_178
COMM04655,SATCOM_04655,-33.898857,120.535038,26866.6,C,14290.12,3522.96,ACTIVE,Operator_20
COMM04656,SATCOM_04656,-25.447613,-50.438261,29051.0,L,29504.13,25835.4,INACTIVE,Operator_167
COMM04657,SATCOM_04657,-88.111131,-156.079513,32458.18,C,27407.7,23420.5,ACTIVE,Operator_146
COMM04658,SATCOM_04658,27.914321,-54.215127,6067.33,L,18777.93,24661.35,INACTIVE,Operator_129
COMM04659,SATCOM_04659,-3.872304,179.23057,1892.64,L,16574.12,21857.38,MAINTENANCE,Operator_110
COMM04660,SATCOM_04660,-21.324066,76.403841,2139.97,S,28661.86,27333.3,ACTIVE,Operator_17
COMM04661,SATCOM_04661,37.350285,-162.305598,3643.73,S,9176.11,23794.88,INACTIVE,Operator_163
COMM04662,SATCOM_04662,-27.97285,-99.503231,24442.16,C,20991.09,26686.88,MAINTENANCE,Operator_163
COMM04663,SATCOM_04663,56.56828,37.470813,7132.14,L,10293.23,10292.39,ACTIVE,Operator_233
COMM04664,SATCOM_04664,-46.631067,162.451078,25800.75,S,4095.46,16252.72,ACTIVE,Operator_193
COMM04665,SATCOM_04665,-34.378337,-175.672654,32602.49,C,6455.65,15170.92,INACTIVE,Operator_122
COMM04666,SATCOM_04666,27.967189,-26.165435,7966.57,C,10049.06,28926.33,ACTIVE,Operator_79
COMM04667,SATCOM_04667,19.601944,106.963783,16346.24,Ku,11792.16,9340.02,ACTIVE,Operator_156
COMM04668,SATCOM_04668,18.752943,-109.193682,25637.13,Ku,18051.62,15312.94,ACTIVE,Operator_83
COMM04669,SATCOM_04669,38.596145,123.255009,34696.02,S,24025.99,17547.27,MAINTENANCE,Operator_119
COMM04670,SATCOM_04670,57.761279,-99.201116,9185.36,X,13869.82,29654.36,MAINTENANCE,Operator_71
COMM04671,SATCOM_04671,29.291412,82.535583,15429.83,C,19711.52,29611.5,MAINTENANCE,Operator_39
COMM04672,SATCOM_04672,-56.283049,-58.047463,13441.26,C,12476.15,18775.3,MAINTENANCE,Operator_62
COMM04673,SATCOM_04673,20.839462,-96.085717,20068.77,Ku,16947.56,27216.89,INACTIVE,Operator_23
COMM04674,SATCOM_04674,-20.265057,23.273605,7716.36,X,27376.86,22437.4,INACTIVE,Operator_77
COMM04675,SATCOM_04675,17.851501,107.955939,19196.53,X,13316.7,23120.2,MAINTENANCE,Operator_23
COMM04676,SATCOM_04676,58.447606,-128.459391,21693.15,S,16512.67,22462.39,MAINTENANCE,Operator_57
COMM04677,SATCOM_04677,-6.097441,94.658507,19968.15,Ku,16923.75,14220.21,INACTIVE,Operator_130
COMM04678,SATCOM_04678,51.139026,65.734708,23692.3,Ka,13070.84,21755.92,ACTIVE,Operator_92
COMM04679,SATCOM_04679,28.467455,31.135616,29507.52,C,22416.88,5951.85,INACTIVE,Operator_13
COMM04680,SATCOM_04680,-79.901072,46.564513,23200.49,C,11511.41,2084.22,MAINTENANCE,Operator_27
COMM04681,SATCOM_04681,-62.502405,-173.982637,29533.08,Ka,17106.8,23144.22,ACTIVE,Operator_106
COMM04682,SATCOM_04682,-41.882182,142.524452,35046.63,S,9559.56,21314.3,ACTIVE,Operator_249
COMM04683,SATCOM_04683,34.446659,-47.643012,29605.45,C,6469.48,21335.06,INACTIVE,Operator_181
COMM04684,SATCOM_04684,24.360687,-27.070044,500.86,L,2418.16,8682.46,INACTIVE,Operator_46
COMM04685,SATCOM_04685,52.326169,10.315788,7028.08,Ku,1458.65,12372.0,ACTIVE,Operator_238
COMM04686,SATCOM_04686,-63.487518,-49.409131,8671.35,X,29107.29,1497.56,MAINTENANCE,Operator_2
COMM04687,SATCOM_04687,6.927273,11.507562,1009.17,X,16535.82,2612.05,INACTIVE,Operator_27
COMM04688,SATCOM_04688,38.64601,-39.381934,26547.38,Ka,6642.03,16435.56,ACTIVE,Operator_13
COMM04689,SATCOM_04689,1.085931,129.275272,33850.75,S,24345.24,9574.28,ACTIVE,Operator_181
COMM04690,SATCOM_04690,-32.856493,30.798026,4413.47,X,26166.23,26281.0,INACTIVE,Operator_188
COMM04691,SATCOM_04691,-41.257491,105.682544,35884.82,X,22010.82,13055.6,MAINTENANCE,Operator_186
COMM04692,SATCOM_04692,-54.983027,109.21249,8616.2,X,4010.03,3725.13,INACTIVE,Operator_6
COMM04693,SATCOM_04693,59.440917,-74.599893,2862.65,L,20169.33,8382.04,INACTIVE,Operator_149
COMM04694,SATCOM_04694,73.663567,-11.819768,27018.42,X,19268.24,11791.73,INACTIVE,Operator_90
COMM04695,SATCOM_04695,-33.930818,97.181814,32316.57,Ku,19516.54,9963.61,MAINTENANCE,Operator_11
COMM04696,SATCOM_04696,-64.935273,-89.155098,10915.18,C,23289.24,25220.36,INACTIVE,Operator_96
COMM04697,SATCOM_04697,14.855,135.308735,35540.78,X,26186.55,3173.51,INACTIVE,Operator_165
COMM04698,SATCOM_04698,-4.005337,-130.134806,17395.28,Ku,12838.75,1012.74,ACTIVE,Operator_121
COMM04699,SATCOM_04699,-50.082916,161.164005,14095.42,S,24820.02,22706.85,INACTIVE,Operator_173
COMM04700,SATCOM_04700,-85.898436,55.9369,1516.84,X,5183.95,20242.91,ACTIVE,Operator_75
COMM04701,SATCOM_04701,-80.751396,-78.527817,3713.11,X,12297.18,7063.74,MAINTENANCE,Operator_122
COMM04702,SATCOM_04702,-60.174903,-105.767747,25496.95,Ku,12872.71,24929.91,ACTIVE,Operator_159
COMM04703,SATCOM_04703,34.690391,83.088367,31871.52,L,26287.9,6305.56,ACTIVE,Operator_174
COMM04704,SATCOM_04704,76.107765,-76.346307,31842.54,S,25872.24,19735.27,MAINTENANCE,Operator_176
COMM04705,SATCOM_04705,-32.390602,134.634442,18096.28,Ka,9653.34,12979.78,MAINTENANCE,Operator_120
COMM04706,SATCOM_04706,48.093686,173.932603,35095.96,C,18399.28,10528.3,MAINTENANCE,Operator_94
COMM04707,SATCOM_04707,32.352269,-116.549416,3400.75,L,11420.79,15231.83,MAINTENANCE,Operator_56
COMM04708,SATCOM_04708,54.020311,99.549508,29993.52,L,21882.11,4281.79,MAINTENANCE,Operator_98
COMM04709,SATCOM_04709,-89.223109,42.041533,8276.06,S,26970.16,18352.08,MAINTENANCE,Operator_83
COMM04710,SATCOM_04710,-33.100941,-146.155465,31739.44,X,14379.99,23952.73,ACTIVE,Operator_236
COMM04711,SATCOM_04711,-33.764815,-0.42536,35197.64,C,27243.87,22232.16,MAINTENANCE,Operator_249
COMM04712,SATCOM_04712,3.231908,66.177347,14901.06,S,3370.81,4116.41,MAINTENANCE,Operator_183
COMM04713,SATCOM_04713,-10.023677,-177.420758,1890.44,X,25082.3,12431.27,ACTIVE,Operator_20
COMM04714,SATCOM_04714,-56.046305,-130.810486,34114.53,Ku,10484.78,11875.1,INACTIVE,Operator_227
COMM04715,SATCOM_04715,-72.571011,-33.880486,1673.25,X,25834.74,2332.71,INACTIVE,Operator_140
COMM04716,SATCOM_04716,48.339267,42.109859,18379.97,Ka,14011.63,20692.95,ACTIVE,Operator_42
COMM04717,SATCOM_04717,-14.732522,-23.651532,27266.8,Ku,14439.49,18519.86,MAINTENANCE,Operator_45
COMM04718,SATCOM_04718,55.649071,-149.324927,834.11,S,9152.7,24882.81,INACTIVE,Operator_98
COMM04719,SATCOM_04719,-65.297548,-144.515343,10279.5,Ka,22786.08,26054.28,ACTIVE,Operator_155
COMM04720,SATCOM_04720,7.079287,-139.029643,20981.94,Ku,16590.12,3582.22,MAINTENANCE,Operator_70
COMM04721,SATCOM_04721,-69.98568,-161.406216,18513.19,S,13537.64,13059.99,MAINTENANCE,Operator_82
COMM04722,SATCOM_04722,-0.024805,12.180056,31764.04,C,4736.43,18597.14,ACTIVE,Operator_60
COMM04723,SATCOM_04723,25.710775,-110.156532,14037.53,X,10610.92,25075.66,ACTIVE,Operator_35
COMM04724,SATCOM_04724,-17.411127,-48.006842,35792.78,X,28817.9,22760.33,INACTIVE,Operator_170
COMM04725,SATCOM_04725,85.494915,-81.917246,6643.41,L,23261.67,22775.84,ACTIVE,Operator_125
COMM04726,SATCOM_04726,-8.472232,30.338569,2007.29,C,6992.81,19407.18,INACTIVE,Operator_102
COMM04727,SATCOM_04727,-42.252161,94.37943,4305.33,X,8124.25,17401.91,ACTIVE,Operator_13
COMM04728,SATCOM_04728,-39.893717,132.15946,8121.27,Ku,2065.6,7324.14,ACTIVE,Operator_242
COMM04729,SATCOM_04729,-8.424082,-58.025469,14881.46,X,6356.03,12597.9,INACTIVE,Operator_67
COMM04730,SATCOM_04730,-24.238881,-1.684654,20699.16,S,4815.2,1488.05,ACTIVE,Operator_235
COMM04731,SATCOM_04731,48.117526,-19.355003,7712.81,C,24935.69,3825.56,MAINTENANCE,Operator_250
COMM04732,SATCOM_04732,-43.721218,-32.52601,16797.53,L,17229.53,13043.11,INACTIVE,Operator_50
COMM04733,SATCOM_04733,54.293713,113.679334,24990.55,Ku,17030.45,4687.53,MAINTENANCE,Operator_176
COMM04734,SATCOM_04734,5.992728,23.058502,17020.14,Ka,14657.27,14680.47,ACTIVE,Operator_244
COMM04735,SATCOM_04735,41.109569,-149.767057,15852.88,Ka,18895.99,27442.97,INACTIVE,Operator_167
COMM04736,SATCOM_04736,65.066554,-73.980532,29859.81,X,22739.62,16110.74,INACTIVE,Operator_212
COMM04737,SATCOM_04737,65.73221,-60.605529,27135.24,L,6961.94,23926.18,MAINTENANCE,Operator_209
COMM04738,SATCOM_04738,-46.218012,-114.953513,22937.72,X,7995.31,23436.16,INACTIVE,Operator_30
COMM04739,SATCOM_04739,83.925281,-52.909314,1166.55,S,19290.68,19710.27,ACTIVE,Operator_171
COMM04740,SATCOM_04740,-59.830819,12.722399,5768.82,L,25399.6,4546.42,INACTIVE,Operator_125
COMM04741,SATCOM_04741,46.472005,-46.594526,26757.86,X,15448.04,1032.27,INACTIVE,Operator_73
COMM04742,SATCOM_04742,18.788704,117.050393,457.67,L,18844.14,5483.94,MAINTENANCE,Operator_238
COMM04743,SATCOM_04743,80.525438,63.930158,3028.22,S,14133.02,9316.73,ACTIVE,Operator_135
COMM04744,SATCOM_04744,89.732449,11.211757,15048.14,L,15343.45,23657.6,INACTIVE,Operator_18
COMM04745,SATCOM_04745,-26.097789,76.435468,16812.25,X,18499.27,19742.73,INACTIVE,Operator_21
COMM04746,SATCOM_04746,9.581182,-173.457802,10919.92,X,27929.71,4010.75,ACTIVE,Operator_36
COMM04747,SATCOM_04747,52.378471,-86.012909,22043.51,Ku,7510.62,28866.28,MAINTENANCE,Operator_156
COMM04748,SATCOM_04748,-53.100283,-66.515111,23115.76,S,3354.76,27383.02,INACTIVE,Operator_33
COMM04749,SATCOM_04749,-52.034338,145.157876,15511.52,Ka,17821.41,8172.02,INACTIVE,Operator_179
COMM04750,SATCOM_04750,-20.465789,-160.611092,34733.4,Ku,22750.31,10701.85,ACTIVE,Operator_57
COMM04751,SATCOM_04751,-61.270213,100.293037,18222.75,Ka,25939.34,12465.81,INACTIVE,Operator_36
COMM04752,SATCOM_04752,9.950261,-76.58491,22294.19,L,6544.61,22036.63,MAINTENANCE,Operator_37
COMM04753,SATCOM_04753,87.827019,97.943192,24489.05,S,6003.24,16800.78,MAINTENANCE,Operator_103
COMM04754,SATCOM_04754,-57.551885,-80.065715,7636.66,Ku,17601.07,7108.73,INACTIVE,Operator_210
COMM04755,SATCOM_04755,6.663369,-149.62673,17893.83,Ku,18504.81,21375.2,INACTIVE,Operator_75
COMM04756,SATCOM_04756,-7.947855,-16.382276,27433.73,X,16470.58,7757.51,ACTIVE,Operator_181
COMM04757,SATCOM_04757,73.656495,59.010077,29562.84,X,16005.24,1641.23,INACTIVE,Operator_238
COMM04758,SATCOM_04758,47.249712,41.217881,14220.96,L,17412.82,4116.43,ACTIVE,Operator_187
COMM04759,SATCOM_04759,4.314989,39.777931,3963.06,S,6320.12,8835.89,INACTIVE,Operator_173
COMM04760,SATCOM_04760,-15.152139,7.164019,6385.34,S,20334.09,1451.84,MAINTENANCE,Operator_27
COMM04761,SATCOM_04761,83.562945,-171.308425,24444.72,C,13746.33,3737.17,ACTIVE,Operator_67
COMM04762,SATCOM_04762,13.921158,48.612518,8964.34,X,22230.89,13989.53,ACTIVE,Operator_94
COMM04763,SATCOM_04763,-37.008478,108.412317,34461.71,Ka,2273.39,23068.06,INACTIVE,Operator_206
COMM04764,SATCOM_04764,6.440834,120.863415,12777.7,X,3977.34,10199.71,MAINTENANCE,Operator_175
COMM04765,SATCOM_04765,6.248513,-100.680897,21755.62,C,5583.67,18710.91,ACTIVE,Operator_152
COMM04766,SATCOM_04766,-56.230499,-148.723075,2694.21,Ku,7791.34,27309.4,ACTIVE,Operator_223
COMM04767,SATCOM_04767,-68.12049,-58.817126,6254.48,Ka,4446.18,10272.23,ACTIVE,Operator_26
COMM04768,SATCOM_04768,12.375161,-114.271096,35272.12,Ku,3379.66,6781.97,ACTIVE,Operator_95
COMM04769,SATCOM_04769,41.04904,149.470106,8533.16,S,11987.08,25722.34,INACTIVE,Operator_234
COMM04770,SATCOM_04770,39.515757,-21.80622,26106.23,S,29819.14,19914.54,INACTIVE,Operator_214
COMM04771,SATCOM_04771,5.647202,175.284271,32005.57,C,16032.72,29197.84,ACTIVE,Operator_158
COMM04772,SATCOM_04772,0.959093,35.939653,33207.74,S,25262.24,21300.38,ACTIVE,Operator_205
COMM04773,SATCOM_04773,-1.189241,-7.819424,29393.91,Ka,7558.78,22839.91,MAINTENANCE,Operator_199
COMM04774,SATCOM_04774,51.436169,125.607191,22846.12,X,15123.07,11310.45,INACTIVE,Operator_112
COMM04775,SATCOM_04775,30.305666,-108.804277,16930.0,Ka,21011.18,23303.52,MAINTENANCE,Operator_181
COMM04776,SATCOM_04776,-17.851881,-64.667595,30796.31,S,15629.22,25040.23,INACTIVE,Operator_140
COMM04777,SATCOM_04777,-46.752407,174.709091,4487.99,S,15439.85,20025.5,INACTIVE,Operator_107
COMM04778,SATCOM_04778,36.678364,38.747935,23062.36,Ka,5449.66,11115.51,ACTIVE,Operator_201
COMM04779,SATCOM_04779,82.126979,-11.92269,9209.03,C,16736.13,18517.74,INACTIVE,Operator_234
COMM04780,SATCOM_04780,73.834654,-95.878494,9800.82,S,21307.26,10785.28,MAINTENANCE,Operator_97
COMM04781,SATCOM_04781,31.185893,-147.965823,15401.79,X,9622.21,1595.72,ACTIVE,Operator_139
COMM04782,SATCOM_04782,-31.231078,-111.932288,21579.98,Ka,27020.27,4941.45,ACTIVE,Operator_74
COMM04783,SATCOM_04783,-55.756697,-49.649299,21648.7,S,15185.18,9725.15,ACTIVE,Operator_211
COMM04784,SATCOM_04784,3.23781,-13.113592,11194.45,S,12652.05,21758.75,MAINTENANCE,Operator_156
COMM04785,SATCOM_04785,84.476533,94.59433,4031.62,L,28445.39,2558.57,ACTIVE,Operator_189
COMM04786,SATCOM_04786,-78.073853,-78.627023,19104.88,Ku,23168.65,5712.24,INACTIVE,Operator_171
COMM04787,SATCOM_04787,-18.133631,135.847552,12468.43,X,8755.41,15671.35,INACTIVE,Operator_137
COMM04788,SATCOM_04788,76.637439,139.577553,8176.45,S,10212.41,3499.38,MAINTENANCE,Operator_32
COMM04789,SATCOM_04789,77.647357,-6.132979,14304.47,Ku,14495.16,14371.88,MAINTENANCE,Operator_121
COMM04790,SATCOM_04790,86.044533,-77.997276,35946.93,Ku,4867.62,23016.21,MAINTENANCE,Operator_93
COMM04791,SATCOM_04791,21.974443,-68.808784,11739.81,C,16147.13,10224.04,MAINTENANCE,Operator_113
COMM04792,SATCOM_04792,69.606949,-24.70337,21046.02,Ka,3565.54,2539.87,INACTIVE,Operator_135
COMM04793,SATCOM_04793,11.2054,8.969611,11929.99,C,12275.03,13966.39,MAINTENANCE,Operator_114
COMM04794,SATCOM_04794,58.44267,40.283866,2438.99,Ka,24589.97,23955.16,MAINTENANCE,Operator_145
COMM04795,SATCOM_04795,45.407362,50.120897,28818.55,L,5792.53,24074.85,INACTIVE,Operator_166
COMM04796,SATCOM_04796,-72.396792,166.694233,22256.12,S,7773.2,19208.16,INACTIVE,Operator_22
COMM04797,SATCOM_04797,71.02413,172.151091,14920.8,C,7943.01,7040.17,MAINTENANCE,Operator_155
COMM04798,SATCOM_04798,-73.517177,160.824242,972.88,S,10701.03,13175.52,MAINTENANCE,Operator_222
COMM04799,SATCOM_04799,-50.012557,105.969371,26836.29,Ka,16464.82,28032.03,ACTIVE,Operator_63
COMM04800,SATCOM_04800,66.878233,-159.973615,18547.88,X,1511.43,28166.09,ACTIVE,Operator_222
COMM04801,SATCOM_04801,43.215987,67.374637,17376.74,Ku,10370.99,21661.46,INACTIVE,Operator_14
COMM04802,SATCOM_04802,-12.362206,-168.183347,14845.31,X,5246.52,19435.64,MAINTENANCE,Operator_108
COMM04803,SATCOM_04803,-56.381343,-107.494379,1937.29,C,27704.11,15205.71,MAINTENANCE,Operator_159
COMM04804,SATCOM_04804,-39.494606,-101.944742,17518.14,S,12800.81,6429.92,MAINTENANCE,Operator_137
COMM04805,SATCOM_04805,47.037939,-135.958237,13370.18,Ka,29106.74,3603.19,INACTIVE,Operator_90
COMM04806,SATCOM_04806,-74.589998,10.36457,2521.36,L,25053.96,29040.16,ACTIVE,Operator_240
COMM04807,SATCOM_04807,68.397264,2.923435,2138.3,Ku,29743.41,15423.55,MAINTENANCE,Operator_190
COMM04808,SATCOM_04808,9.551764,80.134433,13967.83,S,12538.76,13521.33,INACTIVE,Operator_70
COMM04809,SATCOM_04809,29.754652,26.660319,2407.49,L,4649.21,28670.03,MAINTENANCE,Operator_216
COMM04810,SATCOM_04810,-33.63394,9.722493,5443.39,Ka,5855.72,4902.12,INACTIVE,Operator_57
COMM04811,SATCOM_04811,-2.700211,81.53522,5598.0,L,14676.27,5727.87,ACTIVE,Operator_185
COMM04812,SATCOM_04812,20.599301,166.520413,9911.6,Ka,5236.12,3098.5,ACTIVE,Operator_136
COMM04813,SATCOM_04813,-11.790719,-137.502943,11940.01,Ka,27287.88,13087.1,MAINTENANCE,Operator_155
COMM04814,SATCOM_04814,-32.546574,-79.156906,8126.81,S,25824.51,6363.55,ACTIVE,Operator_128
COMM04815,SATCOM_04815,4.170578,106.142235,5037.08,C,5734.76,20820.71,ACTIVE,Operator_84
COMM04816,SATCOM_04816,66.625486,-102.590058,33829.98,L,1552.12,23495.15,MAINTENANCE,Operator_91
COMM04817,SATCOM_04817,45.251034,-85.991405,7538.65,Ku,1117.71,4278.34,MAINTENANCE,Operator_64
COMM04818,SATCOM_04818,51.30342,-72.967184,11098.97,Ka,15804.49,11623.46,MAINTENANCE,Operator_216
COMM04819,SATCOM_04819,19.525737,-15.311758,7515.81,S,15938.13,29471.17,INACTIVE,Operator_187
COMM04820,SATCOM_04820,15.548048,-54.105802,5856.02,C,29319.07,19410.7,ACTIVE,Operator_185
COMM04821,SATCOM_04821,-39.186017,-1.368828,3469.4,Ku,16245.78,3722.61,ACTIVE,Operator_216
COMM04822,SATCOM_04822,74.929205,148.937165,2497.04,Ku,14397.66,7468.5,MAINTENANCE,Operator_156
COMM04823,SATCOM_04823,32.277949,125.644594,14631.78,Ka,18486.98,22752.1,INACTIVE,Operator_230
COMM04824,SATCOM_04824,3.938991,-70.455253,11232.04,S,21925.86,25590.83,ACTIVE,Operator_15
COMM04825,SATCOM_04825,64.028162,-17.824654,16413.56,Ka,7914.74,18615.0,INACTIVE,Operator_217
COMM04826,SATCOM_04826,-21.207952,-13.663189,19914.8,L,3743.01,24386.45,MAINTENANCE,Operator_197
COMM04827,SATCOM_04827,-25.297778,57.571338,17089.1,Ka,4302.91,14870.32,MAINTENANCE,Operator_73
COMM04828,SATCOM_04828,-61.411657,-130.919432,10344.77,Ku,22756.35,17195.11,MAINTENANCE,Operator_16
COMM04829,SATCOM_04829,63.695307,92.402335,26389.79,Ka,22723.48,23991.0,ACTIVE,Operator_64
COMM04830,SATCOM_04830,8.860975,-108.622883,29148.74,Ka,10055.8,29039.65,INACTIVE,Operator_96
COMM04831,SATCOM_04831,38.846397,-22.038092,14093.38,Ka,23500.92,27138.53,INACTIVE,Operator_84
COMM04832,SATCOM_04832,50.038706,-30.121999,24440.27,Ka,27068.31,11657.21,INACTIVE,Operator_199
COMM04833,SATCOM_04833,-48.958565,46.928022,8785.2,L,16523.21,23226.22,MAINTENANCE,Operator_144
COMM04834,SATCOM_04834,57.58813,67.746309,24193.85,Ka,11498.21,29928.2,INACTIVE,Operator_64
COMM04835,SATCOM_04835,-33.206241,125.830307,7096.12,S,2674.09,14740.72,ACTIVE,Operator_215
COMM04836,SATCOM_04836,51.143531,12.225096,26360.78,Ka,11278.74,9524.23,INACTIVE,Operator_185
COMM04837,SATCOM_04837,-38.104402,164.009051,31204.65,Ka,24894.7,8514.05,INACTIVE,Operator_43
COMM04838,SATCOM_04838,20.633406,-87.142879,14702.77,X,29626.08,20114.43,INACTIVE,Operator_1
COMM04839,SATCOM_04839,-19.78266,-125.747048,24474.07,X,9900.07,24497.63,MAINTENANCE,Operator_22
COMM04840,SATCOM_04840,26.630855,107.105796,748.17,Ka,15427.76,12379.84,ACTIVE,Operator_99
COMM04841,SATCOM_04841,-77.016718,93.778576,23891.54,C,17690.38,24944.9,MAINTENANCE,Operator_137
COMM04842,SATCOM_04842,-61.476489,-110.241957,14288.52,Ku,24455.52,21871.71,MAINTENANCE,Operator_123
COMM04843,SATCOM_04843,-82.806987,117.295751,795.6,C,21755.55,23556.74,MAINTENANCE,Operator_220
COMM04844,SATCOM_04844,-7.137199,137.305146,24298.38,S,17399.97,21974.08,ACTIVE,Operator_154
COMM04845,SATCOM_04845,44.297003,120.376612,2605.06,Ka,18125.68,24159.02,ACTIVE,Operator_10
COMM04846,SATCOM_04846,-76.558514,-88.056112,25323.83,Ka,7430.62,28208.6,MAINTENANCE,Operator_2
COMM04847,SATCOM_04847,52.943203,96.048007,19501.65,Ku,6650.97,3493.79,INACTIVE,Operator_69
COMM04848,SATCOM_04848,-26.361059,-10.500707,6949.0,Ku,24875.24,7803.01,ACTIVE,Operator_120
COMM04849,SATCOM_04849,-71.075074,-80.721075,24919.52,Ku,11120.4,20971.23,MAINTENANCE,Operator_36
COMM04850,SATCOM_04850,-70.29171,51.883526,16937.34,Ka,24326.07,13948.19,INACTIVE,Operator_222
COMM04851,SATCOM_04851,69.503728,74.986856,27149.38,L,12437.56,28459.48,INACTIVE,Operator_58
COMM04852,SATCOM_04852,33.115869,-32.216939,8275.16,S,28287.69,2582.69,MAINTENANCE,Operator_134
COMM04853,SATCOM_04853,19.286617,34.895715,27298.97,Ka,10415.02,5843.44,ACTIVE,Operator_3
COMM04854,SATCOM_04854,22.412884,-10.683571,13750.33,Ku,2111.83,25538.85,ACTIVE,Operator_109
COMM04855,SATCOM_04855,-15.230567,-20.708806,10130.77,L,2667.46,20867.01,INACTIVE,Operator_10
COMM04856,SATCOM_04856,-86.509775,42.159033,25126.44,C,27689.02,24061.58,MAINTENANCE,Operator_41
COMM04857,SATCOM_04857,1.398244,-54.612976,34150.21,X,28631.22,9152.89,MAINTENANCE,Operator_207
COMM04858,SATCOM_04858,-57.02166,12.751087,17748.0,S,18256.9,1110.91,INACTIVE,Operator_219
COMM04859,SATCOM_04859,-53.349927,100.96936,20370.57,C,15058.9,1346.21,MAINTENANCE,Operator_236
COMM04860,SATCOM_04860,0.410175,-153.022378,10060.68,X,27958.59,28038.45,MAINTENANCE,Operator_236
COMM04861,SATCOM_04861,12.983934,174.672301,34816.2,S,14542.05,26531.11,MAINTENANCE,Operator_20
COMM04862,SATCOM_04862,-56.923686,-85.643265,23870.81,L,18155.43,28433.77,ACTIVE,Operator_192
COMM04863,SATCOM_04863,-19.296376,153.889106,34643.46,Ka,10929.85,16131.67,MAINTENANCE,Operator_133
COMM04864,SATCOM_04864,89.395747,132.020562,17270.35,L,15760.54,20945.22,INACTIVE,Operator_192
COMM04865,SATCOM_04865,-10.700244,40.367057,15312.82,X,22283.59,11556.37,INACTIVE,Operator_188
COMM04866,SATCOM_04866,62.395335,-45.7565,7555.05,X,10110.16,4930.03,ACTIVE,Operator_191
COMM04867,SATCOM_04867,-81.660787,38.149102,18818.08,Ka,27688.92,1590.48,MAINTENANCE,Operator_220
COMM04868,SATCOM_04868,-59.028775,-13.154186,28572.53,Ku,2032.08,8353.16,MAINTENANCE,Operator_56
COMM04869,SATCOM_04869,-86.964545,158.769917,16083.16,X,7229.41,28884.19,MAINTENANCE,Operator_173
COMM04870,SATCOM_04870,2.649832,-145.049844,20127.13,C,14199.33,21904.39,INACTIVE,Operator_231
COMM04871,SATCOM_04871,-61.880993,-179.946242,24846.36,Ka,10571.73,16064.46,MAINTENANCE,Operator_238
COMM04872,SATCOM_04872,15.216394,-69.037414,4486.8,C,24060.7,4588.22,MAINTENANCE,Operator_77
COMM04873,SATCOM_04873,53.784739,-31.935145,9923.65,L,2604.85,12877.09,ACTIVE,Operator_233
COMM04874,SATCOM_04874,2.687911,142.538354,11216.7,C,28904.82,18108.66,ACTIVE,Operator_122
COMM04875,SATCOM_04875,-40.994921,96.904131,26914.81,L,6430.74,22799.66,INACTIVE,Operator_249
COMM04876,SATCOM_04876,62.581506,-99.617149,3826.45,X,3036.73,3052.79,INACTIVE,Operator_228
COMM04877,SATCOM_04877,-4.717184,-94.302972,35646.96,C,23506.91,17588.56,ACTIVE,Operator_237
COMM04878,SATCOM_04878,-36.217654,50.914791,22130.99,C,25387.96,19707.51,ACTIVE,Operator_58
COMM04879,SATCOM_04879,69.884926,-56.391904,17229.03,S,21305.2,27038.62,MAINTENANCE,Operator_210
COMM04880,SATCOM_04880,-72.238008,-89.763513,4509.79,Ku,18070.32,26702.13,MAINTENANCE,Operator_97
COMM04881,SATCOM_04881,-46.757251,-145.061334,19170.84,C,14298.46,11262.4,MAINTENANCE,Operator_47
COMM04882,SATCOM_04882,-84.507694,63.506134,16844.07,L,29129.16,29253.89,INACTIVE,Operator_237
COMM04883,SATCOM_04883,22.643772,-126.902504,18056.46,X,16577.38,14628.06,INACTIVE,Operator_249
COMM04884,SATCOM_04884,-33.810491,76.266728,29441.44,Ka,23785.33,23405.44,ACTIVE,Operator_22
COMM04885,SATCOM_04885,49.697618,-178.547351,19915.5,S,15657.04,14591.5,MAINTENANCE,Operator_201
COMM04886,SATCOM_04886,-23.778338,63.980505,12111.49,Ka,3425.79,25379.66,INACTIVE,Operator_204
COMM04887,SATCOM_04887,28.87977,18.589247,12367.61,C,9727.08,23636.2,ACTIVE,Operator_124
COMM04888,SATCOM_04888,14.570269,6.753898,23766.68,C,28992.86,13137.18,MAINTENANCE,Operator_32
COMM04889,SATCOM_04889,20.37345,-121.972961,28450.18,C,22156.67,16615.81,ACTIVE,Operator_43
COMM04890,SATCOM_04890,-49.948619,-50.132777,31817.59,Ka,16223.5,6248.23,MAINTENANCE,Operator_122
COMM04891,SATCOM_04891,-87.411112,-37.970252,4867.07,L,16172.72,25184.64,ACTIVE,Operator_23
COMM04892,SATCOM_04892,60.995861,-172.029852,23304.25,C,13267.98,11843.28,MAINTENANCE,Operator_201
COMM04893,SATCOM_04893,28.685992,-34.697055,20490.09,S,4108.1,7585.92,ACTIVE,Operator_20
COMM04894,SATCOM_04894,-8.427289,74.208732,327.79,L,7449.55,10108.32,ACTIVE,Operator_85
COMM04895,SATCOM_04895,-54.627343,-77.00189,20244.65,X,1431.83,12588.26,ACTIVE,Operator_227
COMM04896,SATCOM_04896,-80.970365,98.214246,32990.1,X,19115.15,22611.29,INACTIVE,Operator_111
COMM04897,SATCOM_04897,62.056592,123.811357,34148.41,X,9517.77,5582.08,ACTIVE,Operator_96
COMM04898,SATCOM_04898,74.296006,71.064398,17199.17,S,19021.42,16331.71,INACTIVE,Operator_67
COMM04899,SATCOM_04899,-6.42047,55.463994,16722.29,Ku,18384.26,28169.19,ACTIVE,Operator_22
COMM04900,SATCOM_04900,68.675775,11.801198,23781.31,L,3395.93,14421.86,MAINTENANCE,Operator_92
COMM04901,SATCOM_04901,47.067839,-160.65426,4847.78,L,5120.13,8710.88,ACTIVE,Operator_32
COMM04902,SATCOM_04902,-34.960217,48.494319,25606.86,C,8617.26,20001.24,ACTIVE,Operator_15
COMM04903,SATCOM_04903,21.449338,-113.220413,29001.92,S,17688.45,25355.74,MAINTENANCE,Operator_75
COMM04904,SATCOM_04904,-11.29735,-127.279277,16391.86,L,28280.85,4245.17,MAINTENANCE,Operator_93
COMM04905,SATCOM_04905,82.328275,145.877965,10213.92,S,17136.22,12605.18,INACTIVE,Operator_72
COMM04906,SATCOM_04906,-74.530007,158.367973,19543.41,S,20401.96,7267.71,INACTIVE,Operator_178
COMM04907,SATCOM_04907,-67.865034,112.820616,25279.24,L,3627.67,16034.47,INACTIVE,Operator_192
COMM04908,SATCOM_04908,42.453943,-166.739927,27240.09,Ku,4673.56,21219.18,ACTIVE,Operator_18
COMM04909,SATCOM_04909,-61.228988,152.610284,31311.5,S,13719.65,25717.84,INACTIVE,Operator_7
COMM04910,SATCOM_04910,-11.743498,-76.073011,11715.38,Ku,5515.5,22413.3,MAINTENANCE,Operator_47
COMM04911,SATCOM_04911,46.406448,10.868128,354.83,Ku,11482.38,10551.0,MAINTENANCE,Operator_160
COMM04912,SATCOM_04912,11.867377,-111.528439,17768.61,Ku,8664.85,13140.31,INACTIVE,Operator_113
COMM04913,SATCOM_04913,-20.424625,-162.816551,29194.18,X,21340.9,6596.77,INACTIVE,Operator_211
COMM04914,SATCOM_04914,-19.122153,-81.479621,30427.35,X,27016.29,27244.42,MAINTENANCE,Operator_129
COMM04915,SATCOM_04915,41.9873,63.40648,25207.88,L,22994.63,28084.98,ACTIVE,Operator_242
COMM04916,SATCOM_04916,-62.433648,57.253428,20145.75,C,1644.23,10087.88,MAINTENANCE,Operator_219
COMM04917,SATCOM_04917,-75.606701,-29.484888,5505.13,S,25911.34,27364.06,ACTIVE,Operator_82
COMM04918,SATCOM_04918,38.932871,-85.304287,1630.68,Ku,11413.46,10995.18,ACTIVE,Operator_21
COMM04919,SATCOM_04919,-38.61512,-54.717614,34978.04,C,14104.52,11468.77,INACTIVE,Operator_24
COMM04920,SATCOM_04920,67.175969,-56.61161,7524.0,Ku,25962.04,1524.7,MAINTENANCE,Operator_111
COMM04921,SATCOM_04921,-54.192732,-3.802908,10184.68,S,28142.11,16436.28,MAINTENANCE,Operator_61
COMM04922,SATCOM_04922,-24.460087,-78.515906,11654.92,X,19975.23,2795.31,MAINTENANCE,Operator_3
COMM04923,SATCOM_04923,-87.45908,35.977393,30549.49,Ku,4228.5,19557.6,ACTIVE,Operator_57
COMM04924,SATCOM_04924,-78.029181,-60.964331,34573.15,Ka,20667.31,17684.49,MAINTENANCE,Operator_24
COMM04925,SATCOM_04925,12.776401,123.830358,14481.62,Ka,18641.74,13816.88,MAINTENANCE,Operator_9
COMM04926,SATCOM_04926,40.588671,117.399065,4833.57,S,1897.13,10488.24,ACTIVE,Operator_44
COMM04927,SATCOM_04927,7.342739,21.304116,18324.91,Ku,13695.63,22140.86,MAINTENANCE,Operator_221
COMM04928,SATCOM_04928,67.335094,-122.641699,25665.87,Ka,21906.93,9320.48,ACTIVE,Operator_28
COMM04929,SATCOM_04929,33.954956,142.428846,6345.46,S,2764.74,18170.81,ACTIVE,Operator_27
COMM04930,SATCOM_04930,5.295977,-140.639693,11124.23,Ku,4420.52,23828.89,ACTIVE,Operator_156
COMM04931,SATCOM_04931,45.407964,126.880792,14780.61,Ku,20122.99,20583.2,MAINTENANCE,Operator_213
COMM04932,SATCOM_04932,-10.275634,-52.343233,8795.29,Ka,19343.35,18894.39,ACTIVE,Operator_187
COMM04933,SATCOM_04933,19.495253,-122.985462,2810.58,Ku,27903.13,19751.01,MAINTENANCE,Operator_245
COMM04934,SATCOM_04934,4.620917,42.086502,24181.37,S,28945.73,25934.23,ACTIVE,Operator_140
COMM04935,SATCOM_04935,51.956946,-116.187141,14101.16,C,1783.74,20430.11,MAINTENANCE,Operator_53
COMM04936,SATCOM_04936,55.405393,-87.287903,30215.2,Ka,27997.45,12731.82,INACTIVE,Operator_85
COMM04937,SATCOM_04937,62.716616,63.427279,15267.66,Ka,17076.97,27111.96,INACTIVE,Operator_65
COMM04938,SATCOM_04938,7.188967,-23.320129,22623.99,Ka,17444.13,3321.51,INACTIVE,Operator_99
COMM04939,SATCOM_04939,-51.945193,-114.755982,21093.08,X,7836.77,21852.63,INACTIVE,Operator_139
COMM04940,SATCOM_04940,-56.672879,53.325067,19277.78,Ka,18783.32,7165.31,ACTIVE,Operator_181
COMM04941,SATCOM_04941,22.537497,150.097418,4404.11,L,7229.87,24600.94,INACTIVE,Operator_38
COMM04942,SATCOM_04942,-9.048665,144.285306,16854.59,X,23711.94,7797.56,INACTIVE,Operator_138
COMM04943,SATCOM_04943,50.965013,-97.388368,15824.34,L,21233.38,5612.03,INACTIVE,Operator_83
COMM04944,SATCOM_04944,-85.964216,3.985134,33137.34,Ku,2019.25,14555.82,MAINTENANCE,Operator_44
COMM04945,SATCOM_04945,7.340147,-147.816254,29572.16,Ka,7430.17,27250.76,MAINTENANCE,Operator_128
COMM04946,SATCOM_04946,-19.789781,34.530086,12422.59,X,11656.71,20827.24,MAINTENANCE,Operator_181
COMM04947,SATCOM_04947,-41.016314,175.266322,4363.14,L,8315.27,4403.53,MAINTENANCE,Operator_210
COMM04948,SATCOM_04948,-24.637089,-119.819094,28612.57,Ka,8703.13,3219.53,INACTIVE,Operator_196
COMM04949,SATCOM_04949,11.467921,140.15756,26175.13,L,6922.43,8738.46,MAINTENANCE,Operator_39
COMM04950,SATCOM_04950,-30.370538,-71.902527,12599.19,Ka,19073.72,21214.95,MAINTENANCE,Operator_239
COMM04951,SATCOM_04951,1.96802,-107.956408,13441.02,S,4370.67,13403.86,INACTIVE,Operator_185
COMM04952,SATCOM_04952,48.092025,61.831308,9104.2,Ku,29085.87,12732.43,ACTIVE,Operator_107
COMM04953,SATCOM_04953,-34.754,-1.942777,27201.75,C,2622.17,12923.1,INACTIVE,Operator_6
COMM04954,SATCOM_04954,-63.938758,-20.538402,33903.62,C,26570.13,8222.82,ACTIVE,Operator_114
COMM04955,SATCOM_04955,17.418217,-126.074185,22122.69,Ku,18037.3,10226.57,INACTIVE,Operator_179
COMM04956,SATCOM_04956,-67.853962,23.730468,27236.38,C,7395.99,10694.36,ACTIVE,Operator_208
COMM04957,SATCOM_04957,-29.95022,11.000118,26854.79,C,3857.07,15517.79,INACTIVE,Operator_42
COMM04958,SATCOM_04958,76.069789,111.71452,14515.64,Ka,10277.79,19345.27,MAINTENANCE,Operator_90
COMM04959,SATCOM_04959,-56.161028,28.469865,4789.69,S,29534.93,24967.78,ACTIVE,Operator_215
COMM04960,SATCOM_04960,40.124842,-128.574158,6829.85,Ka,14601.98,6838.02,ACTIVE,Operator_202
COMM04961,SATCOM_04961,-32.528168,-10.768343,35163.72,C,18957.85,3090.42,INACTIVE,Operator_231
COMM04962,SATCOM_04962,51.405874,-111.167358,14777.43,X,26220.5,24218.33,ACTIVE,Operator_241
COMM04963,SATCOM_04963,-20.143905,-45.537024,2700.76,C,24320.05,26246.86,ACTIVE,Operator_25
COMM04964,SATCOM_04964,-12.051533,17.080939,10266.8,Ka,10512.42,18701.43,MAINTENANCE,Operator_146
COMM04965,SATCOM_04965,71.82514,163.714134,26563.12,S,13419.02,11833.6,ACTIVE,Operator_59
COMM04966,SATCOM_04966,-80.330063,-69.757418,17664.21,S,25260.47,20001.44,MAINTENANCE,Operator_52
COMM04967,SATCOM_04967,-20.545571,52.726028,22377.57,L,21710.13,27979.02,INACTIVE,Operator_187
COMM04968,SATCOM_04968,-56.551262,-49.34071,4031.09,Ka,4564.72,21034.19,ACTIVE,Operator_96
COMM04969,SATCOM_04969,-47.879139,-113.366071,11552.57,C,26983.98,6660.41,MAINTENANCE,Operator_104
COMM04970,SATCOM_04970,21.484847,179.017093,32295.98,C,21678.43,9924.91,MAINTENANCE,Operator_144
COMM04971,SATCOM_04971,-83.355359,82.480145,20842.54,Ku,24577.94,10197.45,INACTIVE,Operator_136
COMM04972,SATCOM_04972,84.394471,92.278399,25014.02,X,4444.8,18022.63,ACTIVE,Operator_236
COMM04973,SATCOM_04973,-82.611385,105.250395,29383.55,S,28080.86,23375.6,ACTIVE,Operator_218
COMM04974,SATCOM_04974,51.214564,2.962721,28330.9,Ku,29248.25,21973.33,ACTIVE,Operator_41
COMM04975,SATCOM_04975,-59.303393,-5.554788,10058.82,Ku,19719.36,21649.93,ACTIVE,Operator_185
COMM04976,SATCOM_04976,-4.425303,-173.477373,27916.18,C,28605.63,12547.29,ACTIVE,Operator_234
COMM04977,SATCOM_04977,6.382277,-29.265526,25205.02,Ka,11710.8,14407.9,INACTIVE,Operator_45
COMM04978,SATCOM_04978,-82.877656,-44.075314,31404.92,Ku,19590.76,9797.74,INACTIVE,Operator_109
COMM04979,SATCOM_04979,-46.781993,128.904088,15756.59,Ku,7363.99,18234.41,ACTIVE,Operator_70
COMM04980,SATCOM_04980,10.101348,46.197332,24473.84,C,25565.44,5892.8,ACTIVE,Operator_60
COMM04981,SATCOM_04981,-22.908363,124.504008,13002.27,C,25700.62,17275.64,MAINTENANCE,Operator_245
COMM04982,SATCOM_04982,47.05342,54.910909,2299.49,X,16284.24,23660.8,MAINTENANCE,Operator_241
COMM04983,SATCOM_04983,-61.25016,-38.89657,13423.24,S,26115.88,18024.17,INACTIVE,Operator_101
COMM04984,SATCOM_04984,61.78065,-142.945285,24632.77,Ka,11503.68,9632.49,ACTIVE,Operator_73
COMM04985,SATCOM_04985,-30.145731,-111.983372,13591.1,L,16098.89,27142.9,MAINTENANCE,Operator_8
COMM04986,SATCOM_04986,-21.08757,82.448263,239.37,X,1185.28,26960.55,MAINTENANCE,Operator_176
COMM04987,SATCOM_04987,60.796497,127.732919,7802.23,Ku,6345.57,3898.83,INACTIVE,Operator_90
COMM04988,SATCOM_04988,54.665575,-63.980724,29779.73,S,1264.69,1675.55,MAINTENANCE,Operator_76
COMM04989,SATCOM_04989,59.069595,2.378164,34998.48,Ku,25130.1,20715.11,MAINTENANCE,Operator_132
COMM04990,SATCOM_04990,-7.371884,92.101539,27736.69,Ku,15087.48,7733.0,ACTIVE,Operator_133
COMM04991,SATCOM_04991,-45.144537,115.101378,17864.95,X,20273.63,2614.04,ACTIVE,Operator_236
COMM04992,SATCOM_04992,-66.209094,-118.616588,32323.25,Ku,12858.51,11553.15,ACTIVE,Operator_237
COMM04993,SATCOM_04993,-76.20729,-15.009216,23641.9,Ku,6309.51,18828.82,ACTIVE,Operator_195
COMM04994,SATCOM_04994,40.920767,-109.030024,2770.14,L,9140.17,3478.93,ACTIVE,Operator_236
COMM04995,SATCOM_04995,-74.114617,65.708584,6065.2,C,2929.74,15283.32,INACTIVE,Operator_90
COMM04996,SATCOM_04996,-27.493882,101.776686,16136.13,L,21194.07,9042.04,MAINTENANCE,Operator_179
COMM04997,SATCOM_04997,-42.384785,-58.118946,12959.48,S,26005.87,22406.09,MAINTENANCE,Operator_98
COMM04998,SATCOM_04998,-81.886652,18.503194,25765.38,Ku,23234.28,21251.02,INACTIVE,Operator_31
COMM04999,SATCOM_04999,-85.792959,39.38079,8068.44,Ku,14754.52,3893.02,ACTIVE,Operator_87
COMM05000,SATCOM_05000,-37.588763,59.351536,24437.34,L,21558.21,2069.84,ACTIVE,Operator_76
COMM05001,SATCOM_05001,22.908624,30.323869,3022.54,Ka,21027.51,21091.92,ACTIVE,Operator_124
COMM05002,SATCOM_05002,-40.050437,-134.360803,31163.99,C,22780.11,20957.19,INACTIVE,Operator_125
COMM05003,SATCOM_05003,-69.262466,153.12112,11661.99,L,24499.99,10484.67,INACTIVE,Operator_36
COMM05004,SATCOM_05004,77.726919,-45.655733,25398.17,Ka,6071.69,3770.12,INACTIVE,Operator_40
COMM05005,SATCOM_05005,65.027838,-59.358316,34205.76,L,14265.88,8063.9,MAINTENANCE,Operator_168
COMM05006,SATCOM_05006,-66.003167,37.197619,18545.7,S,29310.36,12529.93,ACTIVE,Operator_231
COMM05007,SATCOM_05007,-61.630794,-139.737537,24726.22,L,1772.33,18330.94,MAINTENANCE,Operator_246
COMM05008,SATCOM_05008,73.271428,-22.174619,12572.58,Ka,16983.32,3964.54,ACTIVE,Operator_140
COMM05009,SATCOM_05009,62.533002,-100.590996,15816.52,Ku,7372.76,5291.63,MAINTENANCE,Operator_119
COMM05010,SATCOM_05010,-69.322636,-154.394094,27068.14,X,16698.63,17573.6,INACTIVE,Operator_158
COMM05011,SATCOM_05011,20.349577,-45.845067,35577.66,S,8558.11,4448.7,INACTIVE,Operator_205
COMM05012,SATCOM_05012,15.010859,101.225168,7905.14,Ku,7831.54,23073.67,INACTIVE,Operator_12
COMM05013,SATCOM_05013,44.96036,-97.793662,10489.0,Ka,5059.37,2266.05,ACTIVE,Operator_178
COMM05014,SATCOM_05014,-8.75911,43.129434,5818.72,L,19714.79,9502.55,INACTIVE,Operator_212
COMM05015,SATCOM_05015,71.730363,132.033244,21673.83,X,2615.07,8496.3,MAINTENANCE,Operator_16
COMM05016,SATCOM_05016,-75.573243,158.991131,2713.25,Ka,11936.49,16698.76,ACTIVE,Operator_122
COMM05017,SATCOM_05017,14.349905,-109.641876,23801.55,C,27413.59,9883.14,ACTIVE,Operator_172
COMM05018,SATCOM_05018,82.765024,-120.167911,34339.57,S,9920.35,5261.34,INACTIVE,Operator_93
COMM05019,SATCOM_05019,-87.033349,164.055477,7061.81,Ku,8978.24,20407.15,MAINTENANCE,Operator_199
COMM05020,SATCOM_05020,-43.930072,21.068358,17547.87,C,3109.12,27958.81,INACTIVE,Operator_134
COMM05021,SATCOM_05021,-15.114451,120.035698,29673.5,L,21395.23,26058.6,INACTIVE,Operator_147
COMM05022,SATCOM_05022,-45.740733,-112.450336,8261.24,C,4803.58,27586.29,INACTIVE,Operator_204
COMM05023,SATCOM_05023,76.258544,-63.137386,7569.21,L,9378.65,22383.99,INACTIVE,Operator_35
COMM05024,SATCOM_05024,44.445416,-93.067339,23190.15,Ku,28838.78,6618.32,MAINTENANCE,Operator_223
COMM05025,SATCOM_05025,61.233074,106.509318,20469.65,X,2536.55,29688.69,ACTIVE,Operator_220
COMM05026,SATCOM_05026,-2.776162,-147.679347,25938.22,C,28627.05,25130.29,ACTIVE,Operator_168
COMM05027,SATCOM_05027,1.302018,-104.610897,33471.28,S,23157.09,9126.08,INACTIVE,Operator_32
COMM05028,SATCOM_05028,-37.229364,-148.578726,1401.74,S,18657.92,3577.64,INACTIVE,Operator_227
COMM05029,SATCOM_05029,-72.842089,-162.448784,3152.56,X,26941.61,21517.22,INACTIVE,Operator_202
COMM05030,SATCOM_05030,62.125551,70.304002,32565.97,S,21422.83,22543.64,INACTIVE,Operator_237
COMM05031,SATCOM_05031,-49.466766,142.571334,13461.22,C,12555.96,19986.87,MAINTENANCE,Operator_63
COMM05032,SATCOM_05032,-77.925778,-13.017501,23864.49,S,15013.53,18387.02,ACTIVE,Operator_2
COMM05033,SATCOM_05033,-77.538681,99.540047,6728.54,C,29960.72,1793.21,MAINTENANCE,Operator_2
COMM05034,SATCOM_05034,-76.477795,39.503465,29546.83,Ka,13545.31,1474.08,MAINTENANCE,Operator_55
COMM05035,SATCOM_05035,63.685158,134.680124,17628.53,L,18319.67,10101.21,ACTIVE,Operator_119
COMM05036,SATCOM_05036,75.498217,56.084637,29016.91,Ka,10754.74,15792.86,INACTIVE,Operator_201
COMM05037,SATCOM_05037,9.830346,-42.083763,6509.23,Ka,19041.69,29217.98,INACTIVE,Operator_164
COMM05038,SATCOM_05038,36.374481,-114.00158,21919.25,X,13497.05,20007.3,ACTIVE,Operator_156
COMM05039,SATCOM_05039,70.318281,-17.723437,21707.85,L,4677.4,7112.36,MAINTENANCE,Operator_142
COMM05040,SATCOM_05040,49.626643,-132.450893,23969.87,X,14282.4,5620.3,ACTIVE,Operator_221
COMM05041,SATCOM_05041,71.525558,13.156375,17815.21,Ku,12994.94,18757.53,ACTIVE,Operator_5
COMM05042,SATCOM_05042,71.630189,-65.916857,30768.71,S,23270.97,26406.19,INACTIVE,Operator_3
COMM05043,SATCOM_05043,40.544526,-84.477419,33785.47,X,15663.16,9449.47,ACTIVE,Operator_101
COMM05044,SATCOM_05044,15.501562,-11.128308,24989.66,S,29694.34,19647.78,MAINTENANCE,Operator_129
COMM05045,SATCOM_05045,48.510744,-53.18303,5953.82,X,12345.01,28941.12,INACTIVE,Operator_152
COMM05046,SATCOM_05046,38.53224,102.275189,10108.38,C,15879.06,21621.78,INACTIVE,Operator_224
COMM05047,SATCOM_05047,48.895912,-102.02132,35985.24,Ku,29481.7,6112.66,MAINTENANCE,Operator_52
COMM05048,SATCOM_05048,36.489713,62.935189,32375.87,L,25325.05,20864.19,MAINTENANCE,Operator_2
COMM05049,SATCOM_05049,-17.336994,161.730789,7737.52,L,29386.53,24521.89,ACTIVE,Operator_91
COMM05050,SATCOM_05050,10.149788,18.075814,26766.42,S,22641.79,27983.35,INACTIVE,Operator_45
COMM05051,SATCOM_05051,37.250847,-30.392833,25744.61,C,25299.99,25033.86,ACTIVE,Operator_179
COMM05052,SATCOM_05052,-0.05243,8.428827,26380.66,C,19067.15,24804.23,INACTIVE,Operator_112
COMM05053,SATCOM_05053,-16.583315,101.21623,20101.9,X,4506.86,15049.38,ACTIVE,Operator_105
COMM05054,SATCOM_05054,-72.607802,-137.59914,16639.93,X,6926.39,25732.56,INACTIVE,Operator_173
COMM05055,SATCOM_05055,-87.345172,-104.054356,19473.39,S,24511.02,13911.93,INACTIVE,Operator_216
COMM05056,SATCOM_05056,-65.848302,-97.383276,3854.69,X,2568.72,18534.86,ACTIVE,Operator_210
COMM05057,SATCOM_05057,14.36178,140.219679,13778.11,C,12876.25,6604.74,MAINTENANCE,Operator_241
COMM05058,SATCOM_05058,84.644864,165.582075,5442.07,Ku,29324.35,23939.8,ACTIVE,Operator_141
COMM05059,SATCOM_05059,76.389649,67.481208,11819.54,L,7878.75,18125.02,ACTIVE,Operator_195
COMM05060,SATCOM_05060,-55.559503,-143.584261,17166.49,L,1752.82,10263.21,ACTIVE,Operator_143
COMM05061,SATCOM_05061,-59.630933,46.141885,26440.3,S,9464.24,16448.62,INACTIVE,Operator_75
COMM05062,SATCOM_05062,-31.079838,-42.247889,10421.98,Ku,1809.13,19926.11,ACTIVE,Operator_54
COMM05063,SATCOM_05063,63.58492,-46.286854,34607.56,L,26936.78,10027.79,INACTIVE,Operator_218
COMM05064,SATCOM_05064,-7.21267,-172.99317,30364.16,Ka,10689.73,14829.77,MAINTENANCE,Operator_154
COMM05065,SATCOM_05065,-12.844263,-69.565088,18967.42,S,8051.32,16378.27,INACTIVE,Operator_241
COMM05066,SATCOM_05066,79.204602,178.385309,6456.13,Ka,5314.62,25929.73,MAINTENANCE,Operator_211
COMM05067,SATCOM_05067,-21.799277,55.615637,21333.98,X,7939.31,10235.64,INACTIVE,Operator_147
COMM05068,SATCOM_05068,-25.795842,-71.764936,24272.26,C,4066.35,10985.0,INACTIVE,Operator_210
COMM05069,SATCOM_05069,18.263305,97.6976,31492.69,Ka,17357.67,26756.57,INACTIVE,Operator_129
COMM05070,SATCOM_05070,1.153114,-107.00611,11057.06,L,28389.28,28459.23,ACTIVE,Operator_154
COMM05071,SATCOM_05071,-43.291061,44.157167,16357.56,X,22097.63,11168.84,MAINTENANCE,Operator_195
COMM05072,SATCOM_05072,60.996076,150.297807,27675.34,L,24762.69,26466.84,INACTIVE,Operator_193
COMM05073,SATCOM_05073,5.114838,115.97698,297.01,Ku,21066.74,27888.37,INACTIVE,Operator_201
COMM05074,SATCOM_05074,-36.100904,122.194488,25882.28,X,28512.4,1536.79,MAINTENANCE,Operator_106
COMM05075,SATCOM_05075,-84.127194,-107.161048,17758.94,Ku,24275.22,13734.61,INACTIVE,Operator_25
COMM05076,SATCOM_05076,63.530146,94.340566,4471.87,Ku,8409.94,25488.23,MAINTENANCE,Operator_211
COMM05077,SATCOM_05077,-82.703283,-100.393328,5576.93,C,7932.14,27448.32,MAINTENANCE,Operator_43
COMM05078,SATCOM_05078,-71.192983,96.420673,29383.1,L,14462.59,20944.53,INACTIVE,Operator_159
COMM05079,SATCOM_05079,-89.281251,-73.478344,21438.73,L,12553.07,2072.98,MAINTENANCE,Operator_147
COMM05080,SATCOM_05080,-12.343081,-5.422472,5120.04,S,12411.13,13287.82,ACTIVE,Operator_219
COMM05081,SATCOM_05081,48.600661,160.898972,10049.25,L,4583.16,20684.68,INACTIVE,Operator_90
COMM05082,SATCOM_05082,-29.206818,95.348823,27015.8,Ku,7405.0,2567.04,ACTIVE,Operator_239
COMM05083,SATCOM_05083,51.326373,178.349019,12028.69,Ka,18412.13,18837.26,ACTIVE,Operator_33
COMM05084,SATCOM_05084,25.85271,69.67566,26438.47,Ku,7683.27,22337.16,INACTIVE,Operator_128
COMM05085,SATCOM_05085,15.504024,-35.884767,24469.2,L,19234.03,9953.5,MAINTENANCE,Operator_217
COMM05086,SATCOM_05086,24.181818,170.857408,17991.62,S,13358.27,29639.64,ACTIVE,Operator_223
COMM05087,SATCOM_05087,45.346437,-71.038925,5568.13,L,26745.4,23998.57,INACTIVE,Operator_77
COMM05088,SATCOM_05088,46.826441,-132.100785,8053.65,L,17413.42,18872.69,MAINTENANCE,Operator_136
COMM05089,SATCOM_05089,19.441779,-117.410512,26152.94,X,14544.42,15643.48,MAINTENANCE,Operator_68
COMM05090,SATCOM_05090,48.585031,-24.224385,26645.88,Ka,9149.21,13644.0,ACTIVE,Operator_113
COMM05091,SATCOM_05091,80.726584,147.337983,27597.89,L,24701.24,24480.97,ACTIVE,Operator_209
COMM05092,SATCOM_05092,-46.142066,-105.134595,30683.43,L,24161.12,29911.61,MAINTENANCE,Operator_213
COMM05093,SATCOM_05093,-48.049059,97.45639,13397.91,Ka,24067.56,7505.76,MAINTENANCE,Operator_174
COMM05094,SATCOM_05094,-39.626556,121.452697,33751.72,X,18870.23,5575.51,INACTIVE,Operator_66
COMM05095,SATCOM_05095,72.948901,108.188655,32611.06,Ka,2290.49,27283.1,ACTIVE,Operator_101
COMM05096,SATCOM_05096,4.575599,139.598202,8554.71,X,26728.08,24726.14,MAINTENANCE,Operator_206
COMM05097,SATCOM_05097,-15.814941,137.746595,23383.25,C,13535.98,12598.85,MAINTENANCE,Operator_170
COMM05098,SATCOM_05098,-39.864639,-140.471756,34842.11,Ku,9338.41,19696.51,ACTIVE,Operator_241
COMM05099,SATCOM_05099,34.969749,155.090076,27603.43,S,15996.05,6708.05,ACTIVE,Operator_183
COMM05100,SATCOM_05100,-62.206647,113.377705,16940.35,X,18891.61,25878.03,INACTIVE,Operator_198
COMM05101,SATCOM_05101,49.441119,-28.357873,20793.74,Ka,3694.19,7505.51,INACTIVE,Operator_87
COMM05102,SATCOM_05102,-69.990933,43.523416,18484.07,L,3021.64,2476.43,ACTIVE,Operator_233
COMM05103,SATCOM_05103,-22.96293,176.273679,15510.14,Ku,14135.6,20318.95,MAINTENANCE,Operator_190
COMM05104,SATCOM_05104,-88.666455,-153.21665,11756.62,X,15360.03,22178.87,MAINTENANCE,Operator_219
COMM05105,SATCOM_05105,8.709482,55.049881,31175.15,L,3659.81,18962.03,ACTIVE,Operator_55
COMM05106,SATCOM_05106,-28.839025,-78.828431,7692.69,S,1030.67,17153.94,MAINTENANCE,Operator_145
COMM05107,SATCOM_05107,-23.999971,33.580477,7358.27,C,2778.63,11270.08,ACTIVE,Operator_173
COMM05108,SATCOM_05108,-79.842957,-135.624874,32449.84,Ka,28788.4,26381.31,INACTIVE,Operator_43
COMM05109,SATCOM_05109,-41.936529,-115.783879,20929.59,C,4571.12,26228.13,MAINTENANCE,Operator_106
COMM05110,SATCOM_05110,55.541856,-147.98457,6903.4,L,28872.11,5100.01,MAINTENANCE,Operator_123
COMM05111,SATCOM_05111,57.261276,109.891949,28986.65,Ku,3926.64,6192.47,ACTIVE,Operator_113
COMM05112,SATCOM_05112,24.161948,-1.496295,17434.12,S,1063.31,2531.86,INACTIVE,Operator_188
COMM05113,SATCOM_05113,-54.01956,-48.018371,5848.35,Ku,1202.68,5028.77,INACTIVE,Operator_162
COMM05114,SATCOM_05114,50.960809,-54.114423,7865.9,S,15424.07,29568.69,ACTIVE,Operator_129
COMM05115,SATCOM_05115,-40.663107,-179.359546,18949.66,Ku,19975.66,3289.1,MAINTENANCE,Operator_214
COMM05116,SATCOM_05116,27.909043,157.287325,9678.54,L,6957.39,17285.63,INACTIVE,Operator_188
COMM05117,SATCOM_05117,76.696093,-159.282045,16183.68,Ku,28041.17,4339.78,INACTIVE,Operator_205
COMM05118,SATCOM_05118,28.063051,-33.411121,15886.26,C,24372.06,20123.99,INACTIVE,Operator_230
COMM05119,SATCOM_05119,19.931242,80.615641,9726.17,Ku,24982.27,18093.87,INACTIVE,Operator_176
COMM05120,SATCOM_05120,57.61761,50.667034,16091.22,Ku,28574.56,20151.34,INACTIVE,Operator_113
COMM05121,SATCOM_05121,-10.582229,6.194449,20198.11,X,26860.52,28066.72,MAINTENANCE,Operator_227
COMM05122,SATCOM_05122,88.431262,-175.932645,1713.26,Ka,20564.95,16609.01,MAINTENANCE,Operator_160
COMM05123,SATCOM_05123,15.125892,90.411573,17899.67,C,20110.93,23130.8,INACTIVE,Operator_22
COMM05124,SATCOM_05124,2.568086,28.704025,32608.05,C,26270.17,15293.18,ACTIVE,Operator_19
COMM05125,SATCOM_05125,-20.534465,-159.672412,35315.99,C,4845.02,17184.64,INACTIVE,Operator_232
COMM05126,SATCOM_05126,20.564228,-67.607337,21303.17,C,4564.96,29947.11,MAINTENANCE,Operator_42
COMM05127,SATCOM_05127,15.419118,14.892905,2284.77,S,7083.12,11553.44,MAINTENANCE,Operator_240
COMM05128,SATCOM_05128,-39.380793,170.179228,12555.37,S,28140.46,7673.44,INACTIVE,Operator_247
COMM05129,SATCOM_05129,88.10709,103.984638,24258.09,C,10756.3,20041.4,INACTIVE,Operator_7
COMM05130,SATCOM_05130,62.081218,-92.949325,9834.89,S,26822.21,4636.22,ACTIVE,Operator_207
COMM05131,SATCOM_05131,73.610476,137.92023,18632.27,Ka,8540.37,26647.54,INACTIVE,Operator_126
COMM05132,SATCOM_05132,-21.552385,-40.678909,29922.93,S,20483.41,13814.28,INACTIVE,Operator_134
COMM05133,SATCOM_05133,42.102432,-40.245396,11677.55,L,2546.32,21237.94,INACTIVE,Operator_189
COMM05134,SATCOM_05134,62.557781,-152.162095,4714.63,L,26887.22,22017.3,MAINTENANCE,Operator_125
COMM05135,SATCOM_05135,-21.9397,-121.845762,28863.46,L,21821.17,14144.85,ACTIVE,Operator_34
COMM05136,SATCOM_05136,60.813811,16.920532,32705.07,C,12422.25,7866.8,MAINTENANCE,Operator_234
COMM05137,SATCOM_05137,-18.871333,-90.643175,29313.58,L,4801.99,1872.38,INACTIVE,Operator_184
COMM05138,SATCOM_05138,-77.754916,132.664213,25631.35,S,2795.23,12262.04,INACTIVE,Operator_45
COMM05139,SATCOM_05139,-46.506224,99.370829,2812.21,L,27641.47,13773.44,MAINTENANCE,Operator_74
COMM05140,SATCOM_05140,-79.450175,177.135977,2308.53,Ka,26541.17,11157.15,ACTIVE,Operator_156
COMM05141,SATCOM_05141,47.208126,63.789967,26839.62,L,27183.69,25372.24,INACTIVE,Operator_192
COMM05142,SATCOM_05142,23.352355,57.49713,33299.92,S,21013.68,6538.37,MAINTENANCE,Operator_108
COMM05143,SATCOM_05143,-35.967022,6.601696,14894.07,L,20498.15,1897.61,INACTIVE,Operator_248
COMM05144,SATCOM_05144,-78.920502,80.041533,22091.86,Ku,1173.42,29192.36,INACTIVE,Operator_105
COMM05145,SATCOM_05145,-6.672338,-24.096368,13700.45,S,16002.93,9697.37,ACTIVE,Operator_71
COMM05146,SATCOM_05146,-65.905034,-21.701002,34524.51,X,8491.21,18644.72,ACTIVE,Operator_161
COMM05147,SATCOM_05147,-5.186259,115.562958,18942.13,S,5814.63,22635.69,INACTIVE,Operator_216
COMM05148,SATCOM_05148,-44.101753,-137.468861,22309.34,L,14332.17,27217.95,INACTIVE,Operator_37
COMM05149,SATCOM_05149,-32.713011,-16.802238,2583.12,S,28980.9,7109.76,MAINTENANCE,Operator_187
COMM05150,SATCOM_05150,12.923629,111.037466,3248.49,L,29375.6,10411.98,ACTIVE,Operator_15
COMM05151,SATCOM_05151,45.169159,104.246922,30111.58,Ku,26253.83,4190.54,INACTIVE,Operator_50
COMM05152,SATCOM_05152,-22.298437,-23.350483,29683.61,Ku,22290.91,19535.15,ACTIVE,Operator_5
COMM05153,SATCOM_05153,58.534426,-69.290497,26459.62,S,9083.17,19016.87,INACTIVE,Operator_113
COMM05154,SATCOM_05154,-89.85436,70.369769,14340.27,L,4662.23,1070.69,MAINTENANCE,Operator_130
COMM05155,SATCOM_05155,-58.608258,105.938528,23106.19,Ka,22245.52,18358.85,INACTIVE,Operator_39
COMM05156,SATCOM_05156,69.923845,95.127408,29672.32,Ka,18318.07,26197.02,MAINTENANCE,Operator_50
COMM05157,SATCOM_05157,27.089886,-20.333436,14606.74,Ku,2960.31,8159.83,MAINTENANCE,Operator_124
COMM05158,SATCOM_05158,72.670754,126.886525,1772.92,L,17027.01,11643.66,INACTIVE,Operator_164
COMM05159,SATCOM_05159,-28.92652,68.394084,23939.99,C,14684.72,9492.33,INACTIVE,Operator_40
COMM05160,SATCOM_05160,72.934361,10.098154,34564.24,Ku,19037.64,10972.05,INACTIVE,Operator_227
COMM05161,SATCOM_05161,88.053963,149.680734,17127.54,L,26535.42,26551.5,MAINTENANCE,Operator_101
COMM05162,SATCOM_05162,7.401726,132.467413,19103.26,C,13085.27,5307.7,ACTIVE,Operator_61
COMM05163,SATCOM_05163,-53.81971,-141.490039,23648.99,X,12168.7,3281.87,MAINTENANCE,Operator_25
COMM05164,SATCOM_05164,-83.765101,-146.497571,17541.08,Ka,23940.21,3978.85,MAINTENANCE,Operator_192
COMM05165,SATCOM_05165,-11.190662,-35.562557,22026.81,S,20413.72,13154.65,INACTIVE,Operator_145
COMM05166,SATCOM_05166,79.810257,27.038952,20415.39,C,20526.8,7512.13,MAINTENANCE,Operator_137
COMM05167,SATCOM_05167,12.46266,162.399099,20923.0,S,4264.91,28397.92,INACTIVE,Operator_70
COMM05168,SATCOM_05168,-55.939879,-123.002131,16354.12,X,13128.65,3553.72,INACTIVE,Operator_185
COMM05169,SATCOM_05169,19.246875,-126.203855,1940.98,Ka,19533.48,1640.11,MAINTENANCE,Operator_187
COMM05170,SATCOM_05170,75.935033,-117.527656,13436.41,S,6547.99,22173.82,ACTIVE,Operator_130
COMM05171,SATCOM_05171,-37.356264,-158.528427,35592.85,Ku,10531.7,14848.01,ACTIVE,Operator_80
COMM05172,SATCOM_05172,55.730912,-100.634973,28571.7,Ka,26139.2,29020.12,INACTIVE,Operator_209
COMM05173,SATCOM_05173,-64.122395,22.946564,33235.66,Ku,18583.12,28818.43,MAINTENANCE,Operator_245
COMM05174,SATCOM_05174,68.677133,-119.780398,22118.53,Ku,25969.23,9205.04,INACTIVE,Operator_154
COMM05175,SATCOM_05175,86.153626,-158.241615,19264.32,S,5210.12,26697.73,ACTIVE,Operator_173
COMM05176,SATCOM_05176,87.879893,-2.663384,1084.1,L,11833.92,10440.34,MAINTENANCE,Operator_29
COMM05177,SATCOM_05177,74.231431,-98.572638,16004.11,Ka,29399.24,22419.88,ACTIVE,Operator_4
COMM05178,SATCOM_05178,50.346696,-6.585422,19645.96,S,10970.29,15941.09,INACTIVE,Operator_64
COMM05179,SATCOM_05179,-25.389384,147.791832,29068.81,L,16173.97,14066.42,INACTIVE,Operator_186
COMM05180,SATCOM_05180,-48.213823,127.892024,23735.74,C,22949.91,28868.57,MAINTENANCE,Operator_76
COMM05181,SATCOM_05181,-52.733345,144.230011,31307.33,S,26030.95,11545.47,MAINTENANCE,Operator_205
COMM05182,SATCOM_05182,22.83317,75.687299,8634.03,X,8599.9,16751.62,MAINTENANCE,Operator_216
COMM05183,SATCOM_05183,84.844826,-114.261142,13410.71,L,25028.33,9064.94,ACTIVE,Operator_145
COMM05184,SATCOM_05184,86.809106,134.52589,426.08,C,8783.07,24086.83,INACTIVE,Operator_189
COMM05185,SATCOM_05185,16.309368,37.800917,5881.7,C,2269.79,24797.29,MAINTENANCE,Operator_41
COMM05186,SATCOM_05186,83.23715,36.552698,17595.43,Ka,19159.15,15878.95,MAINTENANCE,Operator_18
COMM05187,SATCOM_05187,67.980019,133.487062,25347.89,S,2419.64,29961.76,MAINTENANCE,Operator_235
COMM05188,SATCOM_05188,-25.249845,69.108351,24023.76,X,8014.42,28232.34,ACTIVE,Operator_244
COMM05189,SATCOM_05189,-38.768112,3.435513,14994.77,X,20908.68,24456.97,MAINTENANCE,Operator_123
COMM05190,SATCOM_05190,-66.851948,-76.15063,19985.23,L,22417.13,4036.36,INACTIVE,Operator_30
COMM05191,SATCOM_05191,-53.505917,-24.160592,22564.27,L,29859.15,10149.5,MAINTENANCE,Operator_64
COMM05192,SATCOM_05192,70.641886,65.558157,27458.21,Ka,8990.42,14965.37,INACTIVE,Operator_189
COMM05193,SATCOM_05193,71.989048,-149.030302,14001.77,S,3007.56,23152.04,MAINTENANCE,Operator_204
COMM05194,SATCOM_05194,-65.487512,92.939102,8254.1,C,13514.73,23977.26,MAINTENANCE,Operator_246
COMM05195,SATCOM_05195,-76.847812,31.938385,17048.88,C,26781.06,2659.47,MAINTENANCE,Operator_8
COMM05196,SATCOM_05196,-4.775533,-75.896413,9787.79,Ka,20144.29,18820.28,INACTIVE,Operator_98
COMM05197,SATCOM_05197,-53.713416,28.042519,35241.48,L,8366.47,12500.57,ACTIVE,Operator_66
COMM05198,SATCOM_05198,-18.096287,101.444317,7578.52,C,26360.49,5027.41,INACTIVE,Operator_15
COMM05199,SATCOM_05199,40.488621,-90.393531,19480.18,X,25943.28,3257.39,MAINTENANCE,Operator_168
COMM05200,SATCOM_05200,-34.219285,96.657364,8054.5,L,21843.98,20230.69,MAINTENANCE,Operator_89
COMM05201,SATCOM_05201,-7.571499,10.6506,7895.39,L,24361.86,10312.91,MAINTENANCE,Operator_97
COMM05202,SATCOM_05202,75.660553,43.053317,30284.5,Ku,9629.49,24456.68,ACTIVE,Operator_135
COMM05203,SATCOM_05203,-10.256467,156.908251,27010.2,C,6933.35,12724.45,INACTIVE,Operator_65
COMM05204,SATCOM_05204,-78.673758,71.752185,31027.76,X,22421.96,26575.56,MAINTENANCE,Operator_158
COMM05205,SATCOM_05205,-25.864913,-123.72631,27404.34,C,1413.24,12048.05,INACTIVE,Operator_243
COMM05206,SATCOM_05206,58.230187,98.211974,14269.5,S,8402.3,5859.17,ACTIVE,Operator_235
COMM05207,SATCOM_05207,-59.851766,-133.494957,13899.86,X,4443.46,25066.75,MAINTENANCE,Operator_250
COMM05208,SATCOM_05208,-42.640897,75.235048,10891.71,Ku,2343.11,6684.22,INACTIVE,Operator_79
COMM05209,SATCOM_05209,89.936091,105.985747,24529.42,L,8403.29,9168.65,ACTIVE,Operator_106
COMM05210,SATCOM_05210,76.363573,50.598523,7837.72,Ku,23077.72,19454.1,MAINTENANCE,Operator_44
COMM05211,SATCOM_05211,-55.538325,-148.420747,14354.77,S,20247.99,29046.6,ACTIVE,Operator_97
COMM05212,SATCOM_05212,36.41007,-145.515013,32092.96,Ka,26349.73,1718.6,INACTIVE,Operator_30
COMM05213,SATCOM_05213,-78.720866,-119.509663,16371.39,L,24564.1,4795.05,MAINTENANCE,Operator_1
COMM05214,SATCOM_05214,69.742997,-161.942903,11113.62,C,26974.97,14955.8,ACTIVE,Operator_151
COMM05215,SATCOM_05215,-51.374617,-74.809691,20894.69,C,9195.11,18239.19,ACTIVE,Operator_164
COMM05216,SATCOM_05216,-75.376347,-159.909366,8637.26,C,11049.74,16336.31,MAINTENANCE,Operator_213
COMM05217,SATCOM_05217,19.141942,-173.782579,30729.82,X,4728.92,11957.99,ACTIVE,Operator_52
COMM05218,SATCOM_05218,-45.047326,-98.418935,27284.47,Ka,8204.21,6523.86,INACTIVE,Operator_193
COMM05219,SATCOM_05219,-4.744125,-52.980856,8803.8,X,11364.26,12377.15,INACTIVE,Operator_189
COMM05220,SATCOM_05220,-41.364422,146.810536,818.33,S,14086.55,2094.95,MAINTENANCE,Operator_145
COMM05221,SATCOM_05221,64.749996,6.493302,9209.89,S,9700.17,14228.22,MAINTENANCE,Operator_136
COMM05222,SATCOM_05222,32.424409,-89.703077,9643.9,L,16336.03,15375.98,ACTIVE,Operator_52
COMM05223,SATCOM_05223,-3.492791,80.855819,16986.72,Ku,24878.22,27726.71,ACTIVE,Operator_115
COMM05224,SATCOM_05224,53.503321,80.9164,616.76,X,14338.29,7784.05,ACTIVE,Operator_225
COMM05225,SATCOM_05225,-8.290829,81.379953,14338.98,Ku,2796.67,5414.48,ACTIVE,Operator_107
COMM05226,SATCOM_05226,-52.647822,-61.409111,29626.64,C,5234.05,22308.87,INACTIVE,Operator_227
COMM05227,SATCOM_05227,25.061283,8.365134,35318.34,L,29204.21,21298.56,INACTIVE,Operator_192
COMM05228,SATCOM_05228,69.887188,60.290726,14883.21,X,12727.02,12961.4,INACTIVE,Operator_38
COMM05229,SATCOM_05229,-80.190062,-95.15958,6816.64,Ka,14503.45,11498.3,ACTIVE,Operator_36
COMM05230,SATCOM_05230,-82.675691,39.958083,22064.0,X,27539.3,8813.48,MAINTENANCE,Operator_40
COMM05231,SATCOM_05231,3.890227,-56.01792,5227.28,C,4510.38,20830.51,ACTIVE,Operator_11
COMM05232,SATCOM_05232,82.693887,66.709167,31086.07,S,6765.2,26766.28,MAINTENANCE,Operator_179
COMM05233,SATCOM_05233,60.457149,9.297403,18633.99,Ku,5165.83,1948.04,INACTIVE,Operator_36
COMM05234,SATCOM_05234,66.563951,95.821045,17324.81,Ku,28972.73,18492.75,ACTIVE,Operator_181
COMM05235,SATCOM_05235,67.975095,-59.627235,13752.28,L,18916.05,20886.46,ACTIVE,Operator_202
COMM05236,SATCOM_05236,3.628889,-160.994154,5362.17,Ku,27100.5,10610.78,INACTIVE,Operator_101
COMM05237,SATCOM_05237,0.420576,112.350515,26788.27,X,22986.09,29131.8,INACTIVE,Operator_183
COMM05238,SATCOM_05238,34.680819,92.968828,32013.84,C,1627.53,20884.88,ACTIVE,Operator_140
COMM05239,SATCOM_05239,-24.065629,-140.379769,29783.03,Ku,11204.51,9912.92,ACTIVE,Operator_190
COMM05240,SATCOM_05240,39.782246,-174.23876,7126.43,Ku,22510.21,24914.82,INACTIVE,Operator_137
COMM05241,SATCOM_05241,-86.978053,-102.007961,30910.89,Ku,7944.25,11783.18,ACTIVE,Operator_212
COMM05242,SATCOM_05242,51.392639,-31.966227,1303.07,Ka,2587.21,7974.87,MAINTENANCE,Operator_223
COMM05243,SATCOM_05243,-38.131038,130.806254,18324.35,L,14253.41,24304.84,ACTIVE,Operator_128
COMM05244,SATCOM_05244,-4.195831,156.898316,13885.79,C,11074.5,8152.65,MAINTENANCE,Operator_15
COMM05245,SATCOM_05245,69.820096,-151.632739,16762.61,C,19550.21,11265.36,ACTIVE,Operator_24
COMM05246,SATCOM_05246,-69.609775,-63.45592,6781.78,Ku,28896.75,28474.73,MAINTENANCE,Operator_159
COMM05247,SATCOM_05247,84.079811,177.998085,3545.2,X,9283.83,23658.52,ACTIVE,Operator_42
COMM05248,SATCOM_05248,-17.845976,-32.903315,23958.78,Ka,20220.25,10229.88,INACTIVE,Operator_235
COMM05249,SATCOM_05249,15.340522,-57.929669,33114.4,C,21290.97,27923.1,MAINTENANCE,Operator_107
COMM05250,SATCOM_05250,-69.298496,56.036209,13058.79,S,18138.15,24125.99,INACTIVE,Operator_119
COMM05251,SATCOM_05251,17.894828,179.361641,16347.05,Ka,26527.56,7053.2,INACTIVE,Operator_176
COMM05252,SATCOM_05252,-65.916006,-36.844553,3261.44,Ku,28100.06,5467.73,MAINTENANCE,Operator_239
COMM05253,SATCOM_05253,-23.244052,138.215661,21614.8,C,18334.97,18285.62,INACTIVE,Operator_61
COMM05254,SATCOM_05254,62.062913,10.822555,15041.29,X,13663.88,19177.12,INACTIVE,Operator_238
COMM05255,SATCOM_05255,-2.033641,15.084553,33873.3,C,25356.59,3471.97,ACTIVE,Operator_80
COMM05256,SATCOM_05256,87.673468,-25.698282,29797.78,Ka,5508.49,26673.67,MAINTENANCE,Operator_196
COMM05257,SATCOM_05257,-67.203156,58.384243,29818.31,Ku,10591.92,10502.49,INACTIVE,Operator_176
COMM05258,SATCOM_05258,48.612432,-5.114322,17283.86,C,25729.79,3037.28,ACTIVE,Operator_169
COMM05259,SATCOM_05259,-58.298176,31.639527,32422.68,S,9902.01,7325.44,ACTIVE,Operator_147
COMM05260,SATCOM_05260,44.388264,98.432068,5309.49,L,11185.1,10047.43,ACTIVE,Operator_171
COMM05261,SATCOM_05261,50.746051,99.376407,398.18,L,12723.56,22030.62,INACTIVE,Operator_197
COMM05262,SATCOM_05262,-44.018225,144.395032,33426.5,Ku,11114.04,17966.22,ACTIVE,Operator_217
COMM05263,SATCOM_05263,70.591224,164.967728,23383.43,Ku,23562.28,25331.97,MAINTENANCE,Operator_146
COMM05264,SATCOM_05264,68.535375,133.94147,17144.22,L,24638.94,1126.15,MAINTENANCE,Operator_150
COMM05265,SATCOM_05265,-82.142422,-96.008241,29504.18,L,26521.61,4410.66,MAINTENANCE,Operator_213
COMM05266,SATCOM_05266,7.237181,-145.838283,15492.11,Ka,14640.22,6228.22,INACTIVE,Operator_77
COMM05267,SATCOM_05267,-80.891066,82.828557,3230.1,X,26729.19,27335.41,ACTIVE,Operator_13
COMM05268,SATCOM_05268,-43.460219,-120.328887,11040.88,C,1559.78,1509.1,MAINTENANCE,Operator_196
COMM05269,SATCOM_05269,18.027756,164.188259,21194.09,L,14192.2,14645.64,INACTIVE,Operator_181
COMM05270,SATCOM_05270,63.703312,14.364622,27357.26,S,7644.59,28456.38,ACTIVE,Operator_213
COMM05271,SATCOM_05271,-66.932211,166.036895,17651.75,L,10311.18,18984.46,ACTIVE,Operator_72
COMM05272,SATCOM_05272,36.713705,130.595315,28042.02,S,3921.43,17839.2,ACTIVE,Operator_221
COMM05273,SATCOM_05273,19.13451,144.932046,22841.28,S,18582.69,7532.82,MAINTENANCE,Operator_234
COMM05274,SATCOM_05274,83.676113,18.990967,2823.56,X,6549.71,11980.08,ACTIVE,Operator_86
COMM05275,SATCOM_05275,59.06567,42.745875,34788.35,Ku,26657.17,19163.49,MAINTENANCE,Operator_156
COMM05276,SATCOM_05276,70.473482,123.014761,17190.97,X,9295.87,13709.99,MAINTENANCE,Operator_137
COMM05277,SATCOM_05277,-55.300757,100.367566,15678.27,Ka,13404.16,15868.66,ACTIVE,Operator_102
COMM05278,SATCOM_05278,6.0947,99.868181,2905.86,Ku,21005.69,10133.57,MAINTENANCE,Operator_3
COMM05279,SATCOM_05279,-26.680949,177.817449,25156.22,Ku,2564.94,6479.79,INACTIVE,Operator_235
COMM05280,SATCOM_05280,-21.725491,-130.625117,14104.74,Ka,2475.42,11505.32,MAINTENANCE,Operator_72
COMM05281,SATCOM_05281,74.870478,-78.473726,12203.24,X,17362.28,14431.35,ACTIVE,Operator_83
COMM05282,SATCOM_05282,-13.218415,-110.714291,11026.28,S,3856.2,15818.73,INACTIVE,Operator_10
COMM05283,SATCOM_05283,-14.377263,-159.474414,1658.58,X,26524.63,25994.86,MAINTENANCE,Operator_81
COMM05284,SATCOM_05284,49.150387,-120.413202,1635.64,L,29166.67,4492.12,MAINTENANCE,Operator_227
COMM05285,SATCOM_05285,-21.120571,-60.078187,27435.98,S,15284.22,24178.14,MAINTENANCE,Operator_72
COMM05286,SATCOM_05286,-49.334514,170.890896,8962.93,X,26002.31,15004.03,INACTIVE,Operator_100
COMM05287,SATCOM_05287,23.048523,105.734264,4814.06,Ku,25710.91,28627.56,MAINTENANCE,Operator_134
COMM05288,SATCOM_05288,-54.925603,-11.516623,12179.33,L,6335.58,14596.12,ACTIVE,Operator_232
COMM05289,SATCOM_05289,45.316215,179.152292,29061.76,L,20894.82,5016.76,INACTIVE,Operator_81
COMM05290,SATCOM_05290,-73.081424,122.58903,6840.75,X,3895.4,27178.61,MAINTENANCE,Operator_191
COMM05291,SATCOM_05291,-44.093335,19.373881,23684.46,Ka,7610.66,2969.72,MAINTENANCE,Operator_213
COMM05292,SATCOM_05292,36.41833,60.451339,4825.02,X,2472.62,28574.93,ACTIVE,Operator_84
COMM05293,SATCOM_05293,17.79862,-0.229902,9599.64,Ka,1918.31,4800.47,ACTIVE,Operator_179
COMM05294,SATCOM_05294,8.23434,16.319309,19866.01,Ka,2943.64,2981.9,ACTIVE,Operator_217
COMM05295,SATCOM_05295,70.671151,-163.275466,671.34,Ka,19555.79,16884.05,INACTIVE,Operator_144
COMM05296,SATCOM_05296,-14.558046,-14.065198,20617.16,X,5447.97,8134.5,ACTIVE,Operator_27
COMM05297,SATCOM_05297,-78.859359,19.277134,21719.02,Ka,8979.29,29733.85,INACTIVE,Operator_100
COMM05298,SATCOM_05298,3.29446,-163.513593,28358.89,Ku,18993.44,4574.81,INACTIVE,Operator_237
COMM05299,SATCOM_05299,0.918975,-147.499445,1756.21,L,13736.75,6736.33,INACTIVE,Operator_20
COMM05300,SATCOM_05300,89.955835,130.999389,28210.57,Ka,18238.97,17104.34,MAINTENANCE,Operator_120
COMM05301,SATCOM_05301,72.48412,160.203745,26737.58,L,18415.6,28678.05,ACTIVE,Operator_44
COMM05302,SATCOM_05302,51.504527,3.386666,17970.7,C,9977.95,14555.5,INACTIVE,Operator_57
COMM05303,SATCOM_05303,46.444015,114.619067,18151.37,L,29159.68,21775.85,INACTIVE,Operator_115
COMM05304,SATCOM_05304,47.37182,-133.660719,27429.24,Ka,6347.78,10183.77,INACTIVE,Operator_196
COMM05305,SATCOM_05305,-55.118214,-115.487445,30675.38,C,20243.08,29846.28,ACTIVE,Operator_90
COMM05306,SATCOM_05306,57.568402,-5.324473,24437.02,S,16443.95,18152.82,ACTIVE,Operator_67
COMM05307,SATCOM_05307,-77.834018,-59.233314,19709.4,X,21965.26,15583.25,ACTIVE,Operator_123
COMM05308,SATCOM_05308,-88.510983,136.403493,3026.94,X,19766.65,26901.48,MAINTENANCE,Operator_21
COMM05309,SATCOM_05309,28.427502,-17.712482,13835.74,S,12797.79,15766.89,INACTIVE,Operator_6
COMM05310,SATCOM_05310,-40.223909,-126.690473,24602.48,C,5228.55,7165.77,ACTIVE,Operator_162
COMM05311,SATCOM_05311,87.118576,-67.54697,14389.71,S,15957.86,2946.93,INACTIVE,Operator_53
COMM05312,SATCOM_05312,5.614657,114.01228,14287.9,S,4969.3,28650.2,ACTIVE,Operator_8
COMM05313,SATCOM_05313,-86.982676,9.240434,24557.87,X,25022.19,15790.65,MAINTENANCE,Operator_199
COMM05314,SATCOM_05314,87.035274,162.584094,4758.47,S,5276.25,25810.67,INACTIVE,Operator_3
COMM05315,SATCOM_05315,53.084502,105.723682,1331.06,Ka,17322.6,25134.76,ACTIVE,Operator_197
COMM05316,SATCOM_05316,-25.839471,72.5435,18119.96,Ku,11108.08,15296.68,INACTIVE,Operator_223
COMM05317,SATCOM_05317,45.095538,36.865624,16181.14,S,13942.32,20534.67,INACTIVE,Operator_60
COMM05318,SATCOM_05318,89.977398,22.6753,12650.21,Ka,13337.11,11223.08,MAINTENANCE,Operator_36
COMM05319,SATCOM_05319,-16.277197,45.218178,28389.12,Ku,26431.65,19291.51,MAINTENANCE,Operator_40
COMM05320,SATCOM_05320,-57.389194,57.243301,16690.51,C,21597.08,18991.36,INACTIVE,Operator_190
COMM05321,SATCOM_05321,-24.231392,-153.762472,5416.01,S,5686.91,24896.52,MAINTENANCE,Operator_120
COMM05322,SATCOM_05322,-47.051437,-140.507344,19815.23,X,5336.82,1714.96,MAINTENANCE,Operator_24
COMM05323,SATCOM_05323,74.57289,9.299897,6522.04,X,7882.72,25720.99,ACTIVE,Operator_249
COMM05324,SATCOM_05324,50.696387,81.610843,32310.19,Ka,1997.17,14499.15,MAINTENANCE,Operator_5
COMM05325,SATCOM_05325,-48.342323,167.526262,6813.85,L,2566.42,24604.31,INACTIVE,Operator_134
COMM05326,SATCOM_05326,-71.352758,-53.146028,15028.76,Ka,18998.76,10627.68,INACTIVE,Operator_129
COMM05327,SATCOM_05327,2.508978,32.940765,32305.67,Ka,14249.97,18527.28,MAINTENANCE,Operator_51
COMM05328,SATCOM_05328,7.374259,-102.951679,19325.77,C,23526.81,4228.64,INACTIVE,Operator_121
COMM05329,SATCOM_05329,-60.661537,1.988323,15579.41,S,17420.65,28379.91,MAINTENANCE,Operator_84
COMM05330,SATCOM_05330,57.380703,-127.291191,9345.07,C,21499.08,17907.81,MAINTENANCE,Operator_174
COMM05331,SATCOM_05331,27.851544,109.112133,34887.66,L,14413.9,8502.61,INACTIVE,Operator_29
COMM05332,SATCOM_05332,-27.125666,45.178544,7579.04,X,5216.21,16652.66,ACTIVE,Operator_195
COMM05333,SATCOM_05333,69.133215,169.677348,30863.87,C,26346.0,26246.98,ACTIVE,Operator_187
COMM05334,SATCOM_05334,-27.417263,173.687572,8910.91,C,7193.62,28629.37,ACTIVE,Operator_211
COMM05335,SATCOM_05335,69.1349,84.177326,33422.12,Ku,28854.46,18530.79,ACTIVE,Operator_162
COMM05336,SATCOM_05336,-75.159069,-138.635972,7766.64,Ka,20739.12,29381.7,INACTIVE,Operator_239
COMM05337,SATCOM_05337,51.07792,-134.872576,27844.53,L,25393.48,27221.68,INACTIVE,Operator_87
COMM05338,SATCOM_05338,28.871965,154.447138,9945.43,C,25112.42,15095.32,MAINTENANCE,Operator_56
COMM05339,SATCOM_05339,-45.863338,10.915655,16781.9,C,29146.88,21593.93,MAINTENANCE,Operator_191
COMM05340,SATCOM_05340,-21.342242,-172.846124,27004.34,L,21858.38,8899.51,ACTIVE,Operator_232
COMM05341,SATCOM_05341,38.922438,154.336546,28766.47,X,5238.48,15951.03,MAINTENANCE,Operator_91
COMM05342,SATCOM_05342,87.321315,-43.670186,18229.66,X,4855.89,1834.7,MAINTENANCE,Operator_167
COMM05343,SATCOM_05343,81.92825,-123.004444,10201.85,C,22749.41,6625.84,INACTIVE,Operator_136
COMM05344,SATCOM_05344,-47.480787,-115.965308,16876.27,C,7349.57,4350.71,MAINTENANCE,Operator_162
COMM05345,SATCOM_05345,-68.221587,61.057191,12926.96,C,2467.07,8687.28,MAINTENANCE,Operator_68
COMM05346,SATCOM_05346,49.334147,47.719616,24901.14,S,25341.59,2566.04,INACTIVE,Operator_39
COMM05347,SATCOM_05347,69.93639,74.201337,32238.99,Ku,18521.27,27877.04,MAINTENANCE,Operator_94
COMM05348,SATCOM_05348,-29.271968,87.967085,6298.99,C,12662.04,8200.8,MAINTENANCE,Operator_52
COMM05349,SATCOM_05349,31.554918,-97.445478,20374.87,L,22331.77,5065.81,MAINTENANCE,Operator_180
COMM05350,SATCOM_05350,-74.717616,-44.477594,5212.24,L,10563.91,19306.76,MAINTENANCE,Operator_217
COMM05351,SATCOM_05351,24.846097,3.523177,10260.71,S,19202.1,24471.54,INACTIVE,Operator_58
COMM05352,SATCOM_05352,-52.204035,-48.962848,1967.94,Ka,21434.1,28210.74,ACTIVE,Operator_226
COMM05353,SATCOM_05353,35.536393,-66.370242,35153.06,C,3807.31,7020.66,ACTIVE,Operator_139
COMM05354,SATCOM_05354,80.293263,-165.856895,22834.31,C,24588.4,19800.18,MAINTENANCE,Operator_98
COMM05355,SATCOM_05355,69.03747,155.604494,4608.0,S,29864.67,18919.91,MAINTENANCE,Operator_4
COMM05356,SATCOM_05356,-6.754342,31.237285,22161.15,C,16726.03,28123.19,MAINTENANCE,Operator_178
COMM05357,SATCOM_05357,43.472881,-144.72923,26445.37,S,17397.18,17250.38,ACTIVE,Operator_162
COMM05358,SATCOM_05358,5.508281,76.87585,1302.52,X,17859.43,9442.39,MAINTENANCE,Operator_59
COMM05359,SATCOM_05359,-89.0982,37.158997,16226.17,C,19947.85,14590.78,MAINTENANCE,Operator_71
COMM05360,SATCOM_05360,12.124144,113.699387,23458.31,Ka,16570.41,1779.3,MAINTENANCE,Operator_98
COMM05361,SATCOM_05361,-81.801377,-119.704532,31778.81,L,14285.88,17082.08,INACTIVE,Operator_67
COMM05362,SATCOM_05362,9.818696,-115.380078,26734.94,C,6720.1,19427.91,ACTIVE,Operator_183
COMM05363,SATCOM_05363,72.472309,151.296263,26918.31,L,17535.96,2138.46,MAINTENANCE,Operator_151
COMM05364,SATCOM_05364,-42.747353,6.5106,14732.68,X,11313.52,2057.12,INACTIVE,Operator_218
COMM05365,SATCOM_05365,-66.164544,58.188955,21232.7,X,5983.73,28507.53,ACTIVE,Operator_58
COMM05366,SATCOM_05366,9.725986,174.211598,25415.5,Ku,2843.07,29171.66,ACTIVE,Operator_198
COMM05367,SATCOM_05367,57.92132,100.479108,11083.54,Ka,3206.66,13880.27,ACTIVE,Operator_171
COMM05368,SATCOM_05368,-55.218001,125.061785,21570.44,X,11071.66,21462.89,INACTIVE,Operator_107
COMM05369,SATCOM_05369,63.322973,80.504475,3571.52,C,22689.71,9893.46,ACTIVE,Operator_104
COMM05370,SATCOM_05370,-13.030756,-131.126899,33489.89,S,2915.74,29150.17,INACTIVE,Operator_238
COMM05371,SATCOM_05371,-62.624351,-17.622797,5189.35,X,14213.72,6845.49,MAINTENANCE,Operator_70
COMM05372,SATCOM_05372,-9.715606,-134.93154,9933.15,L,13424.01,10913.63,INACTIVE,Operator_143
COMM05373,SATCOM_05373,33.742229,114.462273,35536.38,L,7306.04,6302.44,ACTIVE,Operator_118
COMM05374,SATCOM_05374,62.733248,4.238211,15826.32,S,20342.31,17435.12,ACTIVE,Operator_23
COMM05375,SATCOM_05375,66.134255,-153.986491,27551.38,Ku,29465.51,23281.13,MAINTENANCE,Operator_163
COMM05376,SATCOM_05376,73.273056,-52.49196,6321.63,L,10222.47,27494.05,MAINTENANCE,Operator_142
COMM05377,SATCOM_05377,69.679509,-10.850249,24790.71,Ka,19495.08,20213.76,INACTIVE,Operator_14
COMM05378,SATCOM_05378,88.042441,-19.21096,13820.44,C,6146.78,5387.6,INACTIVE,Operator_128
COMM05379,SATCOM_05379,-64.075841,-69.506107,28701.17,L,6747.43,13362.0,MAINTENANCE,Operator_187
COMM05380,SATCOM_05380,30.50185,-69.036072,2627.89,Ku,11503.63,6222.23,ACTIVE,Operator_213
COMM05381,SATCOM_05381,44.090486,85.764661,31793.95,X,28220.23,2407.15,MAINTENANCE,Operator_23
COMM05382,SATCOM_05382,-26.394388,53.790987,12253.49,S,2721.46,24740.65,MAINTENANCE,Operator_38
COMM05383,SATCOM_05383,13.315588,178.007193,15043.74,Ka,26681.78,18796.88,ACTIVE,Operator_134
COMM05384,SATCOM_05384,-42.990474,-78.142226,33792.81,L,14707.18,4876.15,ACTIVE,Operator_7
COMM05385,SATCOM_05385,49.304933,-62.662703,2007.59,L,10694.67,17232.73,ACTIVE,Operator_88
COMM05386,SATCOM_05386,41.860675,-104.509091,31235.47,Ka,1881.07,18620.13,ACTIVE,Operator_112
COMM05387,SATCOM_05387,41.950696,-82.674313,14817.62,C,22955.65,20701.11,INACTIVE,Operator_45
COMM05388,SATCOM_05388,88.987449,-123.418403,32760.45,Ka,6812.47,27954.04,INACTIVE,Operator_53
COMM05389,SATCOM_05389,-83.694517,101.250273,10330.0,X,5145.49,25327.44,MAINTENANCE,Operator_97
COMM05390,SATCOM_05390,-36.903146,-94.223489,33980.07,C,16688.0,1606.69,ACTIVE,Operator_72
COMM05391,SATCOM_05391,25.578479,70.288723,6091.31,Ku,22467.73,6577.07,MAINTENANCE,Operator_141
COMM05392,SATCOM_05392,-59.389762,137.055293,4446.06,S,28820.59,20329.89,MAINTENANCE,Operator_10
COMM05393,SATCOM_05393,-31.504892,21.299221,33196.81,C,5828.1,19427.2,INACTIVE,Operator_247
COMM05394,SATCOM_05394,84.046463,120.188063,35376.17,Ku,2868.48,25109.76,ACTIVE,Operator_6
COMM05395,SATCOM_05395,47.326,-37.687048,15223.7,C,20315.79,27807.37,ACTIVE,Operator_34
COMM05396,SATCOM_05396,-30.501412,-174.891122,29836.19,L,5501.54,18214.99,ACTIVE,Operator_50
COMM05397,SATCOM_05397,17.70004,-150.066072,30872.99,C,14951.23,9003.88,INACTIVE,Operator_74
COMM05398,SATCOM_05398,45.498396,68.588377,32016.33,C,8651.53,21659.51,INACTIVE,Operator_247
COMM05399,SATCOM_05399,-42.604647,-137.289341,11893.67,C,14282.11,21162.13,ACTIVE,Operator_20
COMM05400,SATCOM_05400,63.669387,-123.737229,21006.92,Ku,14490.12,10852.4,ACTIVE,Operator_41
COMM05401,SATCOM_05401,12.580158,-127.141216,31032.46,C,22135.12,25808.51,INACTIVE,Operator_165
COMM05402,SATCOM_05402,-79.586881,-119.266368,25884.69,C,13696.2,3834.71,MAINTENANCE,Operator_231
COMM05403,SATCOM_05403,-62.723826,116.162682,9364.29,Ku,23841.86,11655.58,MAINTENANCE,Operator_134
COMM05404,SATCOM_05404,-85.904409,-145.111921,15649.02,C,21191.54,12763.99,MAINTENANCE,Operator_213
COMM05405,SATCOM_05405,-21.941736,-89.607573,8259.62,C,5553.85,7954.19,ACTIVE,Operator_216
COMM05406,SATCOM_05406,-12.2618,159.546605,1193.31,X,2666.37,16232.27,INACTIVE,Operator_7
COMM05407,SATCOM_05407,27.155922,36.171815,16254.76,Ka,6979.32,10955.87,MAINTENANCE,Operator_140
COMM05408,SATCOM_05408,-29.660718,-155.123703,9034.31,C,10206.55,16710.69,INACTIVE,Operator_97
COMM05409,SATCOM_05409,22.735473,-52.399645,1631.7,X,14930.35,26588.05,INACTIVE,Operator_184
COMM05410,SATCOM_05410,71.189543,83.344928,10665.14,S,26654.88,24019.75,INACTIVE,Operator_117
COMM05411,SATCOM_05411,-47.630744,176.450554,17657.94,L,24110.87,27033.6,INACTIVE,Operator_146
COMM05412,SATCOM_05412,61.054219,-6.909489,5737.07,Ku,16730.65,3573.68,MAINTENANCE,Operator_4
COMM05413,SATCOM_05413,61.457651,125.89225,22504.3,Ka,24344.57,6001.07,MAINTENANCE,Operator_209
COMM05414,SATCOM_05414,-5.183449,-157.787094,29331.55,L,18580.88,25137.64,ACTIVE,Operator_88
COMM05415,SATCOM_05415,22.98701,110.48769,10368.5,L,19604.65,13422.02,INACTIVE,Operator_157
COMM05416,SATCOM_05416,74.603133,154.780884,32995.14,L,6949.59,24159.26,INACTIVE,Operator_161
COMM05417,SATCOM_05417,16.46041,101.388921,13230.35,L,9956.0,18094.14,MAINTENANCE,Operator_142
COMM05418,SATCOM_05418,9.28857,59.132914,3420.6,X,17975.85,29885.57,MAINTENANCE,Operator_53
COMM05419,SATCOM_05419,-85.931002,-110.539557,11424.61,L,15482.1,2464.58,INACTIVE,Operator_54
COMM05420,SATCOM_05420,-16.087895,-42.397009,10008.07,Ku,17160.41,12527.28,INACTIVE,Operator_248
COMM05421,SATCOM_05421,26.476121,42.770046,26155.43,Ku,4613.84,3705.58,INACTIVE,Operator_226
COMM05422,SATCOM_05422,-77.604058,125.889273,22572.38,C,25863.35,16110.06,MAINTENANCE,Operator_129
COMM05423,SATCOM_05423,26.360878,137.876633,3554.79,L,7386.22,6122.68,MAINTENANCE,Operator_207
COMM05424,SATCOM_05424,69.747155,-28.305663,222.81,L,7183.0,5564.04,INACTIVE,Operator_180
COMM05425,SATCOM_05425,-51.179205,74.442283,28840.54,X,23212.68,3691.45,INACTIVE,Operator_221
COMM05426,SATCOM_05426,-6.632231,-132.95822,34359.34,L,17617.69,6574.11,INACTIVE,Operator_32
COMM05427,SATCOM_05427,63.146758,-91.78118,26992.39,Ku,9133.69,26627.17,ACTIVE,Operator_81
COMM05428,SATCOM_05428,83.453827,-160.341339,14197.62,S,23427.07,6390.63,ACTIVE,Operator_193
COMM05429,SATCOM_05429,36.431461,37.074406,8540.28,S,13033.79,11586.82,ACTIVE,Operator_63
COMM05430,SATCOM_05430,-3.934779,90.053002,25062.31,C,13524.52,7136.97,MAINTENANCE,Operator_83
COMM05431,SATCOM_05431,43.805444,-137.843948,35818.3,Ka,22956.02,17140.62,ACTIVE,Operator_163
COMM05432,SATCOM_05432,83.219768,32.197179,14780.71,S,21113.24,9660.81,INACTIVE,Operator_36
COMM05433,SATCOM_05433,85.361551,93.615783,30240.43,C,16406.92,18284.51,INACTIVE,Operator_4
COMM05434,SATCOM_05434,-82.472989,-74.979194,1327.9,S,21193.88,16808.21,MAINTENANCE,Operator_58
COMM05435,SATCOM_05435,26.079623,-90.016655,9602.63,X,23670.04,7846.8,MAINTENANCE,Operator_41
COMM05436,SATCOM_05436,-80.644175,117.175548,18207.83,L,14143.67,11751.82,ACTIVE,Operator_108
COMM05437,SATCOM_05437,-65.471443,-79.085047,29830.49,C,7228.18,18309.32,ACTIVE,Operator_175
COMM05438,SATCOM_05438,31.124692,-164.417542,33672.46,Ku,15451.89,20902.4,MAINTENANCE,Operator_23
COMM05439,SATCOM_05439,-5.859084,-3.393875,4129.27,S,7292.12,6695.07,ACTIVE,Operator_182
COMM05440,SATCOM_05440,-85.351404,69.241079,25022.28,Ku,28290.32,5809.3,INACTIVE,Operator_36
COMM05441,SATCOM_05441,-24.644048,134.751166,20491.14,S,11090.32,7692.42,MAINTENANCE,Operator_246
COMM05442,SATCOM_05442,-19.406518,-119.75394,3078.08,X,16075.29,24556.94,MAINTENANCE,Operator_208
COMM05443,SATCOM_05443,35.664291,-18.64943,31127.59,L,12566.0,7753.38,ACTIVE,Operator_43
COMM05444,SATCOM_05444,-51.363037,131.232371,7340.82,L,13143.45,7783.84,INACTIVE,Operator_55
COMM05445,SATCOM_05445,-28.824313,164.427932,2888.44,L,4585.27,2474.87,MAINTENANCE,Operator_67
COMM05446,SATCOM_05446,34.535056,39.054942,29508.05,X,9252.13,2089.14,INACTIVE,Operator_18
COMM05447,SATCOM_05447,55.436453,23.033761,34521.87,Ka,28062.17,5504.52,MAINTENANCE,Operator_105
COMM05448,SATCOM_05448,76.094134,172.680184,35800.17,Ka,5881.27,21000.53,MAINTENANCE,Operator_138
COMM05449,SATCOM_05449,73.721895,1.228527,3989.3,C,18886.37,12329.29,MAINTENANCE,Operator_1
COMM05450,SATCOM_05450,67.68149,-131.017895,27759.76,Ka,7418.86,15249.29,ACTIVE,Operator_113
COMM05451,SATCOM_05451,5.080941,-103.867866,27499.42,X,15792.83,23152.84,INACTIVE,Operator_170
COMM05452,SATCOM_05452,27.145843,-77.922564,29718.54,Ka,7867.95,29586.21,ACTIVE,Operator_117
COMM05453,SATCOM_05453,47.533148,170.33672,21332.74,Ka,28508.71,23615.97,MAINTENANCE,Operator_201
COMM05454,SATCOM_05454,75.899241,-178.085658,15755.97,X,27379.41,14743.67,INACTIVE,Operator_179
COMM05455,SATCOM_05455,-15.925058,85.418245,22432.65,Ka,11341.47,12150.26,ACTIVE,Operator_223
COMM05456,SATCOM_05456,2.85023,178.94868,23218.24,S,4197.34,28034.19,INACTIVE,Operator_194
COMM05457,SATCOM_05457,-33.850531,-0.219457,34129.55,X,13578.86,4403.91,ACTIVE,Operator_162
COMM05458,SATCOM_05458,-3.212218,25.266799,10048.23,X,4129.8,8728.03,ACTIVE,Operator_186
COMM05459,SATCOM_05459,18.332901,149.308708,23737.76,L,2529.8,23036.25,MAINTENANCE,Operator_1
COMM05460,SATCOM_05460,32.392551,-132.092416,6592.46,X,3601.29,27420.53,MAINTENANCE,Operator_62
COMM05461,SATCOM_05461,-81.869401,-81.279227,3857.09,L,9873.75,2811.39,ACTIVE,Operator_81
COMM05462,SATCOM_05462,-27.130457,1.725966,33729.9,L,24015.49,14723.94,ACTIVE,Operator_6
COMM05463,SATCOM_05463,-28.445325,-76.635615,32514.48,Ka,18209.9,26950.11,ACTIVE,Operator_201
COMM05464,SATCOM_05464,7.009664,-27.527415,28075.99,C,26149.72,3010.54,ACTIVE,Operator_62
COMM05465,SATCOM_05465,-22.822135,170.826832,22905.77,Ku,25357.87,3270.53,ACTIVE,Operator_93
COMM05466,SATCOM_05466,74.297696,88.744864,22946.66,S,27786.52,5198.64,ACTIVE,Operator_153
COMM05467,SATCOM_05467,13.926008,-67.791412,22585.86,Ku,18776.88,8390.73,INACTIVE,Operator_84
COMM05468,SATCOM_05468,-38.232961,179.61094,5558.99,L,6387.18,8883.05,ACTIVE,Operator_74
COMM05469,SATCOM_05469,8.036831,143.805991,4477.37,C,26034.29,4489.69,INACTIVE,Operator_162
COMM05470,SATCOM_05470,-51.171224,-95.351947,23918.87,X,14723.02,13471.25,MAINTENANCE,Operator_66
COMM05471,SATCOM_05471,-17.829193,-174.783556,25095.44,Ku,11287.32,6590.46,INACTIVE,Operator_56
COMM05472,SATCOM_05472,-81.135859,129.254141,8988.19,Ku,19914.29,14889.58,MAINTENANCE,Operator_55
COMM05473,SATCOM_05473,-36.147284,-115.393599,19044.05,Ka,29835.01,26596.49,MAINTENANCE,Operator_68
COMM05474,SATCOM_05474,-65.911748,-148.299714,23129.27,Ka,13767.29,5941.8,ACTIVE,Operator_34
COMM05475,SATCOM_05475,-6.675925,-90.581552,12208.74,Ku,6739.53,12538.13,INACTIVE,Operator_84
COMM05476,SATCOM_05476,40.639894,47.646112,26358.39,S,5463.63,19342.29,MAINTENANCE,Operator_142
COMM05477,SATCOM_05477,-27.307005,-154.084058,25267.02,L,13496.04,18891.82,MAINTENANCE,Operator_4
COMM05478,SATCOM_05478,14.21114,177.850909,12986.88,S,20233.62,27391.43,MAINTENANCE,Operator_171
COMM05479,SATCOM_05479,22.12225,-125.773537,35648.74,Ka,4478.79,13924.23,INACTIVE,Operator_59
COMM05480,SATCOM_05480,-13.859173,124.937519,19766.4,C,26177.56,12893.0,INACTIVE,Operator_87
COMM05481,SATCOM_05481,56.288269,126.269171,23810.9,L,18898.75,16994.34,ACTIVE,Operator_24
COMM05482,SATCOM_05482,85.055829,-85.253054,31931.0,C,19284.0,1162.77,INACTIVE,Operator_210
COMM05483,SATCOM_05483,84.236631,-141.747029,2596.21,L,6675.35,7237.82,MAINTENANCE,Operator_160
COMM05484,SATCOM_05484,46.049026,-16.050192,10093.15,Ku,12740.34,6250.62,INACTIVE,Operator_1
COMM05485,SATCOM_05485,-36.887672,135.677128,23007.13,Ka,1537.94,6976.02,ACTIVE,Operator_9
COMM05486,SATCOM_05486,79.432418,-92.799954,5822.04,L,14487.11,17117.25,INACTIVE,Operator_19
COMM05487,SATCOM_05487,-62.077933,84.39585,2432.33,C,20894.89,13031.34,INACTIVE,Operator_235
COMM05488,SATCOM_05488,30.234615,134.41751,14413.61,Ku,26790.88,22740.61,ACTIVE,Operator_157
COMM05489,SATCOM_05489,9.746514,-177.334397,35984.65,Ka,8761.64,22809.9,ACTIVE,Operator_15
COMM05490,SATCOM_05490,-35.993438,96.558492,5031.19,L,12240.9,17933.14,ACTIVE,Operator_91
COMM05491,SATCOM_05491,87.879024,-140.470566,21185.87,L,20323.17,27501.04,INACTIVE,Operator_112
COMM05492,SATCOM_05492,-36.454653,15.540046,9559.1,X,8580.72,25443.64,ACTIVE,Operator_123
COMM05493,SATCOM_05493,-42.810389,-178.595547,22548.13,Ku,6039.88,21668.26,ACTIVE,Operator_91
COMM05494,SATCOM_05494,42.936558,-28.708119,20675.84,C,27303.43,1012.06,ACTIVE,Operator_1
COMM05495,SATCOM_05495,84.558247,179.266347,29068.45,C,2686.15,4097.04,INACTIVE,Operator_88
COMM05496,SATCOM_05496,-47.670426,106.583135,13191.81,X,11067.04,6815.88,MAINTENANCE,Operator_56
COMM05497,SATCOM_05497,65.05346,-127.435779,30054.78,C,26153.05,22061.97,ACTIVE,Operator_123
COMM05498,SATCOM_05498,-45.569962,-92.426906,3913.16,L,24397.54,15341.14,ACTIVE,Operator_75
COMM05499,SATCOM_05499,55.800436,107.647017,12364.65,C,11197.96,27912.52,INACTIVE,Operator_81
COMM05500,SATCOM_05500,-78.725467,-43.287523,18779.9,S,24962.65,7606.76,INACTIVE,Operator_174
COMM05501,SATCOM_05501,31.61226,98.920532,14699.69,L,14580.65,23202.43,ACTIVE,Operator_108
COMM05502,SATCOM_05502,-50.502804,53.813696,15139.96,S,7649.81,24461.81,INACTIVE,Operator_188
COMM05503,SATCOM_05503,39.080681,171.355475,29828.27,Ka,3034.61,6156.24,INACTIVE,Operator_17
COMM05504,SATCOM_05504,-52.33558,-147.881708,8672.46,X,3600.41,28984.21,ACTIVE,Operator_225
COMM05505,SATCOM_05505,-17.845329,-178.707412,20472.49,X,24402.78,28364.58,INACTIVE,Operator_121
COMM05506,SATCOM_05506,-62.534841,-4.091882,12593.18,Ku,18311.9,23296.53,ACTIVE,Operator_82
COMM05507,SATCOM_05507,12.183268,-134.229714,7281.6,L,16509.87,14134.96,ACTIVE,Operator_89
COMM05508,SATCOM_05508,25.475228,150.86251,30233.9,C,23245.64,27316.05,ACTIVE,Operator_106
COMM05509,SATCOM_05509,-4.969753,175.61079,27721.2,L,4252.11,7410.32,ACTIVE,Operator_43
COMM05510,SATCOM_05510,17.20926,5.462133,22554.82,L,13463.71,3526.05,INACTIVE,Operator_68
COMM05511,SATCOM_05511,-69.043072,-179.431197,22485.45,Ku,24811.75,19565.57,MAINTENANCE,Operator_56
COMM05512,SATCOM_05512,70.78148,147.246125,30916.8,L,26939.05,23686.96,ACTIVE,Operator_49
COMM05513,SATCOM_05513,-6.552068,-59.723219,32520.28,C,19921.48,2954.1,MAINTENANCE,Operator_73
COMM05514,SATCOM_05514,21.148101,-121.439773,3548.77,C,3935.02,13443.89,ACTIVE,Operator_75
COMM05515,SATCOM_05515,13.137289,-112.861979,33169.74,L,9298.51,23844.92,ACTIVE,Operator_113
COMM05516,SATCOM_05516,62.128766,-25.103727,27273.0,L,15817.89,6358.61,INACTIVE,Operator_109
COMM05517,SATCOM_05517,71.423831,-23.325664,11988.15,C,16386.57,5526.07,ACTIVE,Operator_131
COMM05518,SATCOM_05518,16.090709,109.456078,31079.98,Ku,5544.14,13878.8,INACTIVE,Operator_87
COMM05519,SATCOM_05519,-21.851068,-147.512965,18365.77,C,7434.34,7356.61,MAINTENANCE,Operator_125
COMM05520,SATCOM_05520,-22.382175,78.559813,28193.79,L,9859.52,16356.04,ACTIVE,Operator_111
COMM05521,SATCOM_05521,-72.908005,-15.364643,2044.92,X,8599.38,14174.45,ACTIVE,Operator_221
COMM05522,SATCOM_05522,49.630283,-97.300524,31101.71,Ku,16831.04,15662.03,INACTIVE,Operator_130
COMM05523,SATCOM_05523,-55.08977,14.088059,34474.71,X,27906.06,1701.79,ACTIVE,Operator_193
COMM05524,SATCOM_05524,54.021654,-128.794556,13899.24,X,23646.56,3361.63,MAINTENANCE,Operator_249
COMM05525,SATCOM_05525,16.763207,-51.265417,29935.85,C,19957.36,2698.5,MAINTENANCE,Operator_20
COMM05526,SATCOM_05526,46.638875,49.31543,32994.33,Ku,10480.97,24209.7,INACTIVE,Operator_136
COMM05527,SATCOM_05527,15.543653,-29.574457,34213.06,S,28311.85,13961.93,MAINTENANCE,Operator_66
COMM05528,SATCOM_05528,78.424431,29.317633,11959.11,C,2731.64,7128.81,MAINTENANCE,Operator_30
COMM05529,SATCOM_05529,18.254777,21.997821,22961.34,X,27409.99,14798.96,ACTIVE,Operator_164
COMM05530,SATCOM_05530,-81.293094,-41.659251,15044.66,C,1820.22,2954.99,INACTIVE,Operator_204
COMM05531,SATCOM_05531,-20.829771,92.758754,25967.92,S,6227.38,3038.13,INACTIVE,Operator_240
COMM05532,SATCOM_05532,74.610737,-16.839726,2921.58,L,19357.18,21890.77,INACTIVE,Operator_11
COMM05533,SATCOM_05533,86.642574,-46.168477,28839.31,X,8107.76,7582.54,ACTIVE,Operator_138
COMM05534,SATCOM_05534,-11.842536,74.137971,25040.08,Ku,12818.24,13742.7,ACTIVE,Operator_211
COMM05535,SATCOM_05535,-62.144438,-80.161243,1522.76,Ka,29710.87,13916.69,MAINTENANCE,Operator_209
COMM05536,SATCOM_05536,-9.435784,-110.148263,29705.04,C,21259.86,27679.47,MAINTENANCE,Operator_201
COMM05537,SATCOM_05537,-38.735739,14.067132,11635.47,Ku,6002.66,22105.38,MAINTENANCE,Operator_151
COMM05538,SATCOM_05538,-0.211197,-138.717263,22579.87,Ku,4557.92,4709.62,ACTIVE,Operator_155
COMM05539,SATCOM_05539,-58.047668,-87.516166,26850.22,X,18116.61,3406.2,INACTIVE,Operator_194
COMM05540,SATCOM_05540,-78.919016,84.519989,18336.27,Ka,13244.08,13154.58,ACTIVE,Operator_28
COMM05541,SATCOM_05541,-34.643712,-8.339613,8711.19,S,1757.37,18087.9,ACTIVE,Operator_43
COMM05542,SATCOM_05542,-66.734994,148.475129,16601.03,S,1613.77,21051.27,MAINTENANCE,Operator_115
COMM05543,SATCOM_05543,-26.093705,-87.160395,14472.28,X,19508.03,2063.04,ACTIVE,Operator_160
COMM05544,SATCOM_05544,3.92411,64.311557,35192.07,Ka,17537.31,2360.3,INACTIVE,Operator_24
COMM05545,SATCOM_05545,45.414262,44.720157,14522.85,X,11149.83,15928.23,ACTIVE,Operator_161
COMM05546,SATCOM_05546,79.856941,-106.130805,6764.36,X,13513.37,23566.11,MAINTENANCE,Operator_226
COMM05547,SATCOM_05547,-43.580709,-155.255373,15269.54,Ku,19081.96,29308.5,ACTIVE,Operator_168
COMM05548,SATCOM_05548,21.189361,69.27777,33646.07,Ku,29608.48,20820.86,ACTIVE,Operator_224
COMM05549,SATCOM_05549,-63.755435,-47.722305,5594.32,Ka,25544.91,18931.75,INACTIVE,Operator_35
COMM05550,SATCOM_05550,35.239805,-26.548938,35237.63,Ku,2473.26,24062.22,ACTIVE,Operator_200
COMM05551,SATCOM_05551,-32.534079,-98.900096,31744.47,L,25083.28,3657.21,INACTIVE,Operator_70
COMM05552,SATCOM_05552,57.306478,17.039749,12062.99,C,18574.25,9806.72,INACTIVE,Operator_91
COMM05553,SATCOM_05553,31.554687,150.787422,19951.57,Ku,8971.86,5072.06,INACTIVE,Operator_113
COMM05554,SATCOM_05554,70.229954,-66.724406,21006.81,C,6105.39,19280.73,MAINTENANCE,Operator_42
COMM05555,SATCOM_05555,17.232509,60.159856,5255.97,X,9520.13,5479.41,ACTIVE,Operator_79
COMM05556,SATCOM_05556,71.295112,26.954873,14397.43,C,21157.01,19160.65,INACTIVE,Operator_90
COMM05557,SATCOM_05557,-66.438718,88.210577,14242.86,X,23860.19,2297.9,INACTIVE,Operator_77
COMM05558,SATCOM_05558,-28.518493,2.538716,22869.7,X,22175.18,6997.67,INACTIVE,Operator_105
COMM05559,SATCOM_05559,-25.478515,33.812178,8013.25,C,6931.6,18213.98,INACTIVE,Operator_87
COMM05560,SATCOM_05560,41.03787,36.564971,32479.23,X,4094.93,15937.17,INACTIVE,Operator_231
COMM05561,SATCOM_05561,-46.774369,-155.996939,4562.86,X,23660.62,26244.01,ACTIVE,Operator_224
COMM05562,SATCOM_05562,33.91855,-94.090841,5257.38,C,26657.46,8170.81,MAINTENANCE,Operator_105
COMM05563,SATCOM_05563,-4.401173,-61.982246,10870.94,L,25935.66,8990.4,ACTIVE,Operator_247
COMM05564,SATCOM_05564,59.711908,14.198598,10581.18,S,16355.6,29197.95,ACTIVE,Operator_97
COMM05565,SATCOM_05565,63.117515,-104.187976,28843.27,S,25590.72,21262.31,INACTIVE,Operator_229
COMM05566,SATCOM_05566,32.663349,-142.426351,11878.28,S,11689.73,27582.51,INACTIVE,Operator_73
COMM05567,SATCOM_05567,82.106636,-8.366354,23875.27,C,12290.26,27878.96,MAINTENANCE,Operator_32
COMM05568,SATCOM_05568,4.813123,156.983126,21165.69,X,19174.94,2488.13,INACTIVE,Operator_163
COMM05569,SATCOM_05569,38.844379,-72.800217,18173.19,Ku,22097.58,4737.67,ACTIVE,Operator_199
COMM05570,SATCOM_05570,-89.954384,146.194284,19017.38,L,4522.84,29205.64,ACTIVE,Operator_249
COMM05571,SATCOM_05571,-8.94466,-143.237093,17499.57,Ka,26901.0,14430.79,MAINTENANCE,Operator_158
COMM05572,SATCOM_05572,-86.713035,0.917376,19277.25,X,15221.91,29986.61,ACTIVE,Operator_30
COMM05573,SATCOM_05573,34.661295,-151.536313,35383.51,S,4353.33,29269.49,ACTIVE,Operator_78
COMM05574,SATCOM_05574,74.384882,-10.931702,27841.26,S,12522.11,7790.61,INACTIVE,Operator_143
COMM05575,SATCOM_05575,56.585042,-79.529654,13130.74,Ka,20585.35,18235.05,MAINTENANCE,Operator_227
COMM05576,SATCOM_05576,-34.888295,-127.510534,23289.67,X,14066.52,4283.54,MAINTENANCE,Operator_87
COMM05577,SATCOM_05577,10.059312,145.493499,17289.52,S,17167.76,27889.01,INACTIVE,Operator_238
COMM05578,SATCOM_05578,34.94881,88.891688,24830.85,C,4619.28,12201.32,INACTIVE,Operator_19
COMM05579,SATCOM_05579,74.887366,-56.214417,17837.06,X,27277.5,14649.05,INACTIVE,Operator_112
COMM05580,SATCOM_05580,-70.634243,-78.258058,21915.05,Ka,13368.45,22854.07,MAINTENANCE,Operator_190
COMM05581,SATCOM_05581,-23.023712,23.439451,28016.31,X,10235.43,24094.5,ACTIVE,Operator_187
COMM05582,SATCOM_05582,-47.516766,-105.648771,9229.51,Ku,13817.59,12182.23,MAINTENANCE,Operator_224
COMM05583,SATCOM_05583,-2.1344,46.773217,24467.05,Ku,26770.52,15172.87,INACTIVE,Operator_34
COMM05584,SATCOM_05584,-38.664469,178.390081,20362.28,C,16988.28,12095.13,MAINTENANCE,Operator_127
COMM05585,SATCOM_05585,-42.399118,100.648187,30984.57,X,27715.95,13883.9,INACTIVE,Operator_218
COMM05586,SATCOM_05586,-4.255805,-153.704145,12005.27,Ka,18559.65,4245.03,ACTIVE,Operator_196
COMM05587,SATCOM_05587,-40.937706,-7.938143,5966.96,Ka,22302.66,1219.41,MAINTENANCE,Operator_27
COMM05588,SATCOM_05588,-52.410959,82.84588,11433.68,S,7292.82,25657.57,MAINTENANCE,Operator_24
COMM05589,SATCOM_05589,-50.088502,168.569302,26646.43,Ku,6980.72,17545.12,INACTIVE,Operator_73
COMM05590,SATCOM_05590,-48.72878,-17.480725,9386.0,C,18546.84,14310.16,ACTIVE,Operator_23
COMM05591,SATCOM_05591,-73.085335,13.307436,23350.46,S,27817.87,22991.18,MAINTENANCE,Operator_149
COMM05592,SATCOM_05592,-82.716749,-159.038507,12792.98,C,1941.92,7789.69,INACTIVE,Operator_135
COMM05593,SATCOM_05593,37.734887,4.558693,34396.76,X,3345.31,18532.38,ACTIVE,Operator_248
COMM05594,SATCOM_05594,-19.505828,25.114114,26558.24,S,7601.39,21414.07,MAINTENANCE,Operator_248
COMM05595,SATCOM_05595,1.332563,65.035449,34794.7,C,18952.73,29078.01,INACTIVE,Operator_158
COMM05596,SATCOM_05596,51.219247,-156.81278,8519.11,X,23542.19,29596.24,INACTIVE,Operator_165
COMM05597,SATCOM_05597,-43.812857,86.044485,19964.98,C,6342.32,18011.35,INACTIVE,Operator_210
COMM05598,SATCOM_05598,61.170238,3.886597,4784.0,S,20463.03,27537.42,MAINTENANCE,Operator_23
COMM05599,SATCOM_05599,-11.278625,111.026627,3865.25,Ku,28171.76,7367.92,INACTIVE,Operator_151
COMM05600,SATCOM_05600,69.619748,-9.287308,5600.57,S,18826.95,15711.42,MAINTENANCE,Operator_37
COMM05601,SATCOM_05601,-46.542218,84.431424,17170.15,C,13811.82,4478.43,ACTIVE,Operator_38
COMM05602,SATCOM_05602,16.846089,-113.125918,4467.53,X,4334.7,7838.34,MAINTENANCE,Operator_110
COMM05603,SATCOM_05603,7.728152,127.610734,5884.29,L,20332.28,15609.79,INACTIVE,Operator_99
COMM05604,SATCOM_05604,-74.132944,-7.482358,5427.98,X,17552.97,21297.65,ACTIVE,Operator_10
COMM05605,SATCOM_05605,79.499139,-128.43517,29588.8,Ku,6558.79,25416.79,MAINTENANCE,Operator_75
COMM05606,SATCOM_05606,-17.010326,-114.727255,15101.47,L,8615.74,14712.56,ACTIVE,Operator_112
COMM05607,SATCOM_05607,-29.307651,32.626045,3809.21,C,15181.49,17568.32,MAINTENANCE,Operator_113
COMM05608,SATCOM_05608,41.291615,-172.873248,26420.85,S,8140.48,14978.71,INACTIVE,Operator_173
COMM05609,SATCOM_05609,64.908596,-158.304518,3285.31,X,5155.58,1585.13,ACTIVE,Operator_250
COMM05610,SATCOM_05610,-39.432772,49.58569,12242.37,L,19925.71,29656.47,INACTIVE,Operator_42
COMM05611,SATCOM_05611,15.620392,48.326415,18557.27,Ku,22192.32,11589.67,ACTIVE,Operator_128
COMM05612,SATCOM_05612,9.749156,99.718821,4379.87,Ka,3741.4,23803.47,MAINTENANCE,Operator_123
COMM05613,SATCOM_05613,-13.751799,-63.709911,26541.18,Ka,26465.61,7025.43,MAINTENANCE,Operator_49
COMM05614,SATCOM_05614,-21.405136,86.543463,23512.81,Ku,21508.88,27788.96,INACTIVE,Operator_174
COMM05615,SATCOM_05615,51.368386,-10.712854,24196.96,Ku,26374.32,1827.05,ACTIVE,Operator_69
COMM05616,SATCOM_05616,-49.591567,153.566215,2506.31,S,29294.28,4613.15,MAINTENANCE,Operator_151
COMM05617,SATCOM_05617,17.21798,35.103729,7386.67,Ka,13795.41,23065.08,INACTIVE,Operator_9
COMM05618,SATCOM_05618,-45.538199,3.578152,22568.39,Ka,1387.29,3139.33,ACTIVE,Operator_185
COMM05619,SATCOM_05619,67.981266,-169.378414,7167.02,Ku,13242.0,5180.45,ACTIVE,Operator_210
COMM05620,SATCOM_05620,-6.544878,16.70872,26370.98,C,16081.76,27309.37,MAINTENANCE,Operator_33
COMM05621,SATCOM_05621,3.030206,-132.434617,16295.51,S,14699.56,23845.71,MAINTENANCE,Operator_174
COMM05622,SATCOM_05622,60.367945,-32.283782,13878.79,C,22955.23,26744.83,MAINTENANCE,Operator_15
COMM05623,SATCOM_05623,-1.666276,-86.010983,23547.27,X,20904.67,25981.44,ACTIVE,Operator_146
COMM05624,SATCOM_05624,-76.961754,63.536589,2506.24,S,12352.49,17662.79,ACTIVE,Operator_228
COMM05625,SATCOM_05625,89.434502,113.713496,17269.26,X,20117.98,9877.28,ACTIVE,Operator_70
COMM05626,SATCOM_05626,39.442105,-97.929833,33804.2,C,24666.9,14348.02,INACTIVE,Operator_204
COMM05627,SATCOM_05627,-61.064047,13.880249,11751.23,S,5253.96,29763.6,INACTIVE,Operator_74
COMM05628,SATCOM_05628,-15.456708,-100.8039,29802.64,Ka,7285.65,7400.94,INACTIVE,Operator_19
COMM05629,SATCOM_05629,-87.351202,123.001054,34632.83,Ka,21123.49,16118.66,MAINTENANCE,Operator_195
COMM05630,SATCOM_05630,80.914293,102.852696,13791.92,X,6348.64,24339.89,ACTIVE,Operator_166
COMM05631,SATCOM_05631,11.017323,176.533284,1356.84,Ka,10064.74,29596.79,ACTIVE,Operator_12
COMM05632,SATCOM_05632,28.494699,-62.411245,16021.14,Ka,29521.3,24233.89,ACTIVE,Operator_2
COMM05633,SATCOM_05633,-56.559648,-69.016157,35882.5,S,24331.31,2278.09,ACTIVE,Operator_213
COMM05634,SATCOM_05634,-78.630008,-95.029492,1098.42,L,23963.03,29717.27,MAINTENANCE,Operator_49
COMM05635,SATCOM_05635,16.713844,-30.756259,19564.08,Ka,13711.45,9552.93,MAINTENANCE,Operator_135
COMM05636,SATCOM_05636,-35.276725,106.320077,4323.53,C,5468.19,24933.6,INACTIVE,Operator_67
COMM05637,SATCOM_05637,-14.008496,179.771865,5118.82,L,16452.75,13632.71,ACTIVE,Operator_33
COMM05638,SATCOM_05638,15.702513,99.003277,8439.23,Ku,8748.74,2830.16,ACTIVE,Operator_53
COMM05639,SATCOM_05639,-12.486397,20.050231,31860.33,Ku,17182.57,18126.67,MAINTENANCE,Operator_249
COMM05640,SATCOM_05640,24.311295,68.701734,14592.23,Ku,26044.22,19466.31,MAINTENANCE,Operator_37
COMM05641,SATCOM_05641,66.332593,2.689846,12152.08,L,4663.48,15218.68,MAINTENANCE,Operator_15
COMM05642,SATCOM_05642,38.790069,-160.821502,18273.58,Ka,28449.86,2031.9,INACTIVE,Operator_2
COMM05643,SATCOM_05643,-78.795118,-160.909824,35838.97,X,21641.34,21146.53,MAINTENANCE,Operator_91
COMM05644,SATCOM_05644,87.342871,-155.526401,22147.04,S,28651.01,10304.4,MAINTENANCE,Operator_14
COMM05645,SATCOM_05645,14.633505,-163.095366,19499.44,Ku,27772.25,25567.07,INACTIVE,Operator_97
COMM05646,SATCOM_05646,80.579192,92.414939,2852.05,Ka,7917.51,26406.05,ACTIVE,Operator_59
COMM05647,SATCOM_05647,-44.578513,56.909914,33745.15,C,7022.86,5699.15,INACTIVE,Operator_171
COMM05648,SATCOM_05648,-67.727701,-130.480821,13993.31,Ku,23340.54,7552.11,MAINTENANCE,Operator_231
COMM05649,SATCOM_05649,51.601417,-108.008358,25831.77,C,4555.44,4580.41,ACTIVE,Operator_68
COMM05650,SATCOM_05650,-77.967005,88.335675,31497.14,Ku,18484.04,8944.02,INACTIVE,Operator_225
COMM05651,SATCOM_05651,73.237083,158.53092,10852.82,S,29734.93,23437.57,MAINTENANCE,Operator_20
COMM05652,SATCOM_05652,-45.452186,49.103921,8938.69,C,7611.81,19886.45,MAINTENANCE,Operator_91
COMM05653,SATCOM_05653,-77.609104,-135.343075,12997.67,C,25315.96,17539.11,ACTIVE,Operator_172
COMM05654,SATCOM_05654,-27.039646,0.286736,18594.81,Ku,13582.19,24148.8,MAINTENANCE,Operator_44
COMM05655,SATCOM_05655,-45.896236,-105.73054,2851.53,L,21606.61,10411.7,INACTIVE,Operator_85
COMM05656,SATCOM_05656,-16.24001,115.71126,28560.32,Ku,10782.3,13925.32,INACTIVE,Operator_145
COMM05657,SATCOM_05657,67.320635,19.716819,21141.39,L,20122.24,14052.75,INACTIVE,Operator_141
COMM05658,SATCOM_05658,-27.788894,-119.309624,25656.95,Ka,19792.89,4909.51,INACTIVE,Operator_120
COMM05659,SATCOM_05659,-52.627516,-40.519733,28201.85,Ku,3790.06,3738.55,INACTIVE,Operator_53
COMM05660,SATCOM_05660,-84.460006,-132.396776,30081.97,L,22429.09,15141.15,ACTIVE,Operator_14
COMM05661,SATCOM_05661,-63.800494,40.421388,21998.71,Ka,6595.24,29252.06,ACTIVE,Operator_174
COMM05662,SATCOM_05662,65.519719,84.425304,17988.38,C,4928.32,24690.56,MAINTENANCE,Operator_82
COMM05663,SATCOM_05663,7.096684,119.77247,34570.8,S,25650.42,2077.21,MAINTENANCE,Operator_81
COMM05664,SATCOM_05664,88.578378,130.827629,7248.32,Ka,15363.68,10542.35,INACTIVE,Operator_54
COMM05665,SATCOM_05665,39.178896,16.126069,8168.08,C,7780.07,5221.99,MAINTENANCE,Operator_189
COMM05666,SATCOM_05666,85.539606,118.628727,19416.27,Ku,1889.83,13756.51,MAINTENANCE,Operator_229
COMM05667,SATCOM_05667,-31.190313,27.770936,20653.14,Ka,17659.24,8580.08,MAINTENANCE,Operator_73
COMM05668,SATCOM_05668,8.177753,-112.047409,3445.61,Ku,7100.3,4307.77,INACTIVE,Operator_63
COMM05669,SATCOM_05669,76.302618,9.471296,14990.16,Ku,13108.08,24108.42,INACTIVE,Operator_223
COMM05670,SATCOM_05670,81.202482,168.262849,13275.77,X,6123.71,2322.84,MAINTENANCE,Operator_176
COMM05671,SATCOM_05671,-8.884746,-91.980121,21346.52,C,9771.57,20881.95,MAINTENANCE,Operator_222
COMM05672,SATCOM_05672,61.705263,-41.871037,25891.19,L,8297.6,24509.46,MAINTENANCE,Operator_115
COMM05673,SATCOM_05673,82.475648,-144.53694,34891.5,Ku,13725.12,19613.32,ACTIVE,Operator_91
COMM05674,SATCOM_05674,25.65259,-38.86196,23584.36,X,13065.67,9099.72,INACTIVE,Operator_221
COMM05675,SATCOM_05675,-35.133871,-107.349003,24015.03,C,2373.98,15440.98,INACTIVE,Operator_198
COMM05676,SATCOM_05676,78.873831,-108.52594,14089.0,Ka,6212.74,5393.94,MAINTENANCE,Operator_60
COMM05677,SATCOM_05677,20.892268,-82.452465,24674.32,Ka,3434.48,6397.8,ACTIVE,Operator_11
COMM05678,SATCOM_05678,15.815341,76.150223,9021.16,Ku,2753.55,28906.05,ACTIVE,Operator_157
COMM05679,SATCOM_05679,-74.100646,-76.316083,23030.9,L,20953.85,10062.23,ACTIVE,Operator_200
COMM05680,SATCOM_05680,-49.30788,-95.998575,14024.24,X,9493.81,20381.43,INACTIVE,Operator_40
COMM05681,SATCOM_05681,-20.068111,80.973915,28312.99,Ka,12941.24,1073.0,MAINTENANCE,Operator_78
COMM05682,SATCOM_05682,3.768764,-120.564385,13522.78,X,23327.82,18701.77,MAINTENANCE,Operator_74
COMM05683,SATCOM_05683,-22.019512,-84.907133,27630.49,Ku,12194.64,15464.37,MAINTENANCE,Operator_198
COMM05684,SATCOM_05684,15.303045,77.299969,31483.89,L,29489.66,11621.61,MAINTENANCE,Operator_96
COMM05685,SATCOM_05685,31.187438,-75.166689,19575.31,Ka,4302.77,10493.32,INACTIVE,Operator_158
COMM05686,SATCOM_05686,53.46571,134.471732,20723.2,Ku,24748.91,9126.16,INACTIVE,Operator_174
COMM05687,SATCOM_05687,-10.298641,-105.586541,12968.78,L,11468.1,13913.97,ACTIVE,Operator_44
COMM05688,SATCOM_05688,-20.046226,59.25517,33517.08,S,29976.63,8526.81,MAINTENANCE,Operator_123
COMM05689,SATCOM_05689,-75.716072,-151.709851,3812.46,Ku,3177.76,18967.87,INACTIVE,Operator_55
COMM05690,SATCOM_05690,-7.708881,79.706784,34673.83,S,27656.56,14056.78,ACTIVE,Operator_243
COMM05691,SATCOM_05691,34.454359,1.900047,10671.26,Ku,15920.39,22998.91,INACTIVE,Operator_168
COMM05692,SATCOM_05692,59.39092,-82.907332,15399.28,Ka,17934.67,8571.32,INACTIVE,Operator_115
COMM05693,SATCOM_05693,56.57969,118.747107,8238.24,Ka,22359.03,8764.22,ACTIVE,Operator_70
COMM05694,SATCOM_05694,-25.182034,-144.958289,22690.82,L,10910.6,20433.38,ACTIVE,Operator_71
COMM05695,SATCOM_05695,63.946919,89.705948,14526.13,Ka,15813.57,8214.1,ACTIVE,Operator_107
COMM05696,SATCOM_05696,-34.172535,-127.832914,20401.32,S,9887.98,10194.32,INACTIVE,Operator_203
COMM05697,SATCOM_05697,-67.623474,-173.773357,19488.55,Ku,20253.93,17743.19,MAINTENANCE,Operator_210
COMM05698,SATCOM_05698,14.13773,-146.895359,22551.03,Ka,6482.98,11498.76,INACTIVE,Operator_78
COMM05699,SATCOM_05699,-28.030685,-89.826683,384.85,L,16696.1,8756.6,MAINTENANCE,Operator_119
COMM05700,SATCOM_05700,27.253239,-4.000029,2582.43,L,26667.44,22406.23,INACTIVE,Operator_153
COMM05701,SATCOM_05701,88.246324,51.984212,20297.8,C,4219.21,16869.27,INACTIVE,Operator_11
COMM05702,SATCOM_05702,81.34285,19.206453,17670.31,Ku,24481.11,24557.77,INACTIVE,Operator_177
COMM05703,SATCOM_05703,-29.949542,-75.67749,8415.91,Ku,15995.16,13290.85,ACTIVE,Operator_38
COMM05704,SATCOM_05704,68.629811,-21.576535,24799.17,Ku,15567.32,1171.67,INACTIVE,Operator_6
COMM05705,SATCOM_05705,6.126808,7.004245,12736.36,Ka,23485.27,11247.59,INACTIVE,Operator_146
COMM05706,SATCOM_05706,2.382455,35.472074,32060.58,L,7526.95,14230.64,MAINTENANCE,Operator_62
COMM05707,SATCOM_05707,-73.885886,76.048146,2840.76,Ku,20435.99,26411.48,MAINTENANCE,Operator_133
COMM05708,SATCOM_05708,-57.831301,-156.194572,34274.37,Ka,29078.14,3399.77,MAINTENANCE,Operator_152
COMM05709,SATCOM_05709,73.717522,-1.120361,20866.8,Ka,17925.18,20552.35,ACTIVE,Operator_117
COMM05710,SATCOM_05710,-3.480473,-138.231052,12006.15,Ku,28583.18,22066.01,ACTIVE,Operator_78
COMM05711,SATCOM_05711,77.793379,59.998881,3822.83,Ka,10214.97,21668.49,MAINTENANCE,Operator_129
COMM05712,SATCOM_05712,60.555239,-11.966227,14937.76,C,4869.54,24127.67,MAINTENANCE,Operator_108
COMM05713,SATCOM_05713,-66.474717,143.26142,10532.23,X,29865.99,24798.53,ACTIVE,Operator_204
COMM05714,SATCOM_05714,19.21104,156.330582,6909.26,Ku,19394.9,8952.33,ACTIVE,Operator_171
COMM05715,SATCOM_05715,49.232063,14.502183,9138.92,Ka,19518.72,22720.62,INACTIVE,Operator_232
COMM05716,SATCOM_05716,52.485781,176.510665,19414.81,C,17445.77,14282.55,ACTIVE,Operator_90
COMM05717,SATCOM_05717,51.706669,-13.44654,315.78,X,18036.25,21529.1,MAINTENANCE,Operator_237
COMM05718,SATCOM_05718,-1.134044,-84.005516,23795.12,S,6413.34,14605.08,INACTIVE,Operator_68
COMM05719,SATCOM_05719,2.242682,58.238978,5942.51,S,28295.88,22058.66,INACTIVE,Operator_201
COMM05720,SATCOM_05720,64.716527,-56.595546,32887.42,Ku,9008.44,20955.36,MAINTENANCE,Operator_177
COMM05721,SATCOM_05721,52.94716,52.921812,23684.96,S,21261.11,17483.23,MAINTENANCE,Operator_206
COMM05722,SATCOM_05722,-74.225252,-164.779149,16507.34,X,15882.03,24310.06,ACTIVE,Operator_58
COMM05723,SATCOM_05723,-69.123076,124.97401,6727.96,L,24035.38,1302.98,INACTIVE,Operator_84
COMM05724,SATCOM_05724,-41.6056,-27.979424,7803.74,C,16094.09,8001.3,ACTIVE,Operator_204
COMM05725,SATCOM_05725,-14.866285,-78.949898,26941.92,Ku,6685.47,21491.1,ACTIVE,Operator_11
COMM05726,SATCOM_05726,40.167009,96.792747,35578.43,Ku,13859.63,8359.08,INACTIVE,Operator_144
COMM05727,SATCOM_05727,-36.932788,117.325229,35159.14,C,17980.24,23993.73,MAINTENANCE,Operator_110
COMM05728,SATCOM_05728,-6.36796,-45.517361,3594.91,X,2159.99,28099.71,MAINTENANCE,Operator_38
COMM05729,SATCOM_05729,-78.435072,97.74493,22764.64,X,27381.78,29077.82,ACTIVE,Operator_105
COMM05730,SATCOM_05730,40.15907,-145.706932,31359.09,X,6654.88,4447.61,INACTIVE,Operator_2
COMM05731,SATCOM_05731,57.79183,160.737222,33162.11,S,2170.13,2679.37,MAINTENANCE,Operator_176
COMM05732,SATCOM_05732,-8.942248,-125.641571,4644.33,Ku,16887.28,28834.43,MAINTENANCE,Operator_91
COMM05733,SATCOM_05733,-13.550762,146.204114,24925.46,C,23156.3,18837.16,ACTIVE,Operator_147
COMM05734,SATCOM_05734,85.917872,94.286545,27895.47,Ku,21857.86,24450.56,INACTIVE,Operator_173
COMM05735,SATCOM_05735,56.710287,-155.150742,33860.91,Ka,25323.69,15375.23,MAINTENANCE,Operator_201
COMM05736,SATCOM_05736,-44.957608,-151.87461,12264.55,Ka,7910.64,23822.16,MAINTENANCE,Operator_165
COMM05737,SATCOM_05737,18.273479,102.759409,23191.63,Ka,29444.56,5646.15,ACTIVE,Operator_80
COMM05738,SATCOM_05738,-59.074853,8.465781,14160.94,Ku,9203.83,17566.18,MAINTENANCE,Operator_34
COMM05739,SATCOM_05739,69.095493,-18.761767,4238.86,S,14140.51,10173.21,MAINTENANCE,Operator_229
COMM05740,SATCOM_05740,-48.527558,27.531427,22521.02,X,3612.14,29727.31,INACTIVE,Operator_175
COMM05741,SATCOM_05741,-31.61432,73.995692,32138.99,L,18810.69,3947.18,INACTIVE,Operator_173
COMM05742,SATCOM_05742,-77.972586,176.997744,33648.46,Ku,16319.36,1446.82,ACTIVE,Operator_118
COMM05743,SATCOM_05743,37.745909,68.482352,11836.08,S,4544.88,17788.47,ACTIVE,Operator_82
COMM05744,SATCOM_05744,-73.145717,-133.424616,26234.58,Ka,28765.39,29659.54,MAINTENANCE,Operator_72
COMM05745,SATCOM_05745,35.8386,119.521247,29151.26,S,16240.6,18051.43,MAINTENANCE,Operator_130
COMM05746,SATCOM_05746,84.569378,-55.526383,14153.9,Ku,19545.51,23728.92,MAINTENANCE,Operator_248
COMM05747,SATCOM_05747,48.765719,-65.696668,28883.39,S,8961.88,12074.07,INACTIVE,Operator_218
COMM05748,SATCOM_05748,-70.20837,-178.871307,3498.1,Ku,7008.97,19743.3,INACTIVE,Operator_97
COMM05749,SATCOM_05749,50.635432,80.83143,16338.93,C,6490.79,27978.91,ACTIVE,Operator_162
COMM05750,SATCOM_05750,-61.511213,159.760723,14874.33,Ka,12446.06,11942.52,MAINTENANCE,Operator_212
COMM05751,SATCOM_05751,-24.544954,30.642124,525.07,X,12489.85,21628.21,INACTIVE,Operator_167
COMM05752,SATCOM_05752,21.268188,-137.698152,27548.69,X,28221.93,20180.67,INACTIVE,Operator_52
COMM05753,SATCOM_05753,-41.552689,-116.638182,31049.75,L,22909.26,24406.31,INACTIVE,Operator_76
COMM05754,SATCOM_05754,7.857616,88.398776,15214.52,C,12026.7,3061.49,INACTIVE,Operator_65
COMM05755,SATCOM_05755,-46.446575,-94.141926,2030.01,C,17755.28,26567.37,ACTIVE,Operator_181
COMM05756,SATCOM_05756,44.985855,-59.127736,6274.11,C,13056.8,27849.6,INACTIVE,Operator_170
COMM05757,SATCOM_05757,-54.366848,72.795254,31781.37,Ka,5305.43,24086.59,MAINTENANCE,Operator_215
COMM05758,SATCOM_05758,43.313213,171.014528,22349.95,S,23633.74,22838.77,INACTIVE,Operator_117
COMM05759,SATCOM_05759,-82.734385,-134.151409,17197.74,S,9908.05,28803.02,ACTIVE,Operator_52
COMM05760,SATCOM_05760,64.438927,57.671239,6908.78,Ku,24747.94,6134.74,MAINTENANCE,Operator_168
COMM05761,SATCOM_05761,50.956626,143.42716,12979.88,Ku,16363.4,8889.6,MAINTENANCE,Operator_149
COMM05762,SATCOM_05762,50.721721,-1.590748,16059.93,Ku,22007.03,16197.48,INACTIVE,Operator_61
COMM05763,SATCOM_05763,53.36906,43.401057,846.96,X,22960.01,19191.52,INACTIVE,Operator_201
COMM05764,SATCOM_05764,70.856857,128.081898,31792.35,Ka,18437.81,26778.62,INACTIVE,Operator_77
COMM05765,SATCOM_05765,-50.834271,-1.177986,19106.6,L,17763.6,10739.73,MAINTENANCE,Operator_16
COMM05766,SATCOM_05766,-84.3312,100.488701,25867.01,C,20812.63,4918.43,MAINTENANCE,Operator_55
COMM05767,SATCOM_05767,-68.933902,10.660917,15451.5,C,7880.24,23886.32,MAINTENANCE,Operator_233
COMM05768,SATCOM_05768,-80.505651,-54.489641,16666.15,Ku,13784.38,23409.15,ACTIVE,Operator_123
COMM05769,SATCOM_05769,75.02743,-19.588639,30852.62,S,24579.79,24738.09,MAINTENANCE,Operator_41
COMM05770,SATCOM_05770,29.032938,135.450866,16186.55,Ka,3497.22,20007.01,ACTIVE,Operator_199
COMM05771,SATCOM_05771,-54.6816,108.021664,25769.82,Ku,26641.45,6386.5,ACTIVE,Operator_86
COMM05772,SATCOM_05772,64.286814,-111.248528,16916.94,C,26098.92,26297.11,ACTIVE,Operator_157
COMM05773,SATCOM_05773,-65.292818,-177.11349,18758.94,L,14892.14,4262.71,INACTIVE,Operator_172
COMM05774,SATCOM_05774,-68.47687,131.464407,6293.34,L,17753.47,7690.12,ACTIVE,Operator_229
COMM05775,SATCOM_05775,-28.985045,151.042145,7787.6,Ku,9938.95,13333.11,INACTIVE,Operator_220
COMM05776,SATCOM_05776,10.585101,-18.895752,14432.05,S,29174.03,27396.41,ACTIVE,Operator_108
COMM05777,SATCOM_05777,-18.473684,29.999465,13713.41,C,17271.25,18939.43,ACTIVE,Operator_107
COMM05778,SATCOM_05778,57.374243,-35.277517,17804.83,L,24177.67,25036.83,ACTIVE,Operator_218
COMM05779,SATCOM_05779,-29.802598,179.499826,29011.54,C,27190.1,29072.45,INACTIVE,Operator_125
COMM05780,SATCOM_05780,83.356537,-75.793459,31680.71,L,26737.22,12020.14,INACTIVE,Operator_194
COMM05781,SATCOM_05781,88.079894,92.542586,21247.71,Ka,21107.97,27589.89,MAINTENANCE,Operator_39
COMM05782,SATCOM_05782,-72.440842,-174.773224,23587.48,C,12433.62,19697.95,MAINTENANCE,Operator_143
COMM05783,SATCOM_05783,-57.923099,50.518633,25769.16,Ka,5169.07,26910.9,INACTIVE,Operator_225
COMM05784,SATCOM_05784,-87.807942,29.489796,13393.49,S,12143.88,4193.59,INACTIVE,Operator_218
COMM05785,SATCOM_05785,38.847013,-138.56187,22725.61,L,9027.57,9867.12,MAINTENANCE,Operator_237
COMM05786,SATCOM_05786,-14.334707,-138.415288,1345.91,L,11094.36,9297.5,INACTIVE,Operator_10
COMM05787,SATCOM_05787,-41.731975,26.468475,28198.27,X,29563.79,9067.12,MAINTENANCE,Operator_64
COMM05788,SATCOM_05788,-10.076679,134.118249,6270.02,S,14775.84,3058.17,MAINTENANCE,Operator_44
COMM05789,SATCOM_05789,-61.233057,-32.255544,19232.15,S,12172.08,26455.22,INACTIVE,Operator_34
COMM05790,SATCOM_05790,-26.061479,-137.948969,32310.35,X,6584.1,2732.47,INACTIVE,Operator_3
COMM05791,SATCOM_05791,71.178851,-64.776351,18593.81,L,10355.11,8174.6,INACTIVE,Operator_225
COMM05792,SATCOM_05792,-1.876794,-121.498804,10671.41,C,8965.93,23185.35,MAINTENANCE,Operator_234
COMM05793,SATCOM_05793,18.155195,5.133176,16462.91,Ku,26180.2,9681.31,MAINTENANCE,Operator_140
COMM05794,SATCOM_05794,-43.15191,41.805295,14343.11,X,22670.96,7483.41,INACTIVE,Operator_157
COMM05795,SATCOM_05795,-30.111859,-62.129915,31539.71,Ka,26142.88,15595.07,MAINTENANCE,Operator_135
COMM05796,SATCOM_05796,-74.710687,-172.166522,22698.85,C,4781.77,16617.47,ACTIVE,Operator_218
COMM05797,SATCOM_05797,-48.675498,-49.008173,26503.04,C,15778.72,17395.13,INACTIVE,Operator_203
COMM05798,SATCOM_05798,53.907299,59.426657,4980.07,Ku,1172.96,21467.38,ACTIVE,Operator_172
COMM05799,SATCOM_05799,-31.897691,169.838604,18549.15,C,21538.27,10195.97,INACTIVE,Operator_224
COMM05800,SATCOM_05800,39.056642,-47.794947,9760.69,Ka,23717.83,7684.05,INACTIVE,Operator_81
COMM05801,SATCOM_05801,-49.048592,-158.786281,29902.9,C,26054.38,21620.04,INACTIVE,Operator_45
COMM05802,SATCOM_05802,70.589456,125.539492,24559.73,C,14527.02,11452.51,ACTIVE,Operator_60
COMM05803,SATCOM_05803,88.042386,122.324099,11050.09,S,22940.84,19836.5,MAINTENANCE,Operator_25
COMM05804,SATCOM_05804,-61.950143,-136.436401,30944.46,Ku,17018.06,27569.54,INACTIVE,Operator_90
COMM05805,SATCOM_05805,26.868703,-117.016921,2268.89,X,17531.15,7228.92,ACTIVE,Operator_86
COMM05806,SATCOM_05806,-0.828151,-75.080709,18810.68,X,13710.1,29880.7,INACTIVE,Operator_103
COMM05807,SATCOM_05807,7.780574,79.373097,22742.13,X,2732.99,8469.68,ACTIVE,Operator_164
COMM05808,SATCOM_05808,-45.041261,19.344496,35668.37,X,4336.43,16870.31,ACTIVE,Operator_154
COMM05809,SATCOM_05809,4.907495,-92.12445,24648.41,C,24243.16,3520.88,MAINTENANCE,Operator_19
COMM05810,SATCOM_05810,-89.018336,139.965134,26498.24,X,20415.11,13364.58,ACTIVE,Operator_113
COMM05811,SATCOM_05811,80.180894,-98.277646,33104.07,X,3857.03,15248.02,ACTIVE,Operator_71
COMM05812,SATCOM_05812,84.503531,-109.906017,7666.88,Ka,27540.69,18591.37,MAINTENANCE,Operator_118
COMM05813,SATCOM_05813,-72.914526,138.188,17290.95,Ka,10163.77,19707.38,MAINTENANCE,Operator_166
COMM05814,SATCOM_05814,53.738293,-61.694622,32347.67,C,26930.92,9104.84,MAINTENANCE,Operator_25
COMM05815,SATCOM_05815,-1.037856,-41.716909,15629.35,X,2577.22,23372.36,ACTIVE,Operator_68
COMM05816,SATCOM_05816,59.955292,176.406093,1776.94,S,24648.82,26499.93,ACTIVE,Operator_237
COMM05817,SATCOM_05817,-49.848906,-82.612743,3703.43,Ka,8283.81,27063.6,INACTIVE,Operator_187
COMM05818,SATCOM_05818,-53.804146,155.42056,19022.7,L,9038.38,17010.4,MAINTENANCE,Operator_32
COMM05819,SATCOM_05819,-13.289219,-167.837901,28115.6,L,20682.25,28994.99,MAINTENANCE,Operator_13
COMM05820,SATCOM_05820,-7.314245,97.148249,1599.95,S,14128.87,17364.63,ACTIVE,Operator_64
COMM05821,SATCOM_05821,-40.906896,131.834203,6733.26,L,9681.03,21739.04,MAINTENANCE,Operator_103
COMM05822,SATCOM_05822,88.765914,45.841814,30254.27,S,21801.66,12900.93,ACTIVE,Operator_173
COMM05823,SATCOM_05823,82.094819,127.973529,14293.66,Ku,12429.68,21988.44,ACTIVE,Operator_47
COMM05824,SATCOM_05824,34.962174,25.572458,32076.29,L,25280.5,4232.14,MAINTENANCE,Operator_169
COMM05825,SATCOM_05825,-29.904172,-164.055952,11095.52,Ku,7569.98,19298.16,MAINTENANCE,Operator_169
COMM05826,SATCOM_05826,-8.767641,-22.066758,32147.47,X,18460.96,7382.01,MAINTENANCE,Operator_132
COMM05827,SATCOM_05827,46.483847,103.810324,20983.41,X,4817.8,12143.53,ACTIVE,Operator_37
COMM05828,SATCOM_05828,80.830335,-142.931825,9159.06,X,4862.65,28547.3,INACTIVE,Operator_109
COMM05829,SATCOM_05829,39.778948,55.231006,18950.36,C,25878.15,10528.33,MAINTENANCE,Operator_179
COMM05830,SATCOM_05830,-6.666361,69.506395,29909.44,Ka,22000.76,20278.68,MAINTENANCE,Operator_49
COMM05831,SATCOM_05831,-53.098983,124.343851,10592.83,L,24608.94,1054.38,ACTIVE,Operator_171
COMM05832,SATCOM_05832,15.924001,131.956554,24594.3,Ku,29733.74,12145.34,MAINTENANCE,Operator_41
COMM05833,SATCOM_05833,2.067732,-77.206629,557.17,X,27425.93,28351.09,ACTIVE,Operator_204
COMM05834,SATCOM_05834,-42.47205,84.893266,35347.94,X,1240.47,18949.66,ACTIVE,Operator_134
COMM05835,SATCOM_05835,-46.582748,176.952087,32146.61,C,7020.81,11821.24,ACTIVE,Operator_151
COMM05836,SATCOM_05836,43.682105,-97.40374,5208.01,Ku,19947.51,7596.16,ACTIVE,Operator_44
COMM05837,SATCOM_05837,43.908933,92.354949,26123.22,Ka,20329.21,15607.89,INACTIVE,Operator_198
COMM05838,SATCOM_05838,38.061276,-95.772558,30462.8,X,22756.16,18542.88,MAINTENANCE,Operator_191
COMM05839,SATCOM_05839,-4.371985,129.680255,23777.39,C,6103.0,13966.94,ACTIVE,Operator_155
COMM05840,SATCOM_05840,-62.330953,96.493857,2369.58,X,5956.71,18483.01,ACTIVE,Operator_93
COMM05841,SATCOM_05841,-77.144694,-27.885666,25669.02,C,14482.65,17251.24,INACTIVE,Operator_147
COMM05842,SATCOM_05842,-72.157347,-178.165512,11676.0,Ku,6931.18,25481.22,INACTIVE,Operator_110
COMM05843,SATCOM_05843,36.378045,-46.358587,26990.71,Ku,16041.93,12844.5,ACTIVE,Operator_151
COMM05844,SATCOM_05844,39.949206,143.711318,28461.79,X,15362.3,13799.24,MAINTENANCE,Operator_100
COMM05845,SATCOM_05845,-76.234216,100.35454,1275.77,X,12811.84,13282.34,MAINTENANCE,Operator_187
COMM05846,SATCOM_05846,34.628837,47.73002,19202.24,C,28940.88,13340.02,INACTIVE,Operator_141
COMM05847,SATCOM_05847,-34.940813,-81.60071,14999.67,Ka,10771.1,13737.17,INACTIVE,Operator_76
COMM05848,SATCOM_05848,27.308167,-3.380124,28013.63,Ku,22774.92,11979.48,ACTIVE,Operator_130
COMM05849,SATCOM_05849,-13.693726,-98.748895,14142.6,L,1864.14,6470.7,INACTIVE,Operator_191
COMM05850,SATCOM_05850,17.402653,77.965449,33671.26,S,11046.53,29184.66,ACTIVE,Operator_201
COMM05851,SATCOM_05851,-46.24204,-26.859592,8150.96,S,13915.84,26093.13,MAINTENANCE,Operator_82
COMM05852,SATCOM_05852,36.711622,138.355578,4840.03,Ka,14231.39,11289.69,ACTIVE,Operator_157
COMM05853,SATCOM_05853,68.748505,-16.916542,22737.4,S,9148.79,24883.73,INACTIVE,Operator_166
COMM05854,SATCOM_05854,3.678775,113.797373,29535.27,Ka,13796.82,24827.62,MAINTENANCE,Operator_177
COMM05855,SATCOM_05855,14.777272,79.260904,18821.46,L,6143.15,16340.05,INACTIVE,Operator_147
COMM05856,SATCOM_05856,-54.337707,-162.416438,24474.22,L,26575.12,22295.0,ACTIVE,Operator_85
COMM05857,SATCOM_05857,-47.005633,-131.599732,12162.93,C,10961.18,16557.71,INACTIVE,Operator_167
COMM05858,SATCOM_05858,24.171558,70.888891,20025.83,S,29204.58,16033.9,ACTIVE,Operator_214
COMM05859,SATCOM_05859,15.898215,118.994767,12517.06,S,8480.84,18088.97,INACTIVE,Operator_146
COMM05860,SATCOM_05860,79.888596,-92.461013,34216.68,S,11713.85,16025.51,MAINTENANCE,Operator_112
COMM05861,SATCOM_05861,56.096844,-105.208494,33507.0,X,2926.35,12739.38,INACTIVE,Operator_219
COMM05862,SATCOM_05862,15.262049,26.597504,9112.34,C,15900.1,2796.62,INACTIVE,Operator_183
COMM05863,SATCOM_05863,63.393499,-162.37587,33460.15,Ku,13678.15,18034.93,MAINTENANCE,Operator_4
COMM05864,SATCOM_05864,8.841797,-4.251856,31850.46,Ka,10686.9,15105.52,ACTIVE,Operator_104
COMM05865,SATCOM_05865,-40.04482,114.863194,21884.26,Ka,29351.4,17024.92,ACTIVE,Operator_99
COMM05866,SATCOM_05866,30.680837,112.15378,15058.87,Ka,13494.3,16532.79,INACTIVE,Operator_95
COMM05867,SATCOM_05867,-71.59231,10.336363,35394.92,Ka,15830.17,15271.23,INACTIVE,Operator_229
COMM05868,SATCOM_05868,58.777808,39.700437,12485.41,C,16778.06,12097.21,MAINTENANCE,Operator_10
COMM05869,SATCOM_05869,39.353774,-90.062089,6253.23,S,28429.6,23773.5,ACTIVE,Operator_168
COMM05870,SATCOM_05870,-46.368751,91.639317,1817.29,X,28502.38,26336.34,ACTIVE,Operator_188
COMM05871,SATCOM_05871,58.155248,-175.596344,21563.2,L,11993.74,11662.14,INACTIVE,Operator_20
COMM05872,SATCOM_05872,63.791438,11.857162,27006.85,C,5506.87,20097.95,INACTIVE,Operator_230
COMM05873,SATCOM_05873,20.936602,73.355265,25621.21,Ku,17953.06,15282.13,ACTIVE,Operator_130
COMM05874,SATCOM_05874,-10.980153,89.772645,33741.75,Ka,12695.63,10110.69,MAINTENANCE,Operator_117
COMM05875,SATCOM_05875,19.427216,108.988855,21404.87,Ku,7878.42,4903.56,ACTIVE,Operator_211
COMM05876,SATCOM_05876,65.726556,119.018874,30483.29,C,17554.97,24420.16,ACTIVE,Operator_92
COMM05877,SATCOM_05877,-17.185909,-103.851218,29202.82,X,11082.23,19586.6,MAINTENANCE,Operator_11
COMM05878,SATCOM_05878,77.815652,-121.364617,10579.61,Ka,11158.2,11122.04,ACTIVE,Operator_91
COMM05879,SATCOM_05879,-85.679055,-89.228695,18655.8,S,16002.46,15663.59,MAINTENANCE,Operator_205
COMM05880,SATCOM_05880,-28.880454,-70.197501,27503.68,Ka,25504.88,1625.18,INACTIVE,Operator_117
COMM05881,SATCOM_05881,-24.056594,-51.666378,33973.82,L,18188.84,19327.56,INACTIVE,Operator_5
COMM05882,SATCOM_05882,56.706026,-49.671002,19378.75,C,25463.8,8533.61,INACTIVE,Operator_85
COMM05883,SATCOM_05883,-59.886453,-159.036644,31863.07,C,25667.84,21222.38,ACTIVE,Operator_63
COMM05884,SATCOM_05884,-27.790768,-18.063393,10145.3,S,2898.85,1011.5,MAINTENANCE,Operator_39
COMM05885,SATCOM_05885,-28.2833,-110.483359,4720.2,Ka,1032.56,11359.35,MAINTENANCE,Operator_193
COMM05886,SATCOM_05886,-55.519599,133.283837,22553.81,X,19108.2,15997.91,INACTIVE,Operator_105
COMM05887,SATCOM_05887,-9.92685,112.295221,30825.77,L,11072.82,6527.07,ACTIVE,Operator_227
COMM05888,SATCOM_05888,70.365348,158.499765,25459.5,S,4621.26,5216.61,ACTIVE,Operator_127
COMM05889,SATCOM_05889,-58.259349,-72.464823,4433.09,S,24725.33,13766.3,ACTIVE,Operator_11
COMM05890,SATCOM_05890,-24.357065,-46.062519,3518.16,S,5478.29,10000.38,INACTIVE,Operator_109
COMM05891,SATCOM_05891,67.370454,171.583134,31329.31,Ka,12184.78,7432.15,ACTIVE,Operator_167
COMM05892,SATCOM_05892,89.660126,140.263194,25163.15,S,2996.28,5010.56,MAINTENANCE,Operator_147
COMM05893,SATCOM_05893,26.967245,113.02998,12267.98,Ku,28915.36,14205.43,ACTIVE,Operator_13
COMM05894,SATCOM_05894,24.899506,-122.874743,31552.29,Ka,8561.33,22971.32,INACTIVE,Operator_205
COMM05895,SATCOM_05895,-84.133678,-24.485345,34977.45,Ku,23245.21,29750.88,MAINTENANCE,Operator_173
COMM05896,SATCOM_05896,11.698902,-32.078328,13268.57,Ka,4423.66,10661.01,MAINTENANCE,Operator_68
COMM05897,SATCOM_05897,-25.187783,45.570022,1304.84,L,6022.08,12562.13,INACTIVE,Operator_248
COMM05898,SATCOM_05898,-60.454807,-34.447647,948.94,Ku,21689.06,22478.62,ACTIVE,Operator_60
COMM05899,SATCOM_05899,-17.138095,23.108791,5907.63,X,26350.89,26523.75,ACTIVE,Operator_159
COMM05900,SATCOM_05900,-86.477814,26.115826,4609.03,S,24010.88,29548.95,MAINTENANCE,Operator_162
COMM05901,SATCOM_05901,-46.324321,178.0428,8188.17,Ka,19877.34,10995.29,INACTIVE,Operator_194
COMM05902,SATCOM_05902,19.449654,-45.364754,16422.45,X,6838.0,5133.79,ACTIVE,Operator_142
COMM05903,SATCOM_05903,62.917093,-116.14866,4640.05,S,7731.8,3950.59,ACTIVE,Operator_88
COMM05904,SATCOM_05904,-9.191032,-49.975849,23349.91,Ka,9061.74,15419.14,ACTIVE,Operator_130
COMM05905,SATCOM_05905,-46.643499,4.502207,22155.59,Ku,29481.8,15477.19,ACTIVE,Operator_198
COMM05906,SATCOM_05906,0.022577,-89.77497,21823.11,S,15928.81,3756.62,ACTIVE,Operator_19
COMM05907,SATCOM_05907,-83.621677,124.115446,30516.99,C,27201.59,9641.37,MAINTENANCE,Operator_114
COMM05908,SATCOM_05908,-3.643493,-19.737309,4047.52,X,18210.6,23637.08,MAINTENANCE,Operator_53
COMM05909,SATCOM_05909,40.732064,132.04636,7911.21,Ku,15079.17,24392.7,MAINTENANCE,Operator_113
COMM05910,SATCOM_05910,-44.824049,-16.449559,15468.75,Ka,26347.43,5834.33,ACTIVE,Operator_154
COMM05911,SATCOM_05911,89.214841,-83.300625,25278.6,C,9804.5,1405.77,INACTIVE,Operator_125
COMM05912,SATCOM_05912,-21.491488,113.640656,28115.85,Ku,11715.95,29207.82,ACTIVE,Operator_17
COMM05913,SATCOM_05913,75.253418,20.817365,5583.0,S,17231.62,12340.28,MAINTENANCE,Operator_227
COMM05914,SATCOM_05914,-0.534274,-162.013654,26376.48,Ka,8336.72,27673.03,ACTIVE,Operator_77
COMM05915,SATCOM_05915,-26.847952,-64.328391,23347.97,S,9182.99,25179.89,INACTIVE,Operator_147
COMM05916,SATCOM_05916,-38.394461,99.001347,15818.25,C,3812.69,2760.06,ACTIVE,Operator_25
COMM05917,SATCOM_05917,-74.176834,129.820601,16198.22,C,25351.43,24380.64,INACTIVE,Operator_110
COMM05918,SATCOM_05918,52.881998,-11.276929,11386.58,S,13597.51,14278.19,MAINTENANCE,Operator_170
COMM05919,SATCOM_05919,-35.475754,155.491247,8747.26,L,29673.13,27638.52,INACTIVE,Operator_29
COMM05920,SATCOM_05920,-50.266778,-34.531188,22457.67,Ku,25528.62,19711.88,MAINTENANCE,Operator_203
COMM05921,SATCOM_05921,-30.241931,-39.879018,31896.24,S,5117.43,24926.12,MAINTENANCE,Operator_129
COMM05922,SATCOM_05922,14.437584,-113.196402,15203.74,L,27816.92,12988.85,INACTIVE,Operator_87
COMM05923,SATCOM_05923,12.46872,144.637858,8825.76,Ku,3682.38,8637.33,ACTIVE,Operator_137
COMM05924,SATCOM_05924,-73.61342,155.842385,3740.09,Ka,4012.67,8651.41,MAINTENANCE,Operator_69
COMM05925,SATCOM_05925,31.700849,20.223869,30571.18,C,7224.42,6154.31,ACTIVE,Operator_125
COMM05926,SATCOM_05926,-80.763306,92.746188,30802.79,S,23560.34,15003.66,MAINTENANCE,Operator_139
COMM05927,SATCOM_05927,-44.167926,109.294478,9449.48,Ka,9049.15,1580.62,ACTIVE,Operator_95
COMM05928,SATCOM_05928,-28.07056,81.319076,27458.03,C,2535.24,23497.99,INACTIVE,Operator_106
COMM05929,SATCOM_05929,22.324573,-176.872668,2378.13,S,4691.43,6434.44,INACTIVE,Operator_221
COMM05930,SATCOM_05930,-7.933026,63.392118,27039.13,L,24275.15,17202.94,INACTIVE,Operator_191
COMM05931,SATCOM_05931,57.063937,-121.399552,6150.25,C,11510.07,5097.63,INACTIVE,Operator_53
COMM05932,SATCOM_05932,36.128286,-3.292193,25227.66,Ka,1810.14,4342.54,MAINTENANCE,Operator_225
COMM05933,SATCOM_05933,-31.063333,-26.201098,5649.9,Ku,3711.14,28134.31,MAINTENANCE,Operator_89
COMM05934,SATCOM_05934,3.74243,-7.00702,19076.23,L,6957.75,6634.63,MAINTENANCE,Operator_243
COMM05935,SATCOM_05935,81.746154,131.151272,4287.94,L,2985.73,1258.54,INACTIVE,Operator_100
COMM05936,SATCOM_05936,38.835361,-13.580475,5616.43,Ku,17255.04,23348.62,MAINTENANCE,Operator_214
COMM05937,SATCOM_05937,42.965921,117.647984,18226.61,C,24786.74,27587.92,MAINTENANCE,Operator_248
COMM05938,SATCOM_05938,25.406083,23.528041,4226.04,S,26067.95,15595.26,ACTIVE,Operator_187
COMM05939,SATCOM_05939,18.995597,-52.511635,7979.29,X,9284.46,24424.01,MAINTENANCE,Operator_82
COMM05940,SATCOM_05940,87.716004,-133.847001,16608.32,L,25500.56,16861.95,INACTIVE,Operator_4
COMM05941,SATCOM_05941,-78.217621,-130.421122,15000.65,Ka,15164.84,9262.79,ACTIVE,Operator_82
COMM05942,SATCOM_05942,-19.547252,-70.644653,9780.05,C,22139.25,13837.92,INACTIVE,Operator_241
COMM05943,SATCOM_05943,-25.624299,157.112395,14008.5,X,13108.27,14635.67,ACTIVE,Operator_28
COMM05944,SATCOM_05944,-54.038455,-51.046972,6720.2,L,2223.08,18410.52,INACTIVE,Operator_56
COMM05945,SATCOM_05945,-37.865742,-171.53264,20994.06,C,18284.22,7896.81,ACTIVE,Operator_74
COMM05946,SATCOM_05946,2.568228,-133.548532,4566.42,Ku,12331.05,29830.0,INACTIVE,Operator_111
COMM05947,SATCOM_05947,-48.131957,-130.66851,2011.08,Ka,2433.38,8954.67,MAINTENANCE,Operator_151
COMM05948,SATCOM_05948,9.182578,-35.277392,27788.28,S,7339.12,18890.72,INACTIVE,Operator_226
COMM05949,SATCOM_05949,-1.250245,147.522235,12152.31,X,22298.24,3935.86,ACTIVE,Operator_123
COMM05950,SATCOM_05950,-42.016389,-159.656439,10623.26,Ka,10682.95,16001.55,INACTIVE,Operator_177
COMM05951,SATCOM_05951,-23.477168,94.129137,34948.41,Ka,21753.32,2126.69,INACTIVE,Operator_7
COMM05952,SATCOM_05952,-45.940236,73.970231,19179.96,C,13398.52,23512.9,INACTIVE,Operator_47
COMM05953,SATCOM_05953,-10.254105,-20.899923,1863.17,L,20317.41,29316.28,ACTIVE,Operator_62
COMM05954,SATCOM_05954,-15.06024,86.284182,18610.26,C,2838.41,21895.47,ACTIVE,Operator_218
COMM05955,SATCOM_05955,-30.7828,34.221669,1631.91,Ku,10141.02,20051.51,INACTIVE,Operator_174
COMM05956,SATCOM_05956,49.308288,55.642262,1035.69,X,12826.87,12235.58,MAINTENANCE,Operator_103
COMM05957,SATCOM_05957,-80.805322,2.103586,1967.75,Ku,18094.64,21232.28,ACTIVE,Operator_75
COMM05958,SATCOM_05958,48.36018,95.807005,16753.79,S,29530.22,13012.39,MAINTENANCE,Operator_184
COMM05959,SATCOM_05959,-73.285618,-109.720168,27364.12,L,12273.33,1921.93,INACTIVE,Operator_30
COMM05960,SATCOM_05960,-39.555168,-75.656296,23944.05,C,25247.99,10603.66,INACTIVE,Operator_247
COMM05961,SATCOM_05961,59.910437,-144.173673,32583.68,C,16453.94,22983.46,INACTIVE,Operator_245
COMM05962,SATCOM_05962,35.53207,-153.316086,21703.33,Ka,14656.54,21559.55,INACTIVE,Operator_103
COMM05963,SATCOM_05963,76.633311,-71.830485,5942.15,L,20459.29,1420.44,INACTIVE,Operator_165
COMM05964,SATCOM_05964,-39.945493,-71.579458,15217.97,X,26424.03,13896.15,ACTIVE,Operator_218
COMM05965,SATCOM_05965,-71.572496,-61.947945,31504.94,L,25252.07,12518.33,MAINTENANCE,Operator_53
COMM05966,SATCOM_05966,-77.678785,124.485773,32672.94,C,23464.31,28226.38,MAINTENANCE,Operator_215
COMM05967,SATCOM_05967,-42.917356,165.01912,31263.95,Ka,18932.61,15994.11,MAINTENANCE,Operator_107
COMM05968,SATCOM_05968,82.748617,-129.109236,33069.04,X,6998.81,16061.74,INACTIVE,Operator_215
COMM05969,SATCOM_05969,3.721386,83.614629,35304.51,S,17772.92,17982.64,MAINTENANCE,Operator_165
COMM05970,SATCOM_05970,71.017395,80.115993,2223.19,X,25991.35,21202.87,INACTIVE,Operator_79
COMM05971,SATCOM_05971,-44.681004,-52.300157,10755.9,X,18411.06,28113.15,INACTIVE,Operator_181
COMM05972,SATCOM_05972,18.257274,-148.414791,32517.42,C,12889.62,11375.01,ACTIVE,Operator_50
COMM05973,SATCOM_05973,14.259815,-84.117935,3282.85,C,24695.51,19408.03,MAINTENANCE,Operator_237
COMM05974,SATCOM_05974,31.388851,52.689955,25820.22,L,13355.87,24634.87,MAINTENANCE,Operator_143
COMM05975,SATCOM_05975,-75.87883,-90.051721,1333.97,Ka,3149.31,5486.77,INACTIVE,Operator_15
COMM05976,SATCOM_05976,-30.960207,-136.709837,34685.27,L,14077.96,4868.3,ACTIVE,Operator_103
COMM05977,SATCOM_05977,-73.560191,34.261685,30643.58,S,12188.25,21490.76,INACTIVE,Operator_20
COMM05978,SATCOM_05978,83.916905,-64.442698,12481.31,C,23241.73,18067.91,MAINTENANCE,Operator_188
COMM05979,SATCOM_05979,-63.806409,39.42538,13420.58,L,1677.58,20120.44,INACTIVE,Operator_60
COMM05980,SATCOM_05980,39.818771,32.503089,26645.5,Ka,10274.22,21281.6,ACTIVE,Operator_65
COMM05981,SATCOM_05981,-4.035643,155.395054,28304.96,S,11112.28,9097.94,MAINTENANCE,Operator_98
COMM05982,SATCOM_05982,-55.921796,-76.562284,32142.52,C,15492.48,15468.05,ACTIVE,Operator_3
COMM05983,SATCOM_05983,55.812221,36.566231,16343.93,X,24401.26,7345.82,MAINTENANCE,Operator_47
COMM05984,SATCOM_05984,6.072705,-65.48819,8390.22,S,23392.46,12745.74,ACTIVE,Operator_193
COMM05985,SATCOM_05985,-6.82841,143.695434,18912.38,Ku,10141.56,16258.52,INACTIVE,Operator_136
COMM05986,SATCOM_05986,19.787312,-139.198324,5851.85,Ka,25181.56,22715.33,INACTIVE,Operator_172
COMM05987,SATCOM_05987,33.889591,-46.51876,20856.15,X,11681.94,16450.25,INACTIVE,Operator_131
COMM05988,SATCOM_05988,-77.166707,169.590732,14842.5,C,20068.91,17637.56,INACTIVE,Operator_132
COMM05989,SATCOM_05989,19.139405,-13.015118,8342.81,S,15090.19,17304.31,ACTIVE,Operator_196
COMM05990,SATCOM_05990,-73.297708,-115.829502,31575.83,Ka,8370.15,1990.56,ACTIVE,Operator_87
COMM05991,SATCOM_05991,-88.320448,135.716075,31048.62,S,20912.82,24146.66,ACTIVE,Operator_164
COMM05992,SATCOM_05992,-23.382803,135.718821,34294.99,C,11831.78,8879.5,ACTIVE,Operator_234
COMM05993,SATCOM_05993,-14.952019,64.201306,34403.94,S,3917.44,11740.91,ACTIVE,Operator_128
COMM05994,SATCOM_05994,-34.977449,175.090209,14413.18,L,19822.46,25928.66,ACTIVE,Operator_231
COMM05995,SATCOM_05995,59.475501,-81.997419,13306.19,X,13879.06,17183.42,MAINTENANCE,Operator_193
COMM05996,SATCOM_05996,57.974259,132.85651,18374.96,S,10271.84,17132.71,MAINTENANCE,Operator_191
COMM05997,SATCOM_05997,56.324772,2.217699,15537.36,X,9969.5,15495.23,MAINTENANCE,Operator_103
COMM05998,SATCOM_05998,-68.76864,111.627023,29509.93,S,27230.43,15340.43,INACTIVE,Operator_69
COMM05999,SATCOM_05999,-24.485307,129.376654,30612.92,L,18854.9,17203.55,MAINTENANCE,Operator_182
COMM06000,SATCOM_06000,52.18329,-118.065631,32868.74,Ka,10380.47,16920.32,INACTIVE,Operator_170
COMM06001,SATCOM_06001,87.074522,-137.143521,15931.58,L,1874.94,27696.2,INACTIVE,Operator_245
COMM06002,SATCOM_06002,-34.73161,154.998011,27934.04,X,6596.48,13418.8,INACTIVE,Operator_157
COMM06003,SATCOM_06003,12.22406,-13.257333,28559.76,Ka,20436.16,22354.83,ACTIVE,Operator_3
COMM06004,SATCOM_06004,4.290894,19.179508,34627.17,S,20430.49,13709.86,ACTIVE,Operator_121
COMM06005,SATCOM_06005,-83.16415,-76.088711,31998.06,Ku,17309.03,24559.77,MAINTENANCE,Operator_227
COMM06006,SATCOM_06006,-25.455795,122.046194,27262.48,Ka,19939.01,12756.75,MAINTENANCE,Operator_118
COMM06007,SATCOM_06007,81.241169,-155.583218,29606.97,L,8459.6,21272.1,MAINTENANCE,Operator_42
COMM06008,SATCOM_06008,-13.768032,-32.813705,7781.57,C,20893.84,18745.29,INACTIVE,Operator_81
COMM06009,SATCOM_06009,51.479492,102.271403,21660.2,S,4687.43,10806.65,ACTIVE,Operator_46
COMM06010,SATCOM_06010,-43.551376,-74.919685,3128.7,X,27915.27,1148.79,ACTIVE,Operator_201
COMM06011,SATCOM_06011,30.697676,79.348411,807.15,Ku,18768.38,4188.74,ACTIVE,Operator_95
COMM06012,SATCOM_06012,69.61491,177.103428,16633.53,Ku,23943.69,19828.91,INACTIVE,Operator_204
COMM06013,SATCOM_06013,89.924403,82.920679,21644.46,L,26647.06,23676.34,INACTIVE,Operator_238
COMM06014,SATCOM_06014,53.40967,21.914933,13589.46,Ka,6224.83,22138.94,INACTIVE,Operator_81
COMM06015,SATCOM_06015,-88.420524,40.215494,1694.93,Ku,7064.77,10548.11,ACTIVE,Operator_220
COMM06016,SATCOM_06016,-71.048194,161.458198,17467.35,L,20178.5,24777.77,MAINTENANCE,Operator_126
COMM06017,SATCOM_06017,-9.7388,-20.108797,33973.63,X,7923.89,9303.16,MAINTENANCE,Operator_176
COMM06018,SATCOM_06018,35.441695,101.598119,28688.21,Ku,27397.81,16175.55,INACTIVE,Operator_214
COMM06019,SATCOM_06019,36.127238,-95.211505,21936.6,X,15137.33,6915.51,INACTIVE,Operator_23
COMM06020,SATCOM_06020,-19.038431,3.387819,15457.65,X,5273.36,20751.99,ACTIVE,Operator_132
COMM06021,SATCOM_06021,-4.815435,-158.130765,3647.59,C,10276.09,3362.28,MAINTENANCE,Operator_222
COMM06022,SATCOM_06022,-51.207466,-161.689313,25334.75,X,3345.71,11990.15,MAINTENANCE,Operator_213
COMM06023,SATCOM_06023,17.424687,93.248261,33138.99,Ku,27384.91,25370.18,ACTIVE,Operator_48
COMM06024,SATCOM_06024,-31.009915,-161.071208,31112.84,S,20757.06,10046.69,MAINTENANCE,Operator_111
COMM06025,SATCOM_06025,-35.166357,70.104153,3345.67,S,11568.86,8987.48,INACTIVE,Operator_42
COMM06026,SATCOM_06026,7.109087,92.17874,27327.48,Ka,28679.01,12298.01,MAINTENANCE,Operator_183
COMM06027,SATCOM_06027,-17.371036,-137.917481,25081.39,X,11867.76,14153.57,ACTIVE,Operator_162
COMM06028,SATCOM_06028,72.166427,-2.695867,13873.31,Ku,26257.21,11825.27,ACTIVE,Operator_35
COMM06029,SATCOM_06029,-29.015217,-27.807346,21883.07,C,23785.91,2599.12,INACTIVE,Operator_150
COMM06030,SATCOM_06030,-40.536776,-97.037026,30536.13,C,9302.68,13234.47,MAINTENANCE,Operator_94
COMM06031,SATCOM_06031,54.975938,-136.820648,35572.43,X,1109.97,21804.18,ACTIVE,Operator_220
COMM06032,SATCOM_06032,-8.380282,10.476573,21885.28,C,4350.31,1953.53,MAINTENANCE,Operator_74
COMM06033,SATCOM_06033,83.428763,84.105444,32280.93,S,24590.18,5097.41,MAINTENANCE,Operator_125
COMM06034,SATCOM_06034,43.84722,-88.214631,30684.62,C,2165.1,5402.14,ACTIVE,Operator_18
COMM06035,SATCOM_06035,-7.740163,-75.280038,19631.0,Ku,20435.19,17341.6,MAINTENANCE,Operator_3
COMM06036,SATCOM_06036,39.238037,-66.946282,18922.14,S,15895.37,14815.89,INACTIVE,Operator_15
COMM06037,SATCOM_06037,69.0755,-130.335584,2453.2,C,8441.82,2627.07,MAINTENANCE,Operator_150
COMM06038,SATCOM_06038,-9.677219,-36.674479,28551.63,Ka,27821.54,14498.19,INACTIVE,Operator_93
COMM06039,SATCOM_06039,-71.699948,-27.007057,35839.29,L,27920.05,2827.03,ACTIVE,Operator_231
COMM06040,SATCOM_06040,-29.996742,-47.368421,4995.92,L,12657.13,11332.86,INACTIVE,Operator_8
COMM06041,SATCOM_06041,-56.585519,-152.70376,18402.9,C,26138.53,16679.09,ACTIVE,Operator_114
COMM06042,SATCOM_06042,-47.213475,-24.983845,5691.35,L,2056.13,16522.78,INACTIVE,Operator_136
COMM06043,SATCOM_06043,43.705979,52.427226,3624.46,C,6622.13,1089.56,MAINTENANCE,Operator_31
COMM06044,SATCOM_06044,13.105818,-84.718714,24759.82,L,4767.8,10716.33,ACTIVE,Operator_86
COMM06045,SATCOM_06045,28.774714,-128.08654,31237.67,L,29125.4,13003.74,MAINTENANCE,Operator_116
COMM06046,SATCOM_06046,-24.274961,-14.753051,9732.22,X,2824.35,10746.85,MAINTENANCE,Operator_147
COMM06047,SATCOM_06047,84.107418,-32.493981,29096.01,Ku,2223.07,15938.06,ACTIVE,Operator_146
COMM06048,SATCOM_06048,6.014639,89.23749,33157.38,L,24342.17,24986.77,INACTIVE,Operator_85
COMM06049,SATCOM_06049,-1.55371,159.81234,32230.32,S,11768.69,20338.65,INACTIVE,Operator_206
COMM06050,SATCOM_06050,-79.571406,166.007267,17744.67,Ka,3508.86,14303.42,MAINTENANCE,Operator_74
COMM06051,SATCOM_06051,49.138333,27.007949,26723.77,L,10783.76,12617.36,INACTIVE,Operator_246
COMM06052,SATCOM_06052,-18.337421,-151.131688,5682.49,Ka,29269.08,17605.34,MAINTENANCE,Operator_144
COMM06053,SATCOM_06053,-48.807124,149.058059,24953.61,Ku,13340.78,22387.0,INACTIVE,Operator_111
COMM06054,SATCOM_06054,6.45422,-9.951241,24569.42,L,18558.72,28441.92,INACTIVE,Operator_32
COMM06055,SATCOM_06055,75.282755,123.31097,9117.44,X,24810.66,12278.14,ACTIVE,Operator_132
COMM06056,SATCOM_06056,33.864377,-145.756177,20173.58,C,28009.86,29727.79,INACTIVE,Operator_116
COMM06057,SATCOM_06057,29.501744,-155.34481,30808.64,C,3560.43,23018.17,MAINTENANCE,Operator_104
COMM06058,SATCOM_06058,-5.618162,41.093486,28472.91,Ka,5379.88,13359.66,INACTIVE,Operator_70
COMM06059,SATCOM_06059,-29.267667,92.425683,13250.87,X,20923.67,5923.64,ACTIVE,Operator_148
COMM06060,SATCOM_06060,-62.972441,84.281632,19786.32,X,14482.08,21810.85,MAINTENANCE,Operator_22
COMM06061,SATCOM_06061,-49.635495,-43.746678,15768.32,Ka,18496.49,9188.12,MAINTENANCE,Operator_67
COMM06062,SATCOM_06062,-46.955132,32.980872,593.98,X,24374.94,18774.04,ACTIVE,Operator_183
COMM06063,SATCOM_06063,10.957508,-5.778259,12538.61,X,28122.29,27806.27,INACTIVE,Operator_127
COMM06064,SATCOM_06064,82.024522,-160.164291,24869.16,L,20616.47,18572.58,ACTIVE,Operator_12
COMM06065,SATCOM_06065,21.627959,-107.026959,18083.9,S,25868.51,5250.34,INACTIVE,Operator_182
COMM06066,SATCOM_06066,24.77523,110.564749,35275.79,Ka,24458.03,28551.21,ACTIVE,Operator_13
COMM06067,SATCOM_06067,-8.5014,-68.545791,5336.78,X,10499.82,27766.39,ACTIVE,Operator_107
COMM06068,SATCOM_06068,68.021123,-157.568543,22255.07,Ku,9933.09,25773.7,ACTIVE,Operator_225
COMM06069,SATCOM_06069,42.554254,-68.599577,1579.76,S,10075.13,20350.32,INACTIVE,Operator_121
COMM06070,SATCOM_06070,20.66129,125.239928,17804.41,X,12704.12,27515.09,INACTIVE,Operator_139
COMM06071,SATCOM_06071,-64.849264,-11.533936,12842.25,C,4844.97,9765.14,INACTIVE,Operator_209
COMM06072,SATCOM_06072,-82.303933,130.705013,11713.33,X,11872.69,15500.05,MAINTENANCE,Operator_188
COMM06073,SATCOM_06073,-87.791038,153.960961,23886.9,C,25588.4,26892.65,ACTIVE,Operator_207
COMM06074,SATCOM_06074,-34.544235,-96.94561,5518.37,S,11179.78,13222.02,MAINTENANCE,Operator_140
COMM06075,SATCOM_06075,63.212704,78.563426,31554.33,L,19019.95,18467.93,ACTIVE,Operator_8
COMM06076,SATCOM_06076,11.494763,-45.942569,12896.32,C,24491.12,24915.49,MAINTENANCE,Operator_171
COMM06077,SATCOM_06077,76.920106,-0.744432,25854.64,Ku,16161.34,14529.52,MAINTENANCE,Operator_105
COMM06078,SATCOM_06078,-55.609405,60.651475,28073.78,X,29049.24,2415.72,MAINTENANCE,Operator_94
COMM06079,SATCOM_06079,20.508532,-55.845914,8389.82,Ku,13203.03,15086.6,MAINTENANCE,Operator_175
COMM06080,SATCOM_06080,-5.284813,122.607693,14585.41,C,29622.68,25453.34,ACTIVE,Operator_211
COMM06081,SATCOM_06081,13.611242,-133.627272,2045.02,L,13034.41,11335.77,MAINTENANCE,Operator_170
COMM06082,SATCOM_06082,-60.85446,-40.023732,11661.77,L,12892.84,28678.49,ACTIVE,Operator_150
COMM06083,SATCOM_06083,41.252563,-101.553867,28508.98,Ka,27325.7,3439.72,ACTIVE,Operator_147
COMM06084,SATCOM_06084,-37.82198,101.658853,4246.45,Ka,2690.82,2553.53,INACTIVE,Operator_52
COMM06085,SATCOM_06085,19.704623,-35.527691,1169.7,S,20256.03,14537.41,INACTIVE,Operator_27
COMM06086,SATCOM_06086,-37.392807,40.600228,19068.13,C,16011.8,10284.7,MAINTENANCE,Operator_45
COMM06087,SATCOM_06087,13.943619,94.913112,2315.47,L,22086.41,29319.89,ACTIVE,Operator_172
COMM06088,SATCOM_06088,2.553761,-124.710605,5233.39,L,22890.42,11704.83,INACTIVE,Operator_90
COMM06089,SATCOM_06089,50.035268,24.029824,19144.62,Ka,19365.11,2240.99,MAINTENANCE,Operator_146
COMM06090,SATCOM_06090,59.798637,-2.321331,19220.9,C,5308.95,22732.85,INACTIVE,Operator_54
COMM06091,SATCOM_06091,-34.618899,124.114081,7533.43,C,3507.01,19886.14,ACTIVE,Operator_217
COMM06092,SATCOM_06092,-45.754927,-112.275811,8057.81,X,11240.88,17033.89,MAINTENANCE,Operator_229
COMM06093,SATCOM_06093,-7.590774,-71.813809,9371.71,X,14574.63,28824.51,INACTIVE,Operator_6
COMM06094,SATCOM_06094,-8.646736,42.673719,34451.69,Ku,10519.75,11352.22,MAINTENANCE,Operator_113
COMM06095,SATCOM_06095,-84.704882,149.117167,34501.63,C,18829.54,10321.1,ACTIVE,Operator_175
COMM06096,SATCOM_06096,-17.704285,41.362432,35526.57,L,22365.54,14263.74,ACTIVE,Operator_75
COMM06097,SATCOM_06097,59.507052,-79.591416,25317.78,Ka,13973.7,16112.63,INACTIVE,Operator_55
COMM06098,SATCOM_06098,-67.808549,-45.41355,32385.84,S,27876.14,11263.24,MAINTENANCE,Operator_128
COMM06099,SATCOM_06099,64.537778,-130.23688,20333.6,C,7426.0,25920.9,ACTIVE,Operator_95
COMM06100,SATCOM_06100,71.78032,-141.07544,21245.95,L,27844.92,18587.38,MAINTENANCE,Operator_132
COMM06101,SATCOM_06101,35.169005,141.638997,11639.0,X,12496.1,14839.03,INACTIVE,Operator_104
COMM06102,SATCOM_06102,69.896385,-138.605535,12004.14,L,28383.24,29646.96,ACTIVE,Operator_206
COMM06103,SATCOM_06103,-82.969645,-164.6669,14266.21,C,11710.12,8981.9,ACTIVE,Operator_105
COMM06104,SATCOM_06104,8.34946,-131.69121,20259.91,Ku,23994.04,29415.31,INACTIVE,Operator_205
COMM06105,SATCOM_06105,31.094886,-9.90452,24673.65,C,28283.11,19316.58,ACTIVE,Operator_228
COMM06106,SATCOM_06106,-29.363112,28.721981,6553.35,L,11562.3,12883.78,MAINTENANCE,Operator_34
COMM06107,SATCOM_06107,-65.907631,-145.677231,10877.57,L,29991.84,26968.96,INACTIVE,Operator_70
COMM06108,SATCOM_06108,-74.270157,146.914092,20571.17,L,28475.67,16264.88,MAINTENANCE,Operator_3
COMM06109,SATCOM_06109,1.170475,-146.524657,30423.35,C,18710.63,1184.11,MAINTENANCE,Operator_120
COMM06110,SATCOM_06110,-68.187215,-27.388586,12026.74,L,24352.48,12815.34,MAINTENANCE,Operator_63
COMM06111,SATCOM_06111,80.217432,117.056371,25040.49,X,11899.68,25642.25,INACTIVE,Operator_5
COMM06112,SATCOM_06112,-42.90349,8.843673,19306.48,X,27698.47,4879.84,ACTIVE,Operator_205
COMM06113,SATCOM_06113,-24.268638,131.206578,12943.58,Ku,6066.25,25981.39,ACTIVE,Operator_244
COMM06114,SATCOM_06114,84.018382,66.993681,8150.82,S,10014.08,24783.34,MAINTENANCE,Operator_245
COMM06115,SATCOM_06115,-23.229249,-101.662795,20328.78,C,16390.17,6876.15,ACTIVE,Operator_99
COMM06116,SATCOM_06116,-78.517644,5.650977,32611.61,X,18876.55,4555.53,INACTIVE,Operator_146
COMM06117,SATCOM_06117,-71.887604,66.106538,33773.52,S,29791.16,29629.43,ACTIVE,Operator_197
COMM06118,SATCOM_06118,83.477743,118.144893,21888.38,L,7772.98,29109.28,ACTIVE,Operator_133
COMM06119,SATCOM_06119,52.891334,41.558936,22309.02,L,6757.63,11483.32,MAINTENANCE,Operator_182
COMM06120,SATCOM_06120,-86.991157,-121.017294,19980.09,S,25047.56,19113.53,MAINTENANCE,Operator_159
COMM06121,SATCOM_06121,-75.198475,-103.912921,19679.99,Ku,24756.69,18757.12,INACTIVE,Operator_98
COMM06122,SATCOM_06122,-58.152461,-46.320706,12536.75,X,21575.22,16085.51,ACTIVE,Operator_66
COMM06123,SATCOM_06123,-38.924212,-66.765886,23205.43,X,14464.41,18388.99,MAINTENANCE,Operator_47
COMM06124,SATCOM_06124,-10.145818,-111.859133,30411.08,S,2140.65,21406.5,INACTIVE,Operator_133
COMM06125,SATCOM_06125,50.484367,-147.733065,14422.38,Ka,14804.93,8502.49,ACTIVE,Operator_132
COMM06126,SATCOM_06126,-5.096559,64.441145,32152.57,Ka,15856.29,23554.61,INACTIVE,Operator_64
COMM06127,SATCOM_06127,-25.987774,-97.649529,32915.62,L,14899.79,23694.0,INACTIVE,Operator_137
COMM06128,SATCOM_06128,54.928567,-159.142301,19488.87,Ku,11075.3,15400.61,MAINTENANCE,Operator_247
COMM06129,SATCOM_06129,-45.133109,-84.911823,27007.11,Ka,11501.41,1855.91,ACTIVE,Operator_103
COMM06130,SATCOM_06130,30.237428,173.936611,15067.64,L,20141.09,5733.24,ACTIVE,Operator_172
COMM06131,SATCOM_06131,-32.021149,-147.38147,26101.17,Ku,19142.22,25165.51,ACTIVE,Operator_179
COMM06132,SATCOM_06132,6.091218,151.825112,9031.57,C,21176.44,22844.78,INACTIVE,Operator_11
COMM06133,SATCOM_06133,88.965861,71.797031,26171.32,X,4665.0,11168.15,MAINTENANCE,Operator_107
COMM06134,SATCOM_06134,-47.756939,169.197907,22445.13,X,19277.69,21500.84,ACTIVE,Operator_56
COMM06135,SATCOM_06135,-25.457929,157.935468,28071.96,Ka,1593.82,8878.34,ACTIVE,Operator_222
COMM06136,SATCOM_06136,13.513316,88.801085,34265.75,Ka,10363.79,10961.44,ACTIVE,Operator_98
COMM06137,SATCOM_06137,-44.626384,64.9957,16801.26,Ku,15315.8,23762.71,INACTIVE,Operator_70
COMM06138,SATCOM_06138,21.40559,113.790403,18659.63,Ku,17950.63,8423.6,MAINTENANCE,Operator_28
COMM06139,SATCOM_06139,-30.227978,-32.126092,21994.19,L,1418.55,21903.38,MAINTENANCE,Operator_203
COMM06140,SATCOM_06140,4.865439,167.594421,25863.67,C,12645.05,29636.13,MAINTENANCE,Operator_63
COMM06141,SATCOM_06141,-89.748602,-26.192776,34217.97,X,16327.94,29705.76,MAINTENANCE,Operator_99
COMM06142,SATCOM_06142,-1.533928,122.855258,13601.12,X,17671.31,2525.86,ACTIVE,Operator_128
COMM06143,SATCOM_06143,3.951045,-57.892913,2373.11,L,27510.83,16206.44,MAINTENANCE,Operator_35
COMM06144,SATCOM_06144,83.926941,-99.372793,4118.34,C,1382.29,21886.67,INACTIVE,Operator_157
COMM06145,SATCOM_06145,57.317596,0.795169,370.26,X,21787.34,1597.03,ACTIVE,Operator_131
COMM06146,SATCOM_06146,8.756428,-68.881477,8633.73,C,21411.11,1084.83,INACTIVE,Operator_145
COMM06147,SATCOM_06147,0.691763,177.572866,31932.72,Ka,27861.98,12942.23,INACTIVE,Operator_205
COMM06148,SATCOM_06148,-42.077274,23.949168,3973.54,L,20089.42,11016.92,MAINTENANCE,Operator_232
COMM06149,SATCOM_06149,-23.600165,-167.413804,35084.6,L,15950.86,27390.38,ACTIVE,Operator_91
COMM06150,SATCOM_06150,89.314933,-53.33562,30170.9,S,14353.49,13782.39,MAINTENANCE,Operator_55
COMM06151,SATCOM_06151,-61.118088,123.831279,35628.78,L,22584.95,14070.51,ACTIVE,Operator_180
COMM06152,SATCOM_06152,17.547979,158.314178,30860.92,Ku,16884.98,23335.93,INACTIVE,Operator_46
COMM06153,SATCOM_06153,-27.052524,113.453838,30421.39,Ka,18484.99,6604.03,ACTIVE,Operator_33
COMM06154,SATCOM_06154,-22.777941,-22.017649,26805.21,C,4606.35,27988.9,MAINTENANCE,Operator_219
COMM06155,SATCOM_06155,-80.426728,-131.487568,21361.52,Ka,19163.86,29532.63,INACTIVE,Operator_154
COMM06156,SATCOM_06156,-83.224415,117.744711,14127.98,Ka,8853.68,19746.4,MAINTENANCE,Operator_166
COMM06157,SATCOM_06157,59.1752,-119.173779,13685.85,C,25696.2,6898.22,INACTIVE,Operator_190
COMM06158,SATCOM_06158,-57.500171,110.917176,18813.77,L,20864.95,12898.0,INACTIVE,Operator_6
COMM06159,SATCOM_06159,73.533241,148.674796,16369.38,Ka,6959.76,20714.97,INACTIVE,Operator_169
COMM06160,SATCOM_06160,36.734725,86.312769,770.69,C,17267.76,15687.54,ACTIVE,Operator_91
COMM06161,SATCOM_06161,-23.419277,40.817335,20355.7,L,18232.24,16606.97,MAINTENANCE,Operator_42
COMM06162,SATCOM_06162,4.961002,-33.539883,35012.84,Ka,9047.74,23670.13,MAINTENANCE,Operator_18
COMM06163,SATCOM_06163,0.866871,137.40667,6364.75,Ka,18737.03,16879.09,MAINTENANCE,Operator_241
COMM06164,SATCOM_06164,-59.537986,-31.025254,562.1,L,26314.0,13427.43,MAINTENANCE,Operator_108
COMM06165,SATCOM_06165,-11.797947,160.473015,6150.15,C,19712.55,14387.15,ACTIVE,Operator_160
COMM06166,SATCOM_06166,15.048243,139.940789,32295.57,X,8338.27,15557.76,MAINTENANCE,Operator_177
COMM06167,SATCOM_06167,55.362214,125.333303,28485.35,Ku,16870.73,7487.47,MAINTENANCE,Operator_239
COMM06168,SATCOM_06168,-55.670728,-100.922796,30396.17,C,29189.65,10481.81,INACTIVE,Operator_84
COMM06169,SATCOM_06169,76.283363,-147.641269,27112.29,L,3751.33,20027.7,MAINTENANCE,Operator_219
COMM06170,SATCOM_06170,34.343124,142.816028,5094.36,L,28769.07,25544.79,INACTIVE,Operator_172
COMM06171,SATCOM_06171,-50.398634,119.871839,34094.91,X,5613.25,8699.46,INACTIVE,Operator_175
COMM06172,SATCOM_06172,87.802413,-1.960575,17064.01,C,29236.87,23150.14,MAINTENANCE,Operator_41
COMM06173,SATCOM_06173,-18.780606,69.596102,4851.62,L,24896.78,25236.95,INACTIVE,Operator_161
COMM06174,SATCOM_06174,-49.027026,-124.431718,33758.3,S,15925.58,2643.4,ACTIVE,Operator_5
COMM06175,SATCOM_06175,-62.173998,-159.997089,12222.86,L,29921.75,18551.5,MAINTENANCE,Operator_232
COMM06176,SATCOM_06176,-73.51763,122.049217,12904.96,L,18867.43,23129.56,MAINTENANCE,Operator_239
COMM06177,SATCOM_06177,76.364927,75.139501,13847.13,Ka,19788.33,22970.86,MAINTENANCE,Operator_63
COMM06178,SATCOM_06178,-65.473896,136.631091,25584.52,S,8205.96,13069.03,MAINTENANCE,Operator_55
COMM06179,SATCOM_06179,-75.457878,-148.625338,18138.45,L,11560.97,24363.3,MAINTENANCE,Operator_121
COMM06180,SATCOM_06180,-70.633451,-24.775155,26480.75,C,21742.58,3279.58,MAINTENANCE,Operator_153
COMM06181,SATCOM_06181,-62.901592,-130.235639,14797.62,L,7402.01,17753.45,INACTIVE,Operator_70
COMM06182,SATCOM_06182,64.264485,-65.488543,7590.94,Ka,10777.63,26984.49,MAINTENANCE,Operator_36
COMM06183,SATCOM_06183,-61.201593,-0.399807,8836.07,X,2647.89,19627.56,INACTIVE,Operator_86
COMM06184,SATCOM_06184,5.002474,-97.237196,21707.58,C,24852.18,3329.73,ACTIVE,Operator_199
COMM06185,SATCOM_06185,46.678332,33.517799,2389.41,X,2807.44,17959.57,ACTIVE,Operator_191
COMM06186,SATCOM_06186,-34.62767,-131.71985,19059.32,Ka,21385.08,16401.2,INACTIVE,Operator_51
COMM06187,SATCOM_06187,67.119044,-156.674312,6180.0,Ka,10667.49,12411.85,INACTIVE,Operator_79
COMM06188,SATCOM_06188,-33.586566,121.83399,31566.05,Ku,21616.0,1544.87,INACTIVE,Operator_190
COMM06189,SATCOM_06189,-75.219977,38.838486,20767.11,L,4752.57,4959.49,INACTIVE,Operator_235
COMM06190,SATCOM_06190,50.222295,-175.604428,23169.81,C,16099.82,10393.3,INACTIVE,Operator_40
COMM06191,SATCOM_06191,45.597393,-35.472384,15827.79,Ka,25134.42,6553.64,ACTIVE,Operator_152
COMM06192,SATCOM_06192,5.889768,-108.136627,27642.16,C,25408.87,14174.76,INACTIVE,Operator_247
COMM06193,SATCOM_06193,11.687387,-159.735441,20344.27,Ku,22593.43,20384.77,MAINTENANCE,Operator_199
COMM06194,SATCOM_06194,-18.94988,105.437463,30399.85,X,14981.53,27016.04,INACTIVE,Operator_29
COMM06195,SATCOM_06195,47.899747,-117.172972,13953.88,C,27118.33,17210.49,INACTIVE,Operator_146
COMM06196,SATCOM_06196,-39.646582,173.247523,1315.73,L,18173.33,20109.22,ACTIVE,Operator_185
COMM06197,SATCOM_06197,5.552836,19.079874,10971.36,Ku,28833.39,19093.11,ACTIVE,Operator_91
COMM06198,SATCOM_06198,-42.695401,-67.462391,3587.63,S,9789.14,27460.61,MAINTENANCE,Operator_191
COMM06199,SATCOM_06199,58.834399,130.616701,1778.8,Ku,10238.3,2736.74,INACTIVE,Operator_93
COMM06200,SATCOM_06200,43.698188,31.98891,10442.68,C,3756.11,19079.23,ACTIVE,Operator_95
COMM06201,SATCOM_06201,-56.08298,-57.394165,21987.91,Ku,4059.86,13140.61,INACTIVE,Operator_179
COMM06202,SATCOM_06202,-45.335969,-81.521533,23464.84,S,3555.82,4837.11,INACTIVE,Operator_5
COMM06203,SATCOM_06203,10.13455,-161.542804,32663.54,L,3722.01,10176.04,MAINTENANCE,Operator_200
COMM06204,SATCOM_06204,32.308758,-0.24381,11190.02,S,14838.26,24071.03,MAINTENANCE,Operator_73
COMM06205,SATCOM_06205,-30.856381,121.269682,29629.16,S,6636.8,13186.56,MAINTENANCE,Operator_65
COMM06206,SATCOM_06206,-11.874692,-68.087197,9316.0,Ka,14080.59,26495.36,ACTIVE,Operator_204
COMM06207,SATCOM_06207,33.146475,-29.693499,2510.59,Ka,10884.19,9677.8,INACTIVE,Operator_175
COMM06208,SATCOM_06208,11.245502,-4.834907,20804.4,Ka,21109.35,28480.84,INACTIVE,Operator_11
COMM06209,SATCOM_06209,-44.517412,92.534007,5910.2,S,26360.45,23906.26,ACTIVE,Operator_226
COMM06210,SATCOM_06210,-72.694986,10.723611,2766.96,C,10995.56,7978.27,ACTIVE,Operator_182
COMM06211,SATCOM_06211,31.252252,16.046776,17529.78,Ka,27224.87,12718.63,ACTIVE,Operator_9
COMM06212,SATCOM_06212,-77.596154,21.334472,30994.05,X,11318.67,5589.25,INACTIVE,Operator_130
COMM06213,SATCOM_06213,12.71244,-72.308237,25659.91,Ka,27492.19,9929.08,INACTIVE,Operator_212
COMM06214,SATCOM_06214,-70.86285,-53.644842,14610.25,Ka,10880.29,9724.92,MAINTENANCE,Operator_64
COMM06215,SATCOM_06215,-43.138657,31.86171,13879.5,X,5603.74,1006.29,MAINTENANCE,Operator_120
COMM06216,SATCOM_06216,-84.422797,33.304632,27962.09,Ku,7429.57,23213.19,INACTIVE,Operator_129
COMM06217,SATCOM_06217,-18.884971,163.576982,10702.48,L,19361.48,9244.93,ACTIVE,Operator_209
COMM06218,SATCOM_06218,89.848033,-142.76684,35858.43,S,20700.94,3038.41,INACTIVE,Operator_161
COMM06219,SATCOM_06219,-66.651251,99.872708,35141.84,X,9743.06,19532.42,INACTIVE,Operator_184
COMM06220,SATCOM_06220,-50.900369,3.507977,27346.4,Ku,13563.23,29180.44,ACTIVE,Operator_81
COMM06221,SATCOM_06221,68.569293,-35.432099,25081.92,S,20766.42,23493.69,ACTIVE,Operator_241
COMM06222,SATCOM_06222,-12.533942,-119.566424,5049.79,X,27290.42,4577.47,INACTIVE,Operator_227
COMM06223,SATCOM_06223,-63.033931,-151.309274,29098.28,C,5368.95,23213.86,MAINTENANCE,Operator_52
COMM06224,SATCOM_06224,49.513434,11.109935,16027.05,X,18552.16,2735.99,MAINTENANCE,Operator_183
COMM06225,SATCOM_06225,-32.947081,-100.326773,24751.28,S,27430.18,14099.3,INACTIVE,Operator_210
COMM06226,SATCOM_06226,5.464858,40.298259,7556.3,L,22874.35,19681.04,MAINTENANCE,Operator_31
COMM06227,SATCOM_06227,-6.953719,39.514482,25936.69,X,29690.62,23311.15,INACTIVE,Operator_80
COMM06228,SATCOM_06228,5.277838,87.092283,5886.18,C,21351.48,12153.4,MAINTENANCE,Operator_55
COMM06229,SATCOM_06229,48.629511,147.24153,24997.7,C,11062.63,21573.69,INACTIVE,Operator_249
COMM06230,SATCOM_06230,-20.417946,51.999691,5139.05,L,8207.81,17722.65,MAINTENANCE,Operator_6
COMM06231,SATCOM_06231,88.824903,8.95904,19741.9,S,22244.52,26342.93,MAINTENANCE,Operator_70
COMM06232,SATCOM_06232,-3.48084,148.569539,31701.17,S,22941.71,4438.79,MAINTENANCE,Operator_179
COMM06233,SATCOM_06233,-40.055401,-153.618374,4416.95,S,20684.53,20464.89,MAINTENANCE,Operator_242
COMM06234,SATCOM_06234,-15.520848,99.141184,34930.93,Ku,26272.75,24912.02,MAINTENANCE,Operator_241
COMM06235,SATCOM_06235,-47.958708,138.375951,16428.51,L,8624.83,1679.89,ACTIVE,Operator_120
COMM06236,SATCOM_06236,-87.485081,168.260114,34775.67,S,7083.98,4487.72,MAINTENANCE,Operator_18
COMM06237,SATCOM_06237,-49.981204,3.355895,2456.58,C,28611.73,29321.38,INACTIVE,Operator_245
COMM06238,SATCOM_06238,89.551408,173.789549,3500.42,Ku,2650.93,29218.45,MAINTENANCE,Operator_36
COMM06239,SATCOM_06239,26.555257,17.85617,18309.06,L,27661.03,18844.03,ACTIVE,Operator_246
COMM06240,SATCOM_06240,-57.265214,-68.82214,29811.33,C,15385.1,12912.05,MAINTENANCE,Operator_91
COMM06241,SATCOM_06241,45.539138,88.64644,9085.04,Ka,13521.78,9828.23,INACTIVE,Operator_162
COMM06242,SATCOM_06242,-52.015988,-129.053904,26986.43,C,29041.05,4638.51,INACTIVE,Operator_58
COMM06243,SATCOM_06243,18.670338,-131.438577,650.4,S,29347.86,21416.62,ACTIVE,Operator_139
COMM06244,SATCOM_06244,-73.477984,-55.531262,15557.52,L,22660.26,23187.78,INACTIVE,Operator_27
COMM06245,SATCOM_06245,-60.059144,-32.324546,7049.91,Ku,22275.78,21246.78,MAINTENANCE,Operator_72
COMM06246,SATCOM_06246,27.401989,-129.621648,28421.57,L,9790.58,7786.83,ACTIVE,Operator_200
COMM06247,SATCOM_06247,45.21605,65.579066,21722.14,X,9468.19,23056.67,INACTIVE,Operator_163
COMM06248,SATCOM_06248,-37.281349,128.83277,20757.38,X,7970.08,15480.16,INACTIVE,Operator_165
COMM06249,SATCOM_06249,78.411761,120.678333,25310.81,X,22801.91,23400.53,ACTIVE,Operator_95
COMM06250,SATCOM_06250,-3.323394,-92.687189,18816.94,Ku,3513.98,2243.91,MAINTENANCE,Operator_213
COMM06251,SATCOM_06251,89.740647,-32.233559,12971.82,X,14621.96,11481.78,ACTIVE,Operator_213
COMM06252,SATCOM_06252,35.32884,-36.925616,2792.64,Ku,27681.49,18457.69,ACTIVE,Operator_27
COMM06253,SATCOM_06253,-28.692948,-76.764661,29314.37,C,18958.54,29819.81,MAINTENANCE,Operator_212
COMM06254,SATCOM_06254,72.117979,-124.740268,15022.91,X,11872.18,23865.49,ACTIVE,Operator_213
COMM06255,SATCOM_06255,74.277625,-93.952166,20986.11,L,2050.09,7955.94,MAINTENANCE,Operator_207
COMM06256,SATCOM_06256,76.149499,-165.054138,11064.27,S,3964.17,4277.44,INACTIVE,Operator_243
COMM06257,SATCOM_06257,-2.927926,3.781856,20055.33,L,17118.06,20835.44,ACTIVE,Operator_169
COMM06258,SATCOM_06258,-72.824721,-48.790973,11519.44,Ka,16872.75,11507.82,MAINTENANCE,Operator_92
COMM06259,SATCOM_06259,-82.591903,123.469273,28425.85,L,6691.78,2763.37,ACTIVE,Operator_124
COMM06260,SATCOM_06260,-0.867011,-26.114872,12930.66,Ka,7196.82,14820.84,ACTIVE,Operator_157
COMM06261,SATCOM_06261,-43.571749,-177.194329,33158.4,S,15320.89,9680.12,INACTIVE,Operator_169
COMM06262,SATCOM_06262,67.776716,-11.323014,33135.35,S,15076.76,28370.38,INACTIVE,Operator_219
COMM06263,SATCOM_06263,-58.22266,156.966752,2316.5,X,2779.39,9463.74,MAINTENANCE,Operator_57
COMM06264,SATCOM_06264,-2.053392,-98.17437,6146.97,S,21831.82,4590.49,MAINTENANCE,Operator_80
COMM06265,SATCOM_06265,51.744406,-130.491326,20436.98,S,4004.33,16602.85,MAINTENANCE,Operator_30
COMM06266,SATCOM_06266,-62.365749,-17.519831,33985.05,Ka,9301.43,12465.82,ACTIVE,Operator_16
COMM06267,SATCOM_06267,-20.99597,87.656955,30843.4,X,6069.94,15388.69,INACTIVE,Operator_224
COMM06268,SATCOM_06268,33.408286,78.76675,35937.85,Ku,10417.06,20804.57,INACTIVE,Operator_23
COMM06269,SATCOM_06269,71.669093,52.3939,33980.02,X,21880.97,22636.22,MAINTENANCE,Operator_48
COMM06270,SATCOM_06270,-17.931908,-150.664476,11724.6,C,19545.1,22434.34,INACTIVE,Operator_34
COMM06271,SATCOM_06271,-40.0962,95.901669,27816.86,Ka,27845.65,24461.04,MAINTENANCE,Operator_136
COMM06272,SATCOM_06272,63.740254,-102.064011,4873.43,Ku,18605.47,12056.45,ACTIVE,Operator_52
COMM06273,SATCOM_06273,-65.7171,59.041144,24575.14,S,13966.19,18418.74,INACTIVE,Operator_17
COMM06274,SATCOM_06274,-17.017723,55.671349,6797.95,L,25190.76,28178.23,INACTIVE,Operator_165
COMM06275,SATCOM_06275,-74.785872,22.412123,25237.13,S,9999.44,16787.31,INACTIVE,Operator_68
COMM06276,SATCOM_06276,-69.781316,78.281577,18765.62,X,9354.27,4334.93,MAINTENANCE,Operator_33
COMM06277,SATCOM_06277,78.509238,-106.01864,2647.53,Ka,27689.34,23510.04,MAINTENANCE,Operator_86
COMM06278,SATCOM_06278,18.988828,63.317416,6219.93,X,2367.38,4924.5,INACTIVE,Operator_43
COMM06279,SATCOM_06279,42.394053,9.460791,7861.73,Ka,12759.34,3915.02,MAINTENANCE,Operator_189
COMM06280,SATCOM_06280,-74.663987,61.217929,23096.6,Ku,29495.38,2295.42,ACTIVE,Operator_145
COMM06281,SATCOM_06281,74.983427,145.071469,7071.95,C,25390.51,17042.06,ACTIVE,Operator_104
COMM06282,SATCOM_06282,21.486659,140.420739,7284.01,X,28453.28,18612.76,MAINTENANCE,Operator_1
COMM06283,SATCOM_06283,-67.647824,-91.866925,4642.94,X,17193.92,19653.43,MAINTENANCE,Operator_62
COMM06284,SATCOM_06284,85.564845,-28.63885,3314.5,Ka,18294.29,18394.54,INACTIVE,Operator_124
COMM06285,SATCOM_06285,-45.047946,-151.023771,15031.68,S,5634.08,5427.19,INACTIVE,Operator_123
COMM06286,SATCOM_06286,25.495104,-112.699866,6287.33,Ka,23823.74,17523.21,INACTIVE,Operator_244
COMM06287,SATCOM_06287,74.737582,47.03036,22911.3,Ka,19205.95,1630.35,MAINTENANCE,Operator_164
COMM06288,SATCOM_06288,50.485998,-114.675098,35950.82,Ku,25437.33,23737.79,MAINTENANCE,Operator_38
COMM06289,SATCOM_06289,30.163664,90.380342,11721.42,L,3676.33,5301.86,MAINTENANCE,Operator_215
COMM06290,SATCOM_06290,-16.137589,80.206505,1844.61,L,28124.06,10784.75,ACTIVE,Operator_112
COMM06291,SATCOM_06291,4.665714,87.027387,26331.44,C,21055.56,17281.21,MAINTENANCE,Operator_108
COMM06292,SATCOM_06292,-29.898812,109.112596,4406.14,Ku,5045.78,14480.21,ACTIVE,Operator_193
COMM06293,SATCOM_06293,12.763854,-4.412739,26392.42,Ku,26749.49,9143.61,ACTIVE,Operator_16
COMM06294,SATCOM_06294,-3.524922,156.516497,22636.77,Ka,15089.06,20959.61,MAINTENANCE,Operator_155
COMM06295,SATCOM_06295,-18.259544,10.443367,35288.06,Ka,23918.64,8532.33,ACTIVE,Operator_101
COMM06296,SATCOM_06296,77.770343,23.009003,7590.76,X,27200.25,3019.07,INACTIVE,Operator_236
COMM06297,SATCOM_06297,23.561276,27.743265,28009.86,S,3644.6,6149.96,MAINTENANCE,Operator_141
COMM06298,SATCOM_06298,24.9263,-134.089787,29724.88,Ku,7163.76,15370.72,MAINTENANCE,Operator_161
COMM06299,SATCOM_06299,89.184711,-120.437846,22630.49,Ka,29552.88,14772.5,INACTIVE,Operator_93
COMM06300,SATCOM_06300,6.71149,78.304995,29143.84,Ku,13425.25,25407.72,INACTIVE,Operator_178
COMM06301,SATCOM_06301,31.039771,37.572551,20825.03,X,17594.1,16619.92,MAINTENANCE,Operator_25
COMM06302,SATCOM_06302,70.732749,-128.085537,14102.5,L,6724.11,1238.34,INACTIVE,Operator_228
COMM06303,SATCOM_06303,-39.118181,-95.334771,27091.84,L,5002.92,4054.05,ACTIVE,Operator_239
COMM06304,SATCOM_06304,-31.888905,6.271654,9761.09,Ku,11088.12,21120.28,INACTIVE,Operator_26
COMM06305,SATCOM_06305,-82.529952,23.309967,8844.05,S,14632.32,12226.62,MAINTENANCE,Operator_30
COMM06306,SATCOM_06306,-17.681473,70.334924,24793.47,L,24449.02,29680.4,INACTIVE,Operator_77
COMM06307,SATCOM_06307,-43.960977,-45.42727,23078.82,S,13944.1,3725.58,MAINTENANCE,Operator_239
COMM06308,SATCOM_06308,82.532423,30.930167,8141.19,Ku,11626.84,14922.89,INACTIVE,Operator_70
COMM06309,SATCOM_06309,19.799635,-3.554026,20539.36,S,11304.08,23340.12,MAINTENANCE,Operator_221
COMM06310,SATCOM_06310,4.874418,-115.409533,22300.82,L,4310.76,26930.24,MAINTENANCE,Operator_39
COMM06311,SATCOM_06311,63.679368,84.702222,16126.37,Ku,6217.32,8488.55,ACTIVE,Operator_47
COMM06312,SATCOM_06312,-36.96502,47.349994,1110.36,Ka,29797.44,16959.93,INACTIVE,Operator_178
COMM06313,SATCOM_06313,15.005691,56.331496,18058.31,S,10748.42,9471.6,INACTIVE,Operator_132
COMM06314,SATCOM_06314,-17.487622,135.699104,23639.9,S,8099.47,3184.6,ACTIVE,Operator_216
COMM06315,SATCOM_06315,30.780577,-101.541649,3373.93,Ka,11002.66,14609.27,MAINTENANCE,Operator_51
COMM06316,SATCOM_06316,54.689938,-63.641684,4693.88,L,5944.43,28664.22,INACTIVE,Operator_209
COMM06317,SATCOM_06317,52.771326,-76.85021,17367.62,X,2431.26,21122.25,MAINTENANCE,Operator_116
COMM06318,SATCOM_06318,68.263358,-67.149839,13051.84,Ka,25680.38,25676.27,MAINTENANCE,Operator_90
COMM06319,SATCOM_06319,-52.453961,-55.849014,4533.78,X,29761.66,8972.89,MAINTENANCE,Operator_5
COMM06320,SATCOM_06320,78.036599,-156.671131,22623.42,C,20062.48,14516.49,INACTIVE,Operator_194
COMM06321,SATCOM_06321,3.07263,-63.992376,13764.11,X,28635.55,25449.48,MAINTENANCE,Operator_137
COMM06322,SATCOM_06322,84.108104,-16.62422,31968.89,L,12144.57,3772.62,MAINTENANCE,Operator_25
COMM06323,SATCOM_06323,62.840984,76.742589,27394.76,Ka,2424.56,5474.36,MAINTENANCE,Operator_98
COMM06324,SATCOM_06324,-84.154994,42.758627,15156.91,Ka,8752.45,20755.48,MAINTENANCE,Operator_185
COMM06325,SATCOM_06325,54.681987,40.934403,12345.95,X,21863.17,5755.87,MAINTENANCE,Operator_24
COMM06326,SATCOM_06326,88.060296,-73.853936,24149.59,L,12252.45,2788.99,MAINTENANCE,Operator_158
COMM06327,SATCOM_06327,43.11425,85.708435,3600.95,C,8422.15,10668.64,ACTIVE,Operator_226
COMM06328,SATCOM_06328,85.500076,74.038819,32339.37,L,2599.86,24709.74,INACTIVE,Operator_97
COMM06329,SATCOM_06329,47.82108,95.446399,35856.15,S,24093.97,28198.53,MAINTENANCE,Operator_16
COMM06330,SATCOM_06330,76.179634,-141.707687,17586.52,Ka,6467.47,11573.94,INACTIVE,Operator_224
COMM06331,SATCOM_06331,71.459663,137.146946,10090.98,C,14380.31,9609.12,ACTIVE,Operator_233
COMM06332,SATCOM_06332,44.342925,-141.733738,21646.36,L,27615.04,10495.79,MAINTENANCE,Operator_110
COMM06333,SATCOM_06333,-23.12768,-121.539122,3761.89,Ka,6257.46,4677.18,MAINTENANCE,Operator_97
COMM06334,SATCOM_06334,-27.060995,174.435217,16812.04,Ka,15127.08,8872.11,INACTIVE,Operator_203
COMM06335,SATCOM_06335,58.0307,-106.33213,25964.74,C,28694.42,2302.63,INACTIVE,Operator_75
COMM06336,SATCOM_06336,-46.226694,22.151918,627.64,C,4247.67,17773.12,ACTIVE,Operator_133
COMM06337,SATCOM_06337,-31.778456,-28.133004,15258.26,X,10329.19,21578.8,INACTIVE,Operator_30
COMM06338,SATCOM_06338,-68.006288,74.470344,16480.46,Ku,27326.1,16407.27,MAINTENANCE,Operator_83
COMM06339,SATCOM_06339,86.854791,-168.206374,26215.4,X,5246.38,16359.19,ACTIVE,Operator_143
COMM06340,SATCOM_06340,56.984955,66.640836,6331.94,Ka,24742.32,2353.28,ACTIVE,Operator_182
COMM06341,SATCOM_06341,-88.654378,62.881685,12808.42,X,21327.88,23922.59,INACTIVE,Operator_156
COMM06342,SATCOM_06342,23.078662,44.17238,28751.57,Ku,10126.84,26042.64,ACTIVE,Operator_97
COMM06343,SATCOM_06343,7.576396,51.67872,10179.45,S,9120.1,3319.1,INACTIVE,Operator_184
COMM06344,SATCOM_06344,82.719699,136.713409,18869.62,X,1527.9,6402.52,MAINTENANCE,Operator_211
COMM06345,SATCOM_06345,-40.282145,165.259032,7189.28,S,20186.26,1829.62,ACTIVE,Operator_98
COMM06346,SATCOM_06346,40.261922,160.008777,30210.14,C,15649.89,4496.03,MAINTENANCE,Operator_210
COMM06347,SATCOM_06347,87.55014,77.841013,1716.14,Ku,19026.81,10334.5,INACTIVE,Operator_232
COMM06348,SATCOM_06348,49.164409,-87.707359,14479.86,L,2742.66,2030.6,MAINTENANCE,Operator_216
COMM06349,SATCOM_06349,-66.511286,-63.539703,18531.1,Ku,27920.9,14854.02,INACTIVE,Operator_170
COMM06350,SATCOM_06350,79.331743,57.191798,18216.08,X,14823.37,8623.66,INACTIVE,Operator_231
COMM06351,SATCOM_06351,19.961051,-75.702532,32390.24,C,27268.54,29649.95,ACTIVE,Operator_6
COMM06352,SATCOM_06352,70.677046,-62.765695,19501.97,C,10483.92,20052.8,INACTIVE,Operator_12
COMM06353,SATCOM_06353,-5.602554,-114.380331,15060.2,Ku,14208.56,13866.5,MAINTENANCE,Operator_153
COMM06354,SATCOM_06354,-45.832985,-28.201478,19927.83,Ku,16507.73,13157.94,MAINTENANCE,Operator_135
COMM06355,SATCOM_06355,54.95879,-160.597324,3000.36,Ku,23711.73,1296.24,ACTIVE,Operator_18
COMM06356,SATCOM_06356,38.220995,160.826898,24311.91,C,12228.43,1928.11,INACTIVE,Operator_168
COMM06357,SATCOM_06357,50.228854,113.453865,31293.44,X,23852.25,1916.41,INACTIVE,Operator_239
COMM06358,SATCOM_06358,13.103673,-56.306899,1634.08,C,14579.91,16576.16,MAINTENANCE,Operator_238
COMM06359,SATCOM_06359,12.539526,-5.570042,23253.9,S,8057.27,18002.62,ACTIVE,Operator_91
COMM06360,SATCOM_06360,59.301193,111.877286,30953.66,Ka,26375.15,12935.83,MAINTENANCE,Operator_106
COMM06361,SATCOM_06361,-37.965757,79.935313,8361.71,C,17616.81,28980.54,MAINTENANCE,Operator_57
COMM06362,SATCOM_06362,-55.914066,-5.984884,30933.26,X,12221.76,18240.62,MAINTENANCE,Operator_217
COMM06363,SATCOM_06363,76.069354,-79.341008,6937.5,Ku,16050.75,1291.06,MAINTENANCE,Operator_28
COMM06364,SATCOM_06364,-1.815407,136.036048,13484.71,Ka,25695.05,7036.97,ACTIVE,Operator_249
COMM06365,SATCOM_06365,88.751844,-151.229671,18674.07,Ku,1826.95,27951.92,ACTIVE,Operator_143
COMM06366,SATCOM_06366,76.366339,110.429522,24628.83,C,1816.19,5214.3,INACTIVE,Operator_201
COMM06367,SATCOM_06367,31.855366,30.974906,19006.22,Ka,18397.99,11848.77,ACTIVE,Operator_7
COMM06368,SATCOM_06368,-45.266418,112.732471,21827.41,Ku,3461.98,19021.76,MAINTENANCE,Operator_53
COMM06369,SATCOM_06369,10.184934,134.946856,6547.84,L,12020.13,23125.77,ACTIVE,Operator_16
COMM06370,SATCOM_06370,-56.896797,-115.551192,20161.25,L,1220.25,6126.57,MAINTENANCE,Operator_167
COMM06371,SATCOM_06371,-7.137689,76.636025,33608.73,S,18392.61,6637.15,MAINTENANCE,Operator_113
COMM06372,SATCOM_06372,-10.334813,-105.401634,23416.27,X,27354.09,4843.74,MAINTENANCE,Operator_233
COMM06373,SATCOM_06373,25.093895,153.646157,2827.92,C,21000.88,7917.73,INACTIVE,Operator_25
COMM06374,SATCOM_06374,-68.041859,-178.887972,35592.08,Ka,14334.08,13176.36,INACTIVE,Operator_133
COMM06375,SATCOM_06375,75.01122,61.892176,30964.68,C,5515.93,22165.16,MAINTENANCE,Operator_94
COMM06376,SATCOM_06376,12.435519,-59.322951,25140.82,Ka,19665.99,6525.57,ACTIVE,Operator_46
COMM06377,SATCOM_06377,-11.146455,7.406659,25336.02,C,21257.23,21459.79,MAINTENANCE,Operator_36
COMM06378,SATCOM_06378,-56.297145,97.541171,18094.79,Ku,13675.54,4116.63,ACTIVE,Operator_125
COMM06379,SATCOM_06379,32.605917,-162.650791,15033.89,S,4671.65,26864.5,INACTIVE,Operator_73
COMM06380,SATCOM_06380,-75.912163,38.554004,16956.12,Ku,10187.0,7404.36,MAINTENANCE,Operator_11
COMM06381,SATCOM_06381,48.486277,-28.341128,12588.04,C,1505.49,5661.92,INACTIVE,Operator_245
COMM06382,SATCOM_06382,-25.713014,-101.793649,6488.96,L,19045.0,14950.55,MAINTENANCE,Operator_73
COMM06383,SATCOM_06383,75.464791,-75.506049,29661.12,S,9148.38,16837.76,INACTIVE,Operator_122
COMM06384,SATCOM_06384,78.268862,-144.0849,29849.89,C,18445.47,24530.51,ACTIVE,Operator_146
COMM06385,SATCOM_06385,-19.776817,-96.70149,23176.49,S,27083.21,2078.04,ACTIVE,Operator_212
COMM06386,SATCOM_06386,44.774287,-6.310386,9510.12,X,13686.64,12993.15,INACTIVE,Operator_3
COMM06387,SATCOM_06387,-69.367817,-61.409947,13816.8,X,16827.58,15823.48,INACTIVE,Operator_65
COMM06388,SATCOM_06388,74.826023,31.75801,13981.09,S,25886.29,20709.64,ACTIVE,Operator_18
COMM06389,SATCOM_06389,77.931158,-148.444738,30412.77,X,26602.4,6579.9,ACTIVE,Operator_128
COMM06390,SATCOM_06390,-43.319814,-57.018566,29496.08,C,29192.62,24168.33,MAINTENANCE,Operator_9
COMM06391,SATCOM_06391,0.385277,-0.668228,5728.19,C,22334.18,4892.97,INACTIVE,Operator_211
COMM06392,SATCOM_06392,79.450649,93.429297,10822.4,L,25575.86,18185.73,ACTIVE,Operator_161
COMM06393,SATCOM_06393,57.175,-30.595385,31294.52,X,11878.78,15733.63,MAINTENANCE,Operator_103
COMM06394,SATCOM_06394,44.606007,141.752185,15254.39,C,6595.3,29577.82,ACTIVE,Operator_226
COMM06395,SATCOM_06395,20.371617,-175.747981,32713.11,Ka,20081.8,19163.89,ACTIVE,Operator_197
COMM06396,SATCOM_06396,57.330964,-0.198323,8265.38,X,20761.65,29469.51,ACTIVE,Operator_83
COMM06397,SATCOM_06397,-82.91491,18.321265,16418.63,Ka,7782.21,8710.84,MAINTENANCE,Operator_96
COMM06398,SATCOM_06398,-7.046326,-107.61024,9938.37,S,11173.77,24702.66,INACTIVE,Operator_195
COMM06399,SATCOM_06399,-5.556036,157.685365,8765.96,Ka,3125.16,6890.16,MAINTENANCE,Operator_56
COMM06400,SATCOM_06400,42.780235,-91.783929,16113.58,L,29956.52,3176.61,MAINTENANCE,Operator_38
COMM06401,SATCOM_06401,-89.020419,69.031503,10654.47,L,9543.41,26668.68,MAINTENANCE,Operator_29
COMM06402,SATCOM_06402,-29.339524,103.537485,16367.49,Ka,8872.94,5685.45,MAINTENANCE,Operator_11
COMM06403,SATCOM_06403,47.604205,148.964256,6239.7,X,14963.74,14680.37,ACTIVE,Operator_83
COMM06404,SATCOM_06404,-7.680992,-80.625835,7681.08,C,7156.84,28071.61,ACTIVE,Operator_34
COMM06405,SATCOM_06405,-28.698898,-54.176079,5675.65,Ka,14381.87,24818.98,INACTIVE,Operator_159
COMM06406,SATCOM_06406,37.618491,42.016869,28626.13,X,9905.58,21579.66,INACTIVE,Operator_150
COMM06407,SATCOM_06407,-41.779195,4.330756,918.18,S,29931.57,20542.69,ACTIVE,Operator_10
COMM06408,SATCOM_06408,45.152308,20.560757,24454.09,S,7922.89,19664.38,ACTIVE,Operator_40
COMM06409,SATCOM_06409,50.790012,-113.108063,5058.66,S,19507.16,8414.34,INACTIVE,Operator_49
COMM06410,SATCOM_06410,25.387612,-5.809242,29167.49,X,4011.76,29721.61,MAINTENANCE,Operator_225
COMM06411,SATCOM_06411,-77.902755,102.020789,20321.23,Ku,24671.12,8273.28,MAINTENANCE,Operator_176
COMM06412,SATCOM_06412,-80.878235,-44.353702,27529.55,Ku,8053.06,22735.23,ACTIVE,Operator_29
COMM06413,SATCOM_06413,-40.67126,-94.265101,34811.56,L,12533.8,13010.1,ACTIVE,Operator_232
COMM06414,SATCOM_06414,-21.012911,78.172007,18198.98,S,7500.57,1799.8,MAINTENANCE,Operator_60
COMM06415,SATCOM_06415,-83.682627,11.410037,8697.49,S,19112.76,11842.11,ACTIVE,Operator_141
COMM06416,SATCOM_06416,-86.887538,-62.786722,23776.91,Ku,20264.9,19647.86,ACTIVE,Operator_25
COMM06417,SATCOM_06417,-14.322227,54.692437,27057.19,C,18299.28,1089.56,ACTIVE,Operator_155
COMM06418,SATCOM_06418,-82.877601,-142.846173,17084.59,X,7619.0,20674.41,INACTIVE,Operator_104
COMM06419,SATCOM_06419,-78.057201,-176.194896,21880.41,X,16916.34,21431.73,MAINTENANCE,Operator_174
COMM06420,SATCOM_06420,65.470361,-54.652375,18892.22,C,8708.65,25879.9,MAINTENANCE,Operator_130
COMM06421,SATCOM_06421,40.036943,-13.864203,4469.34,Ku,1677.54,20047.31,INACTIVE,Operator_70
COMM06422,SATCOM_06422,48.813991,42.030041,13536.82,X,15603.38,26249.27,MAINTENANCE,Operator_204
COMM06423,SATCOM_06423,10.470993,35.352461,34588.46,S,17960.61,1337.1,ACTIVE,Operator_177
COMM06424,SATCOM_06424,-80.864335,72.098428,24061.99,X,25875.43,24765.64,INACTIVE,Operator_111
COMM06425,SATCOM_06425,78.969826,-114.360297,11602.67,Ku,3079.27,18654.26,MAINTENANCE,Operator_19
COMM06426,SATCOM_06426,84.953856,88.107881,4764.22,S,6767.99,13216.53,INACTIVE,Operator_243
COMM06427,SATCOM_06427,-3.319243,5.582516,5788.03,S,15387.93,19363.74,ACTIVE,Operator_112
COMM06428,SATCOM_06428,13.270286,-88.304459,18375.52,L,1926.15,7005.89,ACTIVE,Operator_183
COMM06429,SATCOM_06429,-16.864569,105.415253,8856.05,Ka,23979.24,7336.11,ACTIVE,Operator_86
COMM06430,SATCOM_06430,-7.572837,-44.277485,15205.19,X,19861.14,28852.1,MAINTENANCE,Operator_43
COMM06431,SATCOM_06431,-79.436175,-14.322284,394.96,X,24540.96,22922.85,ACTIVE,Operator_249
COMM06432,SATCOM_06432,0.767556,38.386808,30557.45,Ku,3621.1,20530.15,MAINTENANCE,Operator_42
COMM06433,SATCOM_06433,-15.421855,146.776961,29122.41,Ku,22588.23,8623.08,INACTIVE,Operator_100
COMM06434,SATCOM_06434,37.731907,170.660276,4622.63,L,27806.76,23048.19,ACTIVE,Operator_138
COMM06435,SATCOM_06435,-43.907081,54.989921,16847.43,L,5506.06,4589.98,ACTIVE,Operator_208
COMM06436,SATCOM_06436,25.510036,31.695774,5966.11,L,29017.56,7815.19,ACTIVE,Operator_19
COMM06437,SATCOM_06437,51.205241,116.766955,236.44,C,12623.77,19170.09,MAINTENANCE,Operator_127
COMM06438,SATCOM_06438,-24.514064,-22.578897,5635.54,C,7299.23,18194.97,MAINTENANCE,Operator_111
COMM06439,SATCOM_06439,-42.121559,-60.069471,18560.3,X,23696.76,8239.96,MAINTENANCE,Operator_243
COMM06440,SATCOM_06440,44.905861,-87.066726,34281.23,L,10875.36,11994.91,INACTIVE,Operator_118
COMM06441,SATCOM_06441,-1.778738,-7.469742,1143.81,Ka,25980.62,3510.14,ACTIVE,Operator_218
COMM06442,SATCOM_06442,54.200065,-97.881056,13400.13,C,22996.97,11698.7,ACTIVE,Operator_97
COMM06443,SATCOM_06443,38.727379,137.24531,6219.72,Ku,19012.36,27474.47,INACTIVE,Operator_173
COMM06444,SATCOM_06444,-45.004762,48.515917,5853.71,X,5998.51,26016.7,MAINTENANCE,Operator_230
COMM06445,SATCOM_06445,-54.320084,-175.689022,8556.95,X,15413.7,18976.55,INACTIVE,Operator_99
COMM06446,SATCOM_06446,42.868217,-165.566407,17318.41,L,14229.62,5539.7,ACTIVE,Operator_155
COMM06447,SATCOM_06447,62.172738,128.006377,27833.08,L,7022.11,3302.65,INACTIVE,Operator_17
COMM06448,SATCOM_06448,-89.376478,-159.022767,30891.92,L,1965.4,20235.67,ACTIVE,Operator_209
COMM06449,SATCOM_06449,28.996738,47.044362,24351.94,Ku,26913.31,29594.48,ACTIVE,Operator_26
COMM06450,SATCOM_06450,-72.9659,-143.47848,30716.48,L,21190.04,22712.9,INACTIVE,Operator_127
COMM06451,SATCOM_06451,72.454959,-93.180697,5250.98,L,8872.6,9723.77,INACTIVE,Operator_166
COMM06452,SATCOM_06452,-81.578912,159.69453,30399.49,X,10752.11,14701.47,ACTIVE,Operator_92
COMM06453,SATCOM_06453,-13.329755,-46.628423,6359.23,X,29586.52,26110.68,ACTIVE,Operator_137
COMM06454,SATCOM_06454,29.602957,165.428423,21491.75,X,16850.71,26783.62,ACTIVE,Operator_10
COMM06455,SATCOM_06455,-18.116203,138.996071,19804.43,S,18241.33,5055.91,INACTIVE,Operator_225
COMM06456,SATCOM_06456,-42.349548,138.692474,34479.4,Ka,5584.47,17978.82,INACTIVE,Operator_175
COMM06457,SATCOM_06457,-46.639341,9.555523,24859.84,C,5025.76,11094.15,MAINTENANCE,Operator_105
COMM06458,SATCOM_06458,86.885774,25.788564,257.13,L,20397.62,9837.07,INACTIVE,Operator_45
COMM06459,SATCOM_06459,39.192482,11.910406,1400.65,Ka,14133.25,8681.45,ACTIVE,Operator_52
COMM06460,SATCOM_06460,4.547459,42.121417,22420.01,Ka,27155.61,18664.12,INACTIVE,Operator_117
COMM06461,SATCOM_06461,-75.866772,0.16481,13747.05,C,27557.9,4362.93,ACTIVE,Operator_125
COMM06462,SATCOM_06462,73.13732,-118.383047,7244.63,S,11668.67,15058.34,INACTIVE,Operator_117
COMM06463,SATCOM_06463,69.721001,69.849566,29623.76,Ku,18833.27,17803.13,INACTIVE,Operator_160
COMM06464,SATCOM_06464,62.147176,21.012065,20145.92,Ku,12610.01,23616.01,MAINTENANCE,Operator_224
COMM06465,SATCOM_06465,88.569299,-2.538581,13410.81,Ka,5629.49,23228.27,ACTIVE,Operator_60
COMM06466,SATCOM_06466,-51.739104,-121.108378,21702.73,X,14343.55,17492.93,MAINTENANCE,Operator_2
COMM06467,SATCOM_06467,82.505662,88.981829,7382.66,C,14939.51,21538.97,ACTIVE,Operator_41
COMM06468,SATCOM_06468,-40.42118,42.216637,33635.03,C,20427.72,4485.43,INACTIVE,Operator_158
COMM06469,SATCOM_06469,12.627158,43.693764,19466.65,X,7310.42,2745.51,INACTIVE,Operator_103
COMM06470,SATCOM_06470,-11.302977,-85.889543,34824.42,Ku,26762.03,4832.25,INACTIVE,Operator_211
COMM06471,SATCOM_06471,-25.042916,-7.094914,31375.14,C,19210.62,3815.54,MAINTENANCE,Operator_160
COMM06472,SATCOM_06472,-10.72495,-21.610827,7673.47,Ka,11911.49,1676.11,MAINTENANCE,Operator_21
COMM06473,SATCOM_06473,-36.79108,-11.029765,23065.2,Ka,2757.08,11149.64,MAINTENANCE,Operator_42
COMM06474,SATCOM_06474,82.976983,-98.183074,27292.1,Ka,29764.54,15146.01,ACTIVE,Operator_98
COMM06475,SATCOM_06475,-13.654099,43.0613,16761.94,L,29030.69,28102.46,INACTIVE,Operator_181
COMM06476,SATCOM_06476,-29.915743,94.119751,9863.91,S,17107.15,17712.28,MAINTENANCE,Operator_226
COMM06477,SATCOM_06477,-57.592309,-49.353886,21490.24,L,4065.08,1879.53,INACTIVE,Operator_124
COMM06478,SATCOM_06478,17.961647,41.538874,27170.87,C,18705.54,14907.2,INACTIVE,Operator_15
COMM06479,SATCOM_06479,50.977697,-72.870882,29906.05,L,9247.58,6531.95,MAINTENANCE,Operator_242
COMM06480,SATCOM_06480,-44.490886,-146.916592,29947.8,Ka,4458.21,9094.92,ACTIVE,Operator_103
COMM06481,SATCOM_06481,-39.379395,-178.834864,29739.88,Ka,22146.21,4997.55,MAINTENANCE,Operator_64
COMM06482,SATCOM_06482,69.393505,6.100189,31761.23,X,10147.12,13979.34,ACTIVE,Operator_186
COMM06483,SATCOM_06483,82.209949,39.057124,30288.28,C,13473.09,21095.19,INACTIVE,Operator_201
COMM06484,SATCOM_06484,54.549618,-162.379931,995.4,Ka,25755.2,9154.92,ACTIVE,Operator_248
COMM06485,SATCOM_06485,5.495663,-107.265653,22910.15,Ku,2678.28,23681.39,ACTIVE,Operator_17
COMM06486,SATCOM_06486,-23.83963,-101.376479,8964.95,Ku,20104.75,13826.64,MAINTENANCE,Operator_26
COMM06487,SATCOM_06487,-50.746336,148.530382,8385.61,Ka,15168.12,2003.35,ACTIVE,Operator_37
COMM06488,SATCOM_06488,24.388125,-79.749171,34502.75,Ka,29595.16,11766.5,MAINTENANCE,Operator_129
COMM06489,SATCOM_06489,84.948518,78.899449,824.73,S,18632.73,2550.73,MAINTENANCE,Operator_162
COMM06490,SATCOM_06490,-75.836989,-149.03935,35384.24,C,17416.29,22838.82,INACTIVE,Operator_4
COMM06491,SATCOM_06491,71.337064,42.889567,32662.82,Ka,26076.98,15381.97,ACTIVE,Operator_53
COMM06492,SATCOM_06492,75.623548,22.342708,4051.07,L,26763.71,1415.12,MAINTENANCE,Operator_30
COMM06493,SATCOM_06493,-6.487217,-55.878352,8766.55,Ka,27449.29,22696.67,MAINTENANCE,Operator_128
COMM06494,SATCOM_06494,28.264975,-76.624923,10278.08,Ka,24314.63,22050.24,ACTIVE,Operator_22
COMM06495,SATCOM_06495,-53.17651,121.791863,18391.26,Ka,21831.92,23024.76,ACTIVE,Operator_50
COMM06496,SATCOM_06496,-12.12394,-99.512433,30668.29,S,16279.0,13350.88,ACTIVE,Operator_112
COMM06497,SATCOM_06497,60.226276,122.382358,30894.65,X,2527.1,14124.48,INACTIVE,Operator_108
COMM06498,SATCOM_06498,84.927108,-94.014444,28570.91,S,19806.41,17783.67,INACTIVE,Operator_239
COMM06499,SATCOM_06499,14.986602,-171.868791,27877.71,C,29468.87,28576.84,INACTIVE,Operator_67
COMM06500,SATCOM_06500,83.120257,161.04646,13318.45,Ka,2746.71,27826.92,ACTIVE,Operator_243
COMM06501,SATCOM_06501,5.510391,-148.357535,17410.11,X,6398.6,28742.15,INACTIVE,Operator_156
COMM06502,SATCOM_06502,-41.636081,72.729035,6824.6,Ka,13108.42,23152.5,MAINTENANCE,Operator_135
COMM06503,SATCOM_06503,4.894999,-6.710435,24426.54,Ka,14662.49,5284.76,INACTIVE,Operator_210
COMM06504,SATCOM_06504,-65.144114,-160.361859,26340.43,C,21159.48,6539.3,ACTIVE,Operator_155
COMM06505,SATCOM_06505,-8.295685,-138.91827,32078.89,Ku,20015.09,8250.18,INACTIVE,Operator_128
COMM06506,SATCOM_06506,77.514085,-51.737325,868.57,Ka,19222.63,9758.72,INACTIVE,Operator_208
COMM06507,SATCOM_06507,-24.966901,166.409388,29943.45,Ka,14859.16,12847.77,ACTIVE,Operator_145
COMM06508,SATCOM_06508,33.518726,68.612354,1620.37,Ka,12831.25,26675.38,ACTIVE,Operator_129
COMM06509,SATCOM_06509,44.330542,-112.895853,15839.15,Ka,17839.74,23234.62,MAINTENANCE,Operator_37
COMM06510,SATCOM_06510,26.179354,-49.606289,18098.57,Ka,8624.99,7830.2,INACTIVE,Operator_79
COMM06511,SATCOM_06511,-69.516072,-163.356641,619.42,Ku,11287.04,25214.52,ACTIVE,Operator_98
COMM06512,SATCOM_06512,37.721956,140.296582,27070.59,Ka,25268.64,17988.77,ACTIVE,Operator_248
COMM06513,SATCOM_06513,82.673131,6.20731,33301.68,Ku,6847.49,28422.87,MAINTENANCE,Operator_180
COMM06514,SATCOM_06514,-56.822916,168.563426,23396.98,S,24630.09,11718.1,ACTIVE,Operator_58
COMM06515,SATCOM_06515,-64.339753,-60.996306,23942.78,Ku,27753.07,24089.03,INACTIVE,Operator_106
COMM06516,SATCOM_06516,-54.216029,-146.062417,28795.47,X,4514.45,2520.65,MAINTENANCE,Operator_10
COMM06517,SATCOM_06517,-81.768491,105.359421,7262.06,Ka,21919.85,6069.27,INACTIVE,Operator_45
COMM06518,SATCOM_06518,75.600215,-164.004923,2895.45,S,14565.87,26992.17,MAINTENANCE,Operator_45
COMM06519,SATCOM_06519,-72.462985,63.193237,3417.77,C,13138.22,20999.61,MAINTENANCE,Operator_125
COMM06520,SATCOM_06520,-14.231306,-68.402066,30275.29,S,25557.67,21988.43,INACTIVE,Operator_69
COMM06521,SATCOM_06521,-18.888103,47.628366,18442.7,Ku,21943.61,9670.42,INACTIVE,Operator_120
COMM06522,SATCOM_06522,-69.202981,95.246295,12466.58,X,20574.75,26187.96,ACTIVE,Operator_6
COMM06523,SATCOM_06523,63.925119,-25.231585,12793.07,Ku,6507.1,17431.67,MAINTENANCE,Operator_103
COMM06524,SATCOM_06524,-70.704712,-167.819805,1631.43,C,7282.69,12418.69,ACTIVE,Operator_173
COMM06525,SATCOM_06525,-78.95369,39.437306,1151.14,Ku,12309.59,12977.03,ACTIVE,Operator_133
COMM06526,SATCOM_06526,-82.644137,85.686193,30448.05,Ku,28181.25,5937.68,MAINTENANCE,Operator_32
COMM06527,SATCOM_06527,-35.860413,15.84366,21160.0,L,6781.84,16837.79,MAINTENANCE,Operator_95
COMM06528,SATCOM_06528,89.463385,112.622277,22110.25,Ka,6224.21,4019.67,ACTIVE,Operator_215
COMM06529,SATCOM_06529,-57.248571,-64.611104,24616.55,L,8980.28,5033.86,MAINTENANCE,Operator_195
COMM06530,SATCOM_06530,54.274706,-0.181538,3154.88,C,24268.22,21067.72,MAINTENANCE,Operator_55
COMM06531,SATCOM_06531,-29.053491,157.894082,15262.2,Ka,16302.3,24681.74,MAINTENANCE,Operator_195
COMM06532,SATCOM_06532,-34.432286,162.479799,26614.22,S,11133.78,7835.48,INACTIVE,Operator_22
COMM06533,SATCOM_06533,-53.756017,159.303914,28697.59,L,15235.85,23360.41,MAINTENANCE,Operator_78
COMM06534,SATCOM_06534,-16.46427,135.125317,21114.37,C,25806.85,17968.03,ACTIVE,Operator_221
COMM06535,SATCOM_06535,-59.691999,130.053895,13054.61,L,20224.73,6100.03,MAINTENANCE,Operator_107
COMM06536,SATCOM_06536,27.804436,38.101544,16658.27,X,16621.3,15339.39,MAINTENANCE,Operator_100
COMM06537,SATCOM_06537,77.388935,95.460653,24985.95,Ku,24737.72,3520.72,ACTIVE,Operator_120
COMM06538,SATCOM_06538,11.581324,114.325571,23015.1,L,16571.36,12593.16,INACTIVE,Operator_44
COMM06539,SATCOM_06539,24.824298,69.503696,4177.64,L,24948.25,19459.28,INACTIVE,Operator_232
COMM06540,SATCOM_06540,36.44182,-33.662059,13862.35,L,23854.27,8411.22,INACTIVE,Operator_138
COMM06541,SATCOM_06541,35.359991,16.086791,2144.84,C,11379.53,9641.46,INACTIVE,Operator_116
COMM06542,SATCOM_06542,24.816821,82.741217,32114.21,C,9366.79,15532.38,ACTIVE,Operator_178
COMM06543,SATCOM_06543,88.986568,-149.712359,13982.75,S,19381.39,2306.62,MAINTENANCE,Operator_185
COMM06544,SATCOM_06544,25.67273,3.39033,25669.32,L,9443.44,15865.94,INACTIVE,Operator_223
COMM06545,SATCOM_06545,76.316496,-113.268928,24405.1,C,22835.61,19779.49,INACTIVE,Operator_203
COMM06546,SATCOM_06546,79.80658,117.815887,33007.69,X,10289.61,7484.13,ACTIVE,Operator_116
COMM06547,SATCOM_06547,63.518662,-37.639366,15998.54,X,23758.77,8456.11,MAINTENANCE,Operator_203
COMM06548,SATCOM_06548,16.791876,-61.509336,30307.35,C,23814.22,27010.93,INACTIVE,Operator_17
COMM06549,SATCOM_06549,69.413552,176.459687,16341.56,X,1179.33,12186.1,INACTIVE,Operator_5
COMM06550,SATCOM_06550,36.871067,-54.365938,25917.56,C,23061.96,15612.22,INACTIVE,Operator_191
COMM06551,SATCOM_06551,-41.869938,-86.823286,25592.76,C,19042.14,29946.06,ACTIVE,Operator_107
COMM06552,SATCOM_06552,67.04437,-82.86718,4460.77,X,25192.52,5865.66,INACTIVE,Operator_109
COMM06553,SATCOM_06553,-7.094745,73.527427,25979.46,X,6127.46,10058.5,MAINTENANCE,Operator_146
COMM06554,SATCOM_06554,-9.311495,-132.576293,21479.9,Ka,20678.17,18718.35,MAINTENANCE,Operator_163
COMM06555,SATCOM_06555,41.730264,7.115866,2969.22,Ku,6140.81,25556.1,MAINTENANCE,Operator_249
COMM06556,SATCOM_06556,27.805699,-11.678152,29773.9,X,14270.16,27248.21,ACTIVE,Operator_90
COMM06557,SATCOM_06557,-4.267107,-109.901973,20141.7,Ka,5635.73,4981.54,INACTIVE,Operator_121
COMM06558,SATCOM_06558,2.35734,143.523015,1228.01,L,26217.53,10424.32,MAINTENANCE,Operator_136
COMM06559,SATCOM_06559,-26.725201,-109.536319,35947.75,Ku,17603.43,19281.4,MAINTENANCE,Operator_109
COMM06560,SATCOM_06560,12.369986,-174.953268,34260.06,C,12511.79,22086.99,MAINTENANCE,Operator_23
COMM06561,SATCOM_06561,45.481118,75.768467,7970.14,Ku,27048.93,17453.3,MAINTENANCE,Operator_52
COMM06562,SATCOM_06562,58.764476,-92.831012,20854.29,Ka,4953.13,23519.79,MAINTENANCE,Operator_58
COMM06563,SATCOM_06563,-50.237855,36.774483,33281.69,X,2572.05,3245.7,MAINTENANCE,Operator_155
COMM06564,SATCOM_06564,-39.967226,92.356422,28984.96,Ka,8910.18,11439.54,INACTIVE,Operator_2
COMM06565,SATCOM_06565,20.693616,-155.072218,19022.11,Ka,2662.04,21301.27,MAINTENANCE,Operator_191
COMM06566,SATCOM_06566,-30.911226,-63.282964,9191.7,C,18038.26,2068.91,MAINTENANCE,Operator_193
COMM06567,SATCOM_06567,15.337929,144.723874,20429.79,L,7724.05,5156.81,MAINTENANCE,Operator_42
COMM06568,SATCOM_06568,17.125145,-150.717505,35712.21,S,1772.34,19064.39,ACTIVE,Operator_185
COMM06569,SATCOM_06569,79.09606,-118.929894,18199.81,S,26451.3,22580.46,INACTIVE,Operator_142
COMM06570,SATCOM_06570,58.689147,165.224675,13477.78,Ka,7394.65,1826.23,MAINTENANCE,Operator_207
COMM06571,SATCOM_06571,23.017789,116.370658,14594.34,Ku,26362.7,12644.68,INACTIVE,Operator_230
COMM06572,SATCOM_06572,-57.087289,-6.18037,29569.16,L,4541.78,3908.35,ACTIVE,Operator_200
COMM06573,SATCOM_06573,-52.195792,64.848171,33319.72,Ku,13699.41,12522.98,MAINTENANCE,Operator_53
COMM06574,SATCOM_06574,-33.725535,122.210507,33187.69,Ku,19164.07,7083.35,MAINTENANCE,Operator_126
COMM06575,SATCOM_06575,-77.306079,-121.03788,10663.73,Ku,6493.9,14152.7,MAINTENANCE,Operator_106
COMM06576,SATCOM_06576,-69.616938,31.421009,33492.49,X,18962.43,5153.68,ACTIVE,Operator_47
COMM06577,SATCOM_06577,54.537084,-144.843491,8841.19,Ka,9727.37,28145.52,INACTIVE,Operator_99
COMM06578,SATCOM_06578,-70.589392,18.516913,31235.11,C,7181.62,21054.63,MAINTENANCE,Operator_15
COMM06579,SATCOM_06579,-84.663799,100.59635,4027.82,C,16651.82,20184.49,MAINTENANCE,Operator_129
COMM06580,SATCOM_06580,-5.713452,-100.698627,29406.25,Ku,25555.18,2897.44,INACTIVE,Operator_80
COMM06581,SATCOM_06581,7.666604,-64.337377,5453.38,X,28279.78,6770.16,INACTIVE,Operator_145
COMM06582,SATCOM_06582,9.797758,-5.240767,11987.19,L,20941.64,17304.45,INACTIVE,Operator_171
COMM06583,SATCOM_06583,75.173465,14.380969,27421.13,Ku,13859.19,15950.93,MAINTENANCE,Operator_4
COMM06584,SATCOM_06584,-33.152408,34.729607,4991.45,Ka,28384.44,9438.14,INACTIVE,Operator_208
COMM06585,SATCOM_06585,-84.574139,-147.023842,32692.94,X,21465.56,3344.73,MAINTENANCE,Operator_22
COMM06586,SATCOM_06586,-66.930545,23.455289,25634.79,Ka,3356.58,23245.36,INACTIVE,Operator_183
COMM06587,SATCOM_06587,-37.27973,-70.088283,6127.45,S,11372.15,7396.02,ACTIVE,Operator_180
COMM06588,SATCOM_06588,-25.739293,-36.886188,4699.72,C,15671.88,22572.18,ACTIVE,Operator_83
COMM06589,SATCOM_06589,51.883211,22.615721,13686.4,X,6302.87,12725.71,ACTIVE,Operator_7
COMM06590,SATCOM_06590,69.49143,128.186717,21546.59,X,21898.82,29582.62,ACTIVE,Operator_118
COMM06591,SATCOM_06591,-24.831133,-141.896677,27740.34,L,16752.99,28856.77,INACTIVE,Operator_85
COMM06592,SATCOM_06592,-16.497711,90.039244,10964.27,X,5174.64,2595.74,ACTIVE,Operator_104
COMM06593,SATCOM_06593,-55.289916,-110.684622,30819.03,Ka,18903.99,24356.9,MAINTENANCE,Operator_153
COMM06594,SATCOM_06594,-12.213354,73.415829,6020.01,C,25869.95,9130.33,ACTIVE,Operator_225
COMM06595,SATCOM_06595,78.900352,21.018696,337.75,L,4782.49,25391.38,ACTIVE,Operator_119
COMM06596,SATCOM_06596,-47.476148,144.101019,32358.89,Ka,18342.85,8861.11,INACTIVE,Operator_77
COMM06597,SATCOM_06597,-2.277429,162.909168,22149.79,Ka,4544.23,27915.32,MAINTENANCE,Operator_37
COMM06598,SATCOM_06598,43.456903,-163.368333,10825.63,Ku,8877.73,24987.47,MAINTENANCE,Operator_194
COMM06599,SATCOM_06599,-48.045024,124.005503,17788.48,S,4264.55,11716.11,MAINTENANCE,Operator_87
COMM06600,SATCOM_06600,68.224258,54.697356,29123.62,S,23232.07,13318.44,INACTIVE,Operator_97
COMM06601,SATCOM_06601,-82.389762,28.062834,17953.14,C,29214.97,13922.84,ACTIVE,Operator_160
COMM06602,SATCOM_06602,-78.62834,-52.14449,7995.74,Ka,22477.65,22085.13,INACTIVE,Operator_148
COMM06603,SATCOM_06603,-83.66165,-176.365722,22218.48,C,5278.65,28122.53,MAINTENANCE,Operator_231
COMM06604,SATCOM_06604,40.249527,118.261012,24705.73,S,20159.23,20654.43,MAINTENANCE,Operator_44
COMM06605,SATCOM_06605,-85.990714,-105.454799,12390.26,S,8506.0,18276.51,INACTIVE,Operator_163
COMM06606,SATCOM_06606,-76.646767,-106.546334,34216.61,Ka,13719.25,6316.58,INACTIVE,Operator_237
COMM06607,SATCOM_06607,81.67852,-39.455592,881.68,C,14370.26,15675.82,INACTIVE,Operator_61
COMM06608,SATCOM_06608,-23.208461,126.367631,30019.47,X,28541.33,4770.97,ACTIVE,Operator_132
COMM06609,SATCOM_06609,-36.151418,-73.753512,32157.89,Ka,12467.04,9423.53,ACTIVE,Operator_35
COMM06610,SATCOM_06610,-84.767491,-157.488983,12710.85,S,23591.7,28795.4,ACTIVE,Operator_113
COMM06611,SATCOM_06611,24.05357,122.225907,20730.24,Ka,2508.5,7668.66,ACTIVE,Operator_241
COMM06612,SATCOM_06612,68.26254,-56.612405,10876.17,Ka,10310.34,22649.26,MAINTENANCE,Operator_47
COMM06613,SATCOM_06613,23.404991,-143.819841,30755.29,Ka,23938.59,19072.85,MAINTENANCE,Operator_146
COMM06614,SATCOM_06614,84.316156,48.1164,7588.11,S,21129.94,16095.02,ACTIVE,Operator_56
COMM06615,SATCOM_06615,-83.000225,47.631174,11459.67,L,9680.68,22299.85,INACTIVE,Operator_142
COMM06616,SATCOM_06616,-16.950531,-30.00884,1612.54,X,5835.88,2694.74,INACTIVE,Operator_30
COMM06617,SATCOM_06617,-72.575293,117.690841,31746.01,X,17161.65,24192.97,ACTIVE,Operator_46
COMM06618,SATCOM_06618,-29.52065,4.909912,14700.8,X,5023.78,15920.98,ACTIVE,Operator_195
COMM06619,SATCOM_06619,54.199078,53.682033,8602.52,S,25758.53,14237.94,ACTIVE,Operator_109
COMM06620,SATCOM_06620,-18.735313,38.717481,16000.65,Ka,2876.18,26179.37,ACTIVE,Operator_101
COMM06621,SATCOM_06621,81.975202,84.531824,6484.73,C,14748.29,18017.94,MAINTENANCE,Operator_137
COMM06622,SATCOM_06622,69.174291,131.35976,18571.45,L,27393.92,2939.46,INACTIVE,Operator_77
COMM06623,SATCOM_06623,34.723045,-84.293116,1406.05,Ku,29995.14,16399.21,ACTIVE,Operator_62
COMM06624,SATCOM_06624,67.847374,-48.03601,33821.24,S,25108.29,25572.09,MAINTENANCE,Operator_229
COMM06625,SATCOM_06625,-10.739421,-52.60225,4334.86,Ka,13118.04,17097.8,ACTIVE,Operator_133
COMM06626,SATCOM_06626,-57.677367,111.353403,11895.71,Ka,25719.92,23053.36,MAINTENANCE,Operator_162
COMM06627,SATCOM_06627,-66.251807,-60.925086,27468.6,S,7105.7,29358.23,ACTIVE,Operator_68
COMM06628,SATCOM_06628,57.46296,-43.481298,23732.56,L,25094.15,9900.11,INACTIVE,Operator_46
COMM06629,SATCOM_06629,77.891761,-76.051465,32972.47,Ku,2906.12,4953.9,ACTIVE,Operator_227
COMM06630,SATCOM_06630,-87.022414,-128.444105,8955.48,Ka,2448.73,5389.02,ACTIVE,Operator_206
COMM06631,SATCOM_06631,-53.806773,-175.503581,31218.76,L,10550.98,29182.03,MAINTENANCE,Operator_122
COMM06632,SATCOM_06632,-50.533961,-86.604134,32745.36,Ka,12015.66,23283.55,ACTIVE,Operator_166
COMM06633,SATCOM_06633,-74.342765,-56.272937,30484.29,Ka,11030.73,21629.6,INACTIVE,Operator_170
COMM06634,SATCOM_06634,-81.563353,-50.022612,10103.25,C,10234.54,20909.12,ACTIVE,Operator_194
COMM06635,SATCOM_06635,66.033134,-89.49243,33991.7,L,26928.84,23229.26,INACTIVE,Operator_137
COMM06636,SATCOM_06636,-22.801562,-174.095796,14131.33,C,25906.88,28628.07,INACTIVE,Operator_179
COMM06637,SATCOM_06637,-77.204943,-147.926846,19992.13,C,23662.03,9523.05,INACTIVE,Operator_139
COMM06638,SATCOM_06638,-42.504371,-73.720174,13734.29,Ka,7726.06,21910.72,ACTIVE,Operator_35
COMM06639,SATCOM_06639,-74.830707,99.389937,34901.67,C,27556.14,11144.04,INACTIVE,Operator_124
COMM06640,SATCOM_06640,34.986894,-70.769596,25105.59,X,12661.68,21423.69,ACTIVE,Operator_212
COMM06641,SATCOM_06641,-3.584409,-162.375931,35137.47,S,8072.4,3731.86,ACTIVE,Operator_110
COMM06642,SATCOM_06642,49.132846,-9.031075,17808.79,Ku,17900.58,15963.1,INACTIVE,Operator_133
COMM06643,SATCOM_06643,83.744793,-104.425193,7990.89,C,29223.0,9588.63,INACTIVE,Operator_142
COMM06644,SATCOM_06644,-67.991659,-141.779815,28349.5,L,27586.55,11999.59,ACTIVE,Operator_147
COMM06645,SATCOM_06645,-67.624795,-8.254672,4559.22,Ka,12480.57,2110.62,MAINTENANCE,Operator_41
COMM06646,SATCOM_06646,-20.438254,-105.775392,3492.15,S,8991.93,14209.49,ACTIVE,Operator_139
COMM06647,SATCOM_06647,-79.70525,-2.891434,6610.07,X,18069.83,18233.05,INACTIVE,Operator_209
COMM06648,SATCOM_06648,9.96259,-64.094406,34598.47,S,15277.15,23906.59,MAINTENANCE,Operator_168
COMM06649,SATCOM_06649,-68.240246,50.013673,33528.86,Ka,10138.0,3533.19,ACTIVE,Operator_74
COMM06650,SATCOM_06650,82.411107,52.892873,34024.92,C,22690.58,11891.24,ACTIVE,Operator_195
COMM06651,SATCOM_06651,-82.121488,107.665684,26972.44,X,11247.49,19923.91,MAINTENANCE,Operator_112
COMM06652,SATCOM_06652,-82.042562,53.052428,27693.56,L,28519.43,4163.5,INACTIVE,Operator_56
COMM06653,SATCOM_06653,-53.73431,-157.462242,4928.3,Ka,29933.8,13369.44,INACTIVE,Operator_30
COMM06654,SATCOM_06654,-59.065708,-170.51873,25521.64,C,14775.34,2700.86,INACTIVE,Operator_120
COMM06655,SATCOM_06655,-63.310575,89.223569,19010.99,L,6313.57,8796.8,ACTIVE,Operator_53
COMM06656,SATCOM_06656,14.99224,146.404555,17358.4,Ku,10887.18,7383.65,MAINTENANCE,Operator_207
COMM06657,SATCOM_06657,19.011587,-151.815583,10660.18,C,18635.48,21906.46,INACTIVE,Operator_230
COMM06658,SATCOM_06658,74.809353,20.581995,13137.09,S,1303.96,2103.68,INACTIVE,Operator_198
COMM06659,SATCOM_06659,69.120458,-23.15774,10210.95,S,17151.34,27080.84,INACTIVE,Operator_10
COMM06660,SATCOM_06660,47.725958,-23.185844,20830.73,Ka,7738.67,10707.02,MAINTENANCE,Operator_75
COMM06661,SATCOM_06661,50.544663,-40.338737,14425.95,Ku,28379.79,12572.94,MAINTENANCE,Operator_11
COMM06662,SATCOM_06662,-47.500361,-39.104665,24762.92,X,1536.12,1232.98,ACTIVE,Operator_137
COMM06663,SATCOM_06663,-69.38248,-109.748023,32009.26,S,3165.09,13407.78,INACTIVE,Operator_150
COMM06664,SATCOM_06664,73.813367,151.493989,35258.17,C,12337.45,27905.36,INACTIVE,Operator_172
COMM06665,SATCOM_06665,-46.952474,156.398963,11029.61,C,15906.57,6528.87,INACTIVE,Operator_100
COMM06666,SATCOM_06666,66.317595,48.303347,24982.66,C,11024.21,10632.02,ACTIVE,Operator_15
COMM06667,SATCOM_06667,-57.141468,-126.737033,9552.83,C,29492.27,11710.14,INACTIVE,Operator_46
COMM06668,SATCOM_06668,-26.466608,125.619831,7235.9,C,29597.65,1232.36,MAINTENANCE,Operator_150
COMM06669,SATCOM_06669,24.694759,-105.936244,31199.3,S,28496.44,26883.63,INACTIVE,Operator_162
COMM06670,SATCOM_06670,34.597125,106.447981,5372.69,Ku,3434.55,21067.22,ACTIVE,Operator_167
COMM06671,SATCOM_06671,20.703259,77.155075,9476.17,Ka,4325.23,5426.01,ACTIVE,Operator_217
COMM06672,SATCOM_06672,58.026568,-173.504765,32302.15,Ku,16091.35,7414.07,MAINTENANCE,Operator_76
COMM06673,SATCOM_06673,54.385463,-90.985447,6070.11,L,14779.34,6956.01,MAINTENANCE,Operator_157
COMM06674,SATCOM_06674,39.437734,174.517459,17449.16,C,23562.72,1437.74,INACTIVE,Operator_188
COMM06675,SATCOM_06675,-47.506981,-92.137754,5996.25,X,13868.87,24242.99,ACTIVE,Operator_222
COMM06676,SATCOM_06676,82.422799,-36.28887,11842.69,Ku,6691.3,5588.6,ACTIVE,Operator_136
COMM06677,SATCOM_06677,-88.157798,-177.44394,11487.55,C,22779.74,23330.65,MAINTENANCE,Operator_35
COMM06678,SATCOM_06678,64.032258,-137.169881,14322.16,S,12679.88,2437.46,ACTIVE,Operator_148
COMM06679,SATCOM_06679,-34.493069,21.134231,31793.67,X,25289.28,2652.79,ACTIVE,Operator_40
COMM06680,SATCOM_06680,73.602827,90.740502,28228.5,S,13164.65,27755.92,INACTIVE,Operator_84
COMM06681,SATCOM_06681,-50.392143,17.431952,35761.14,X,7677.52,24970.33,MAINTENANCE,Operator_99
COMM06682,SATCOM_06682,12.41087,-104.166394,5420.94,S,11271.55,28821.81,INACTIVE,Operator_237
COMM06683,SATCOM_06683,-70.753909,-61.67715,10786.5,C,11081.86,12701.82,INACTIVE,Operator_25
COMM06684,SATCOM_06684,-4.240585,-123.197706,14220.28,X,3210.71,11126.57,MAINTENANCE,Operator_231
COMM06685,SATCOM_06685,-60.787998,-45.201308,34229.2,Ku,17094.38,8108.68,INACTIVE,Operator_174
COMM06686,SATCOM_06686,35.36626,-138.706398,238.39,L,20178.16,7756.85,ACTIVE,Operator_170
COMM06687,SATCOM_06687,-34.679767,-165.531891,34272.21,Ka,7849.55,15626.2,INACTIVE,Operator_203
COMM06688,SATCOM_06688,18.649498,26.780722,33220.92,C,26129.48,29477.17,ACTIVE,Operator_163
COMM06689,SATCOM_06689,-59.152859,-87.228067,26475.91,L,15225.56,24930.01,ACTIVE,Operator_113
COMM06690,SATCOM_06690,24.698969,-107.237294,19082.22,Ka,16742.67,29873.67,MAINTENANCE,Operator_125
COMM06691,SATCOM_06691,70.380986,-147.546855,31155.61,X,25777.89,25483.14,ACTIVE,Operator_74
COMM06692,SATCOM_06692,-71.880375,174.949683,7222.46,S,2247.48,17608.39,MAINTENANCE,Operator_83
COMM06693,SATCOM_06693,-40.84551,30.021435,32241.65,S,19550.25,26091.52,MAINTENANCE,Operator_156
COMM06694,SATCOM_06694,18.378257,-26.50544,18101.68,S,22707.09,11555.71,ACTIVE,Operator_246
COMM06695,SATCOM_06695,-57.895213,-93.690824,33422.92,C,12255.4,9681.45,INACTIVE,Operator_155
COMM06696,SATCOM_06696,-10.713228,35.046891,28653.96,C,28823.98,25483.0,MAINTENANCE,Operator_171
COMM06697,SATCOM_06697,36.357426,127.113983,35359.75,Ku,4838.49,28588.85,INACTIVE,Operator_83
COMM06698,SATCOM_06698,69.432519,-105.101762,27112.54,L,11784.03,8114.82,INACTIVE,Operator_53
COMM06699,SATCOM_06699,-0.219746,-149.133578,11946.73,X,19576.82,9309.06,INACTIVE,Operator_75
COMM06700,SATCOM_06700,40.166959,67.438641,16651.6,X,7168.62,23882.53,INACTIVE,Operator_99
COMM06701,SATCOM_06701,-43.463694,123.650861,17005.78,L,15934.32,20501.96,MAINTENANCE,Operator_134
COMM06702,SATCOM_06702,-71.78743,53.782723,9044.72,L,5447.05,6594.52,MAINTENANCE,Operator_172
COMM06703,SATCOM_06703,-69.253111,43.21342,12549.34,Ka,1690.69,16824.05,INACTIVE,Operator_200
COMM06704,SATCOM_06704,6.724949,-106.347102,2545.91,Ku,18157.5,20427.18,ACTIVE,Operator_109
COMM06705,SATCOM_06705,38.201794,-8.067526,4800.55,Ka,6059.43,4390.27,ACTIVE,Operator_49
COMM06706,SATCOM_06706,58.812685,-90.002516,17586.73,Ka,27514.2,9915.64,ACTIVE,Operator_87
COMM06707,SATCOM_06707,26.105155,-121.365809,25014.78,Ku,27019.12,23283.09,INACTIVE,Operator_240
COMM06708,SATCOM_06708,-46.167854,-106.577838,22950.55,L,13242.49,5740.21,MAINTENANCE,Operator_142
COMM06709,SATCOM_06709,54.461308,-125.768237,21877.12,S,22441.57,3276.48,MAINTENANCE,Operator_61
COMM06710,SATCOM_06710,59.494689,136.028829,21613.51,S,29966.8,13419.13,MAINTENANCE,Operator_105
COMM06711,SATCOM_06711,54.606889,-43.21172,29138.46,L,19595.06,29029.37,ACTIVE,Operator_193
COMM06712,SATCOM_06712,-26.172946,-58.335422,3254.22,S,10571.06,21867.83,MAINTENANCE,Operator_113
COMM06713,SATCOM_06713,-55.419193,-98.37653,905.87,C,15685.26,15236.37,ACTIVE,Operator_3
COMM06714,SATCOM_06714,-61.172137,-139.642447,32858.38,C,25500.69,27361.86,INACTIVE,Operator_137
COMM06715,SATCOM_06715,-81.258195,57.386042,12648.73,C,6182.3,13946.1,ACTIVE,Operator_18
COMM06716,SATCOM_06716,-11.951043,-64.30142,22112.94,Ku,1365.21,16498.13,ACTIVE,Operator_234
COMM06717,SATCOM_06717,-15.724142,57.453498,8571.85,C,25193.93,6221.39,MAINTENANCE,Operator_57
COMM06718,SATCOM_06718,77.011556,-74.992372,35109.71,C,13857.68,17702.86,MAINTENANCE,Operator_125
COMM06719,SATCOM_06719,-29.514421,-25.698202,523.32,X,7303.28,26284.64,INACTIVE,Operator_153
COMM06720,SATCOM_06720,-52.601113,-154.925998,31196.8,L,17374.13,22310.58,INACTIVE,Operator_158
COMM06721,SATCOM_06721,-77.811862,139.073123,22582.75,X,10827.86,23771.4,ACTIVE,Operator_51
COMM06722,SATCOM_06722,31.678299,-41.780101,23560.4,Ka,21823.2,6726.6,INACTIVE,Operator_5
COMM06723,SATCOM_06723,21.948808,-120.260042,24052.26,L,6469.88,13999.52,ACTIVE,Operator_108
COMM06724,SATCOM_06724,-7.207795,19.879685,8425.07,X,16487.22,26467.61,INACTIVE,Operator_73
COMM06725,SATCOM_06725,88.755904,-61.628491,4425.11,S,14791.06,28446.53,MAINTENANCE,Operator_42
COMM06726,SATCOM_06726,4.606405,4.913487,34076.4,L,20775.37,28534.73,INACTIVE,Operator_79
COMM06727,SATCOM_06727,17.340092,-169.675588,3029.73,Ka,4452.51,2189.0,ACTIVE,Operator_231
COMM06728,SATCOM_06728,-2.688128,-167.314924,1121.72,Ku,25323.7,7821.57,ACTIVE,Operator_50
COMM06729,SATCOM_06729,-43.150513,-136.596099,1784.06,S,7521.6,16759.31,MAINTENANCE,Operator_40
COMM06730,SATCOM_06730,-5.304328,-179.194781,17899.35,C,14490.57,15880.74,ACTIVE,Operator_69
COMM06731,SATCOM_06731,-71.96085,-174.417592,24473.36,C,24932.1,19500.94,INACTIVE,Operator_226
COMM06732,SATCOM_06732,-78.072582,138.622285,6419.41,L,2673.01,22610.02,INACTIVE,Operator_190
COMM06733,SATCOM_06733,-78.962824,53.541159,21800.97,Ka,15724.4,21270.34,MAINTENANCE,Operator_249
COMM06734,SATCOM_06734,79.908513,18.872883,1684.85,S,18770.02,27223.17,ACTIVE,Operator_249
COMM06735,SATCOM_06735,56.692497,171.731848,23507.46,Ku,16811.4,6404.76,INACTIVE,Operator_34
COMM06736,SATCOM_06736,-19.377067,73.863314,18785.94,Ka,16079.6,25692.0,INACTIVE,Operator_186
COMM06737,SATCOM_06737,23.483983,128.039141,31544.7,S,24374.83,2920.79,INACTIVE,Operator_126
COMM06738,SATCOM_06738,39.644412,-24.546142,18006.2,C,27867.85,5601.22,ACTIVE,Operator_166
COMM06739,SATCOM_06739,-16.056886,-27.326574,24797.83,X,2730.75,17372.99,ACTIVE,Operator_245
COMM06740,SATCOM_06740,5.441344,-16.45095,35152.22,Ka,27044.53,4537.48,ACTIVE,Operator_246
COMM06741,SATCOM_06741,-54.76358,-21.494717,10939.39,Ku,2711.99,8055.61,INACTIVE,Operator_82
COMM06742,SATCOM_06742,-0.381091,-13.301913,25513.08,S,28738.97,9546.18,INACTIVE,Operator_121
COMM06743,SATCOM_06743,43.390879,-158.982778,16988.37,Ka,10179.08,29783.74,MAINTENANCE,Operator_114
COMM06744,SATCOM_06744,52.091672,-178.608957,13796.48,Ka,25366.2,18910.2,MAINTENANCE,Operator_200
COMM06745,SATCOM_06745,-30.9891,-102.551,11212.52,X,16207.6,10528.54,ACTIVE,Operator_132
COMM06746,SATCOM_06746,-19.346706,-86.651817,30251.96,L,29084.99,20413.03,ACTIVE,Operator_228
COMM06747,SATCOM_06747,69.488865,-4.890411,3641.59,S,17783.91,5101.08,ACTIVE,Operator_31
COMM06748,SATCOM_06748,73.20723,70.015819,31438.07,X,16061.54,15822.47,ACTIVE,Operator_152
COMM06749,SATCOM_06749,-35.668945,-65.290543,2798.46,C,21252.88,6875.93,ACTIVE,Operator_166
COMM06750,SATCOM_06750,-69.484431,-102.818826,3153.53,Ku,4678.41,8275.05,MAINTENANCE,Operator_236
COMM06751,SATCOM_06751,75.717889,-101.293452,26777.95,Ka,3462.29,23369.0,INACTIVE,Operator_218
COMM06752,SATCOM_06752,-25.528237,-165.86089,33487.68,L,24475.56,5624.41,MAINTENANCE,Operator_80
COMM06753,SATCOM_06753,67.951054,133.390961,14284.4,X,13167.08,14602.41,MAINTENANCE,Operator_93
COMM06754,SATCOM_06754,-46.300051,176.196411,22682.74,X,21590.79,7423.46,MAINTENANCE,Operator_242
COMM06755,SATCOM_06755,-13.487835,169.606412,21036.71,C,4697.27,25608.71,INACTIVE,Operator_11
COMM06756,SATCOM_06756,-89.816006,-103.430369,9838.29,L,22111.29,28950.15,MAINTENANCE,Operator_158
COMM06757,SATCOM_06757,29.095296,93.798088,4319.08,X,27127.21,3326.49,ACTIVE,Operator_37
COMM06758,SATCOM_06758,-63.15479,93.983186,7930.38,Ka,27382.85,12506.18,INACTIVE,Operator_189
COMM06759,SATCOM_06759,-70.103408,-15.791405,15283.04,S,23698.83,2412.51,INACTIVE,Operator_111
COMM06760,SATCOM_06760,-7.01327,16.045547,12005.31,X,8084.34,1436.53,INACTIVE,Operator_2
COMM06761,SATCOM_06761,19.545278,-141.777995,17959.59,S,26807.64,19042.54,MAINTENANCE,Operator_74
COMM06762,SATCOM_06762,-87.69894,-90.967613,24827.94,Ku,1474.49,3816.15,ACTIVE,Operator_72
COMM06763,SATCOM_06763,79.625058,84.57311,14343.28,C,8186.42,20916.31,MAINTENANCE,Operator_150
COMM06764,SATCOM_06764,49.813586,-89.47051,15441.36,Ka,8346.16,14783.14,ACTIVE,Operator_243
COMM06765,SATCOM_06765,-76.645372,-62.357054,17242.6,Ku,18709.18,22912.77,ACTIVE,Operator_203
COMM06766,SATCOM_06766,60.583634,-176.087248,4706.58,Ka,16173.35,23234.92,ACTIVE,Operator_72
COMM06767,SATCOM_06767,-39.957272,-163.577896,29183.25,S,22138.7,25179.04,MAINTENANCE,Operator_5
COMM06768,SATCOM_06768,88.14634,153.775111,20809.14,Ku,27600.71,8897.25,INACTIVE,Operator_123
COMM06769,SATCOM_06769,-63.578632,3.647432,19893.98,S,13042.38,8787.38,MAINTENANCE,Operator_218
COMM06770,SATCOM_06770,38.75074,-120.909009,3911.81,C,9322.04,18374.42,INACTIVE,Operator_232
COMM06771,SATCOM_06771,39.455765,-55.085615,20289.91,S,25325.28,16836.91,INACTIVE,Operator_48
COMM06772,SATCOM_06772,63.543233,-142.341944,32532.91,Ka,16633.76,25920.64,ACTIVE,Operator_91
COMM06773,SATCOM_06773,-85.107293,-17.500038,33614.06,Ka,29819.52,8159.71,INACTIVE,Operator_213
COMM06774,SATCOM_06774,40.957873,44.814278,5846.27,C,11270.4,7158.3,MAINTENANCE,Operator_73
COMM06775,SATCOM_06775,89.032542,-149.790299,17800.2,S,2710.45,6604.08,MAINTENANCE,Operator_103
COMM06776,SATCOM_06776,-18.496291,-150.89233,11744.82,L,19380.69,29204.5,INACTIVE,Operator_1
COMM06777,SATCOM_06777,-8.991217,159.641687,10496.7,L,29818.48,27357.83,MAINTENANCE,Operator_76
COMM06778,SATCOM_06778,62.242071,-27.869024,4912.04,L,22589.16,25094.99,ACTIVE,Operator_178
COMM06779,SATCOM_06779,63.905355,-99.037538,10079.61,Ka,8972.83,24509.98,INACTIVE,Operator_4
COMM06780,SATCOM_06780,3.074577,147.138755,33054.67,L,4290.92,26159.57,ACTIVE,Operator_125
COMM06781,SATCOM_06781,-46.708097,28.288078,20614.47,Ku,10522.57,21042.69,INACTIVE,Operator_146
COMM06782,SATCOM_06782,-12.295338,-164.695549,34506.24,X,2816.1,23845.38,ACTIVE,Operator_47
COMM06783,SATCOM_06783,80.113465,43.72169,23396.25,Ku,28174.64,15560.11,INACTIVE,Operator_240
COMM06784,SATCOM_06784,4.393256,-37.772179,13635.61,Ku,10064.88,24033.54,INACTIVE,Operator_181
COMM06785,SATCOM_06785,61.760115,-68.055198,4538.44,L,12013.7,17278.24,MAINTENANCE,Operator_166
COMM06786,SATCOM_06786,-12.454735,-5.280731,22720.92,Ku,2474.49,16636.1,INACTIVE,Operator_205
COMM06787,SATCOM_06787,4.332549,-133.87031,29101.15,Ka,20636.0,16624.38,INACTIVE,Operator_130
COMM06788,SATCOM_06788,66.409967,-15.883477,25087.07,S,13488.99,22859.56,INACTIVE,Operator_55
COMM06789,SATCOM_06789,29.741908,-153.103474,11528.45,C,29966.59,13750.93,MAINTENANCE,Operator_51
COMM06790,SATCOM_06790,-45.517668,-102.55747,792.56,X,11554.05,20403.11,MAINTENANCE,Operator_194
COMM06791,SATCOM_06791,89.322769,-158.131765,11528.69,X,1978.96,14639.31,MAINTENANCE,Operator_148
COMM06792,SATCOM_06792,-57.430216,109.505277,13960.13,S,11881.39,17190.65,INACTIVE,Operator_157
COMM06793,SATCOM_06793,25.957108,-35.002171,11689.4,X,17501.96,5538.97,ACTIVE,Operator_221
COMM06794,SATCOM_06794,76.237861,-76.39181,7676.2,Ku,6978.46,24058.13,INACTIVE,Operator_142
COMM06795,SATCOM_06795,28.773383,-150.942214,26705.87,S,29761.91,11821.09,INACTIVE,Operator_45
COMM06796,SATCOM_06796,-3.111569,-16.650704,21354.16,C,23851.26,29943.78,INACTIVE,Operator_109
COMM06797,SATCOM_06797,74.801135,-89.072977,31556.58,X,5487.54,22376.87,MAINTENANCE,Operator_211
COMM06798,SATCOM_06798,-88.858193,102.062449,2466.6,Ku,19548.75,8297.26,ACTIVE,Operator_105
COMM06799,SATCOM_06799,-75.889672,176.354716,33096.05,X,13777.8,7579.36,ACTIVE,Operator_90
COMM06800,SATCOM_06800,-14.840691,-3.811333,19053.66,S,3877.28,19519.71,MAINTENANCE,Operator_162
COMM06801,SATCOM_06801,73.316907,-64.752349,23946.05,C,2783.58,29637.85,ACTIVE,Operator_23
COMM06802,SATCOM_06802,78.302433,179.900079,8184.45,L,28328.58,18091.91,MAINTENANCE,Operator_146
COMM06803,SATCOM_06803,-70.93648,-11.381054,24277.8,C,22560.65,13435.45,INACTIVE,Operator_244
COMM06804,SATCOM_06804,88.272676,35.856471,29503.21,X,19577.96,25640.65,INACTIVE,Operator_89
COMM06805,SATCOM_06805,-30.600426,121.181142,11524.14,L,23354.5,16308.85,INACTIVE,Operator_115
COMM06806,SATCOM_06806,-21.845179,-69.444493,3894.32,Ku,14919.64,21844.91,ACTIVE,Operator_11
COMM06807,SATCOM_06807,28.28276,12.119778,34156.79,Ka,9407.71,25313.33,ACTIVE,Operator_175
COMM06808,SATCOM_06808,-68.538334,99.57639,17807.68,C,19891.38,18902.03,INACTIVE,Operator_48
COMM06809,SATCOM_06809,14.830857,-64.16392,16957.64,Ka,8197.26,25561.54,INACTIVE,Operator_7
COMM06810,SATCOM_06810,-76.692603,164.561188,1674.46,L,9869.01,21961.6,MAINTENANCE,Operator_44
COMM06811,SATCOM_06811,80.658663,-13.839356,9701.49,C,8499.61,12696.46,MAINTENANCE,Operator_168
COMM06812,SATCOM_06812,1.558731,89.431793,6939.0,C,9887.88,19751.24,ACTIVE,Operator_131
COMM06813,SATCOM_06813,84.852549,112.713891,23565.18,C,14626.19,28731.29,MAINTENANCE,Operator_28
COMM06814,SATCOM_06814,85.551529,75.165382,24912.28,L,24198.27,23623.34,MAINTENANCE,Operator_76
COMM06815,SATCOM_06815,-51.267619,-92.66756,11188.74,S,7778.76,27990.0,ACTIVE,Operator_39
COMM06816,SATCOM_06816,-5.842999,139.558382,34692.68,L,7286.77,17146.56,ACTIVE,Operator_142
COMM06817,SATCOM_06817,-32.498117,-96.946811,7767.23,Ku,15898.33,18548.02,INACTIVE,Operator_72
COMM06818,SATCOM_06818,-15.504979,-122.953335,31057.39,S,12097.35,22888.23,INACTIVE,Operator_79
COMM06819,SATCOM_06819,-53.228816,47.338583,33675.93,L,20692.68,25361.09,MAINTENANCE,Operator_139
COMM06820,SATCOM_06820,61.035974,135.357437,19096.03,Ka,11579.26,24823.94,MAINTENANCE,Operator_159
COMM06821,SATCOM_06821,17.071441,-159.014831,811.7,C,3702.67,29704.77,ACTIVE,Operator_143
COMM06822,SATCOM_06822,-31.904155,158.061334,11642.42,C,26829.04,29063.35,ACTIVE,Operator_80
COMM06823,SATCOM_06823,22.475333,93.550306,3543.2,C,22185.47,12223.76,INACTIVE,Operator_126
COMM06824,SATCOM_06824,59.297894,152.218796,34032.88,S,9704.91,24141.12,INACTIVE,Operator_144
COMM06825,SATCOM_06825,14.8021,-45.721163,19274.87,C,3141.33,1144.19,MAINTENANCE,Operator_238
COMM06826,SATCOM_06826,-16.136342,50.528131,29091.43,Ka,3601.46,12849.67,INACTIVE,Operator_198
COMM06827,SATCOM_06827,1.150943,-119.062674,3469.8,C,22843.21,2474.13,MAINTENANCE,Operator_40
COMM06828,SATCOM_06828,60.593998,-140.960196,19351.32,S,9637.14,28640.65,ACTIVE,Operator_221
COMM06829,SATCOM_06829,-81.933244,-86.682017,385.3,Ku,12936.4,23691.04,INACTIVE,Operator_232
COMM06830,SATCOM_06830,-85.457842,-166.847649,31646.69,Ka,2659.3,24185.82,MAINTENANCE,Operator_82
COMM06831,SATCOM_06831,66.984593,9.198653,6504.41,C,26007.27,9045.32,ACTIVE,Operator_139
COMM06832,SATCOM_06832,14.674329,-5.681532,6599.59,X,23498.8,10756.6,ACTIVE,Operator_232
COMM06833,SATCOM_06833,-5.856603,-19.820442,10810.55,L,21269.97,15680.43,ACTIVE,Operator_124
COMM06834,SATCOM_06834,-47.893181,130.812624,20291.61,S,1176.42,23757.75,INACTIVE,Operator_194
COMM06835,SATCOM_06835,12.49042,146.609205,30568.55,Ka,25908.13,19026.98,INACTIVE,Operator_210
COMM06836,SATCOM_06836,-44.018361,-75.327037,2120.46,X,12054.79,17384.68,MAINTENANCE,Operator_192
COMM06837,SATCOM_06837,2.399999,165.829785,7553.05,C,1006.99,17069.99,MAINTENANCE,Operator_11
COMM06838,SATCOM_06838,-57.661763,-5.83601,462.74,Ka,8809.47,6258.42,ACTIVE,Operator_158
COMM06839,SATCOM_06839,36.715718,-61.121575,25304.97,Ka,5581.82,29023.7,ACTIVE,Operator_36
COMM06840,SATCOM_06840,57.928556,-145.670046,28629.58,Ka,24040.71,9646.22,INACTIVE,Operator_112
COMM06841,SATCOM_06841,21.069558,109.45012,20709.73,Ku,9370.6,7014.63,ACTIVE,Operator_149
COMM06842,SATCOM_06842,21.461991,6.195121,22845.3,Ku,17524.19,13845.7,MAINTENANCE,Operator_220
COMM06843,SATCOM_06843,-73.214433,-52.164234,1337.26,S,28890.82,26248.85,ACTIVE,Operator_65
COMM06844,SATCOM_06844,37.943173,124.146657,13267.47,S,19557.0,15400.4,ACTIVE,Operator_21
COMM06845,SATCOM_06845,21.825507,-62.83624,20283.37,Ku,5016.14,15191.87,ACTIVE,Operator_15
COMM06846,SATCOM_06846,-34.237527,42.10245,10970.37,Ka,29393.25,25349.39,INACTIVE,Operator_227
COMM06847,SATCOM_06847,-46.117995,-145.810427,12137.09,Ku,19626.83,1708.2,MAINTENANCE,Operator_191
COMM06848,SATCOM_06848,59.325456,-99.394966,25600.62,L,14219.49,20201.35,INACTIVE,Operator_211
COMM06849,SATCOM_06849,20.577471,-46.672371,13000.18,Ku,19272.35,9006.09,MAINTENANCE,Operator_25
COMM06850,SATCOM_06850,-38.882272,128.366934,13624.11,Ka,1497.88,10195.09,ACTIVE,Operator_32
COMM06851,SATCOM_06851,-87.888285,97.732506,17163.81,X,7055.19,8832.74,MAINTENANCE,Operator_101
COMM06852,SATCOM_06852,44.925834,77.040633,14463.59,S,7092.75,28425.36,ACTIVE,Operator_155
COMM06853,SATCOM_06853,-13.713933,-132.025026,29569.69,L,17957.02,10730.41,ACTIVE,Operator_206
COMM06854,SATCOM_06854,24.649822,-5.350637,5638.56,Ka,16890.06,13429.83,ACTIVE,Operator_161
COMM06855,SATCOM_06855,85.95212,-50.620502,3840.13,Ku,5223.92,27421.39,ACTIVE,Operator_195
COMM06856,SATCOM_06856,66.107958,-151.073468,9991.09,C,27982.13,1748.75,ACTIVE,Operator_125
COMM06857,SATCOM_06857,64.435674,161.923023,667.71,L,6097.24,10933.62,MAINTENANCE,Operator_47
COMM06858,SATCOM_06858,44.448946,153.304391,21310.98,C,20012.44,1678.96,MAINTENANCE,Operator_173
COMM06859,SATCOM_06859,-63.459147,93.294917,14926.31,X,6936.43,27176.74,INACTIVE,Operator_158
COMM06860,SATCOM_06860,43.762097,-99.124405,354.86,Ku,23521.93,20350.2,INACTIVE,Operator_216
COMM06861,SATCOM_06861,-49.880559,179.031355,21803.41,X,21372.04,8891.63,MAINTENANCE,Operator_242
COMM06862,SATCOM_06862,-34.122563,-98.230989,17388.85,Ku,19538.46,4235.01,MAINTENANCE,Operator_20
COMM06863,SATCOM_06863,-33.519159,134.571592,15416.42,L,1772.96,4564.33,ACTIVE,Operator_9
COMM06864,SATCOM_06864,18.861495,166.844116,7073.04,C,27681.24,29603.24,ACTIVE,Operator_142
COMM06865,SATCOM_06865,5.017326,-120.791083,35534.01,L,8950.89,18609.87,MAINTENANCE,Operator_55
COMM06866,SATCOM_06866,28.940546,-165.368476,28951.15,C,18357.68,4354.46,MAINTENANCE,Operator_249
COMM06867,SATCOM_06867,56.948284,36.829483,1012.23,S,29922.3,26884.68,MAINTENANCE,Operator_229
COMM06868,SATCOM_06868,21.365663,161.575943,8037.48,X,19204.51,21425.28,MAINTENANCE,Operator_118
COMM06869,SATCOM_06869,-84.990913,-46.417565,13324.55,Ka,10555.22,5981.39,ACTIVE,Operator_188
COMM06870,SATCOM_06870,-81.319519,115.792662,35279.23,C,3550.0,27738.03,ACTIVE,Operator_250
COMM06871,SATCOM_06871,-20.499004,-21.719922,10471.95,Ku,20941.89,16980.54,ACTIVE,Operator_42
COMM06872,SATCOM_06872,-86.6663,-172.352295,25199.2,L,17852.33,11856.82,INACTIVE,Operator_213
COMM06873,SATCOM_06873,-46.966233,67.627536,31991.38,S,23542.15,16353.41,INACTIVE,Operator_74
COMM06874,SATCOM_06874,-0.563488,29.145952,3585.84,X,18371.72,28133.4,INACTIVE,Operator_139
COMM06875,SATCOM_06875,-67.876684,-75.102442,11972.84,X,24510.42,23624.11,MAINTENANCE,Operator_173
COMM06876,SATCOM_06876,82.739521,-82.916468,25674.65,L,1509.41,3297.47,INACTIVE,Operator_246
COMM06877,SATCOM_06877,10.492722,175.891537,34193.26,C,6794.8,28559.64,MAINTENANCE,Operator_19
COMM06878,SATCOM_06878,-3.214316,-90.705879,33349.15,Ku,4268.42,29008.57,MAINTENANCE,Operator_239
COMM06879,SATCOM_06879,10.918134,-13.20185,12288.6,C,27926.87,26059.19,INACTIVE,Operator_114
COMM06880,SATCOM_06880,-81.944837,-122.946428,17080.3,X,13606.64,14879.6,MAINTENANCE,Operator_198
COMM06881,SATCOM_06881,-46.690777,156.862131,17068.22,X,12776.25,8815.82,ACTIVE,Operator_174
COMM06882,SATCOM_06882,60.451692,42.536298,17790.33,L,10806.63,15774.31,ACTIVE,Operator_220
COMM06883,SATCOM_06883,-12.889604,-111.00793,31588.74,Ka,8699.72,14193.55,MAINTENANCE,Operator_141
COMM06884,SATCOM_06884,-38.263022,-120.263349,20809.65,X,12412.44,6897.46,INACTIVE,Operator_185
COMM06885,SATCOM_06885,56.915899,97.094701,13910.67,L,24233.71,15555.5,ACTIVE,Operator_83
COMM06886,SATCOM_06886,34.994473,144.591084,11097.31,Ka,15206.0,6158.55,INACTIVE,Operator_177
COMM06887,SATCOM_06887,-79.024061,119.851817,16316.63,S,3246.26,27273.05,ACTIVE,Operator_194
COMM06888,SATCOM_06888,17.455898,-36.540141,21176.69,L,17136.03,10680.73,ACTIVE,Operator_90
COMM06889,SATCOM_06889,38.523191,161.132305,18328.47,S,19900.6,6820.04,INACTIVE,Operator_141
COMM06890,SATCOM_06890,65.778992,109.728837,10213.65,C,2379.83,1850.68,INACTIVE,Operator_99
COMM06891,SATCOM_06891,-26.387609,138.066624,1064.17,Ka,22673.77,20093.18,MAINTENANCE,Operator_74
COMM06892,SATCOM_06892,4.0138,122.322406,28174.15,C,22919.79,27537.34,INACTIVE,Operator_70
COMM06893,SATCOM_06893,-5.789879,15.314314,24415.84,L,16046.25,2322.36,ACTIVE,Operator_198
COMM06894,SATCOM_06894,77.965207,174.414086,6334.94,L,10917.23,18293.74,ACTIVE,Operator_236
COMM06895,SATCOM_06895,61.577637,92.626552,1551.92,X,17506.71,12496.04,MAINTENANCE,Operator_124
COMM06896,SATCOM_06896,83.376728,-135.908186,25614.98,C,3906.18,29641.12,ACTIVE,Operator_96
COMM06897,SATCOM_06897,-32.748771,104.824858,30880.56,X,10874.68,1807.21,ACTIVE,Operator_238
COMM06898,SATCOM_06898,5.460743,-14.189749,9815.35,L,28103.5,18093.39,INACTIVE,Operator_172
COMM06899,SATCOM_06899,22.275717,-65.243608,30965.94,Ka,4304.37,28401.76,ACTIVE,Operator_172
COMM06900,SATCOM_06900,4.53408,-25.02834,12281.73,L,10185.57,26999.02,INACTIVE,Operator_163
COMM06901,SATCOM_06901,-18.372478,106.617777,2762.26,L,24927.57,13949.74,ACTIVE,Operator_191
COMM06902,SATCOM_06902,-6.868082,177.641586,18839.78,Ka,5415.99,9559.1,ACTIVE,Operator_248
COMM06903,SATCOM_06903,30.736636,150.139993,13090.74,Ka,24074.84,2476.52,INACTIVE,Operator_92
COMM06904,SATCOM_06904,41.423203,-168.366597,3073.86,Ka,10839.35,24691.5,ACTIVE,Operator_12
COMM06905,SATCOM_06905,-70.483449,31.756667,3989.6,L,13913.19,3837.06,ACTIVE,Operator_33
COMM06906,SATCOM_06906,-24.922369,-150.331544,18688.65,C,25991.03,26300.95,INACTIVE,Operator_201
COMM06907,SATCOM_06907,4.729685,-12.780722,14854.17,L,6208.51,24698.91,INACTIVE,Operator_98
COMM06908,SATCOM_06908,-56.756868,145.982535,5116.13,S,5253.73,21038.25,ACTIVE,Operator_209
COMM06909,SATCOM_06909,-76.992876,-65.377008,21192.89,S,22317.01,13114.68,MAINTENANCE,Operator_160
COMM06910,SATCOM_06910,49.209551,56.061177,22596.22,L,8167.77,14134.72,ACTIVE,Operator_136
COMM06911,SATCOM_06911,-41.117328,67.032897,25658.28,S,4298.13,6294.63,INACTIVE,Operator_52
COMM06912,SATCOM_06912,-70.675853,-33.219491,28784.98,X,29200.84,4815.84,ACTIVE,Operator_103
COMM06913,SATCOM_06913,26.03474,128.94753,7228.73,L,20435.48,5903.45,ACTIVE,Operator_62
COMM06914,SATCOM_06914,-61.426235,-93.045606,9902.01,L,12871.97,24766.79,INACTIVE,Operator_99
COMM06915,SATCOM_06915,46.154345,-77.50919,35200.07,X,7633.26,13460.15,MAINTENANCE,Operator_141
COMM06916,SATCOM_06916,23.984439,-80.216754,31941.89,X,11789.7,19371.85,INACTIVE,Operator_185
COMM06917,SATCOM_06917,-83.056809,-124.882195,6309.04,C,14979.27,23715.07,INACTIVE,Operator_78
COMM06918,SATCOM_06918,-16.16086,-140.861223,30023.96,S,5965.7,2358.66,INACTIVE,Operator_236
COMM06919,SATCOM_06919,-65.603686,-49.791671,23916.14,C,22480.94,26569.2,MAINTENANCE,Operator_67
COMM06920,SATCOM_06920,-29.206529,-42.619685,32770.75,X,16441.91,13757.81,MAINTENANCE,Operator_238
COMM06921,SATCOM_06921,41.688897,-54.222298,1805.74,S,1380.57,9749.58,INACTIVE,Operator_97
COMM06922,SATCOM_06922,49.664906,124.831045,4982.24,Ku,16275.95,17890.51,MAINTENANCE,Operator_48
COMM06923,SATCOM_06923,-28.836356,-94.389641,16612.76,Ka,18678.01,16749.62,INACTIVE,Operator_24
COMM06924,SATCOM_06924,18.580476,-141.065313,23482.71,X,13739.6,10276.48,MAINTENANCE,Operator_33
COMM06925,SATCOM_06925,63.026449,-86.302821,14865.34,Ka,18960.17,26895.88,MAINTENANCE,Operator_95
COMM06926,SATCOM_06926,-11.024583,163.149139,13428.52,C,4014.77,26757.65,MAINTENANCE,Operator_119
COMM06927,SATCOM_06927,-58.971871,55.35208,15247.43,Ku,25561.84,4065.63,ACTIVE,Operator_230
COMM06928,SATCOM_06928,-5.962852,-38.923094,5490.9,C,23241.35,10538.71,ACTIVE,Operator_53
COMM06929,SATCOM_06929,33.051971,-84.691969,4920.46,X,24547.97,9346.9,MAINTENANCE,Operator_55
COMM06930,SATCOM_06930,70.394885,-14.418868,26368.17,Ku,29646.91,28501.13,ACTIVE,Operator_56
COMM06931,SATCOM_06931,-37.723215,-159.243126,868.66,X,19236.79,22453.04,INACTIVE,Operator_153
COMM06932,SATCOM_06932,73.578896,-56.28604,6033.35,Ku,29590.63,3150.78,INACTIVE,Operator_185
COMM06933,SATCOM_06933,-54.680214,-99.954125,30895.93,L,21012.41,26240.8,MAINTENANCE,Operator_179
COMM06934,SATCOM_06934,-43.165469,37.870646,2816.86,S,19120.93,4405.45,INACTIVE,Operator_82
COMM06935,SATCOM_06935,-58.908827,104.919932,10584.92,Ka,23880.8,3597.11,INACTIVE,Operator_199
COMM06936,SATCOM_06936,86.598703,-85.773781,28116.01,Ku,15584.95,22040.37,INACTIVE,Operator_166
COMM06937,SATCOM_06937,-39.374061,2.712998,7324.3,X,16883.22,6478.24,INACTIVE,Operator_70
COMM06938,SATCOM_06938,7.329133,-120.756428,24076.45,C,4695.3,25214.18,ACTIVE,Operator_106
COMM06939,SATCOM_06939,-44.040374,105.604992,13956.01,S,10522.82,24892.58,MAINTENANCE,Operator_222
COMM06940,SATCOM_06940,16.140889,-49.116077,27853.8,S,7176.21,6760.02,ACTIVE,Operator_25
COMM06941,SATCOM_06941,-35.277751,177.864498,8652.62,L,19518.75,11899.93,INACTIVE,Operator_108
COMM06942,SATCOM_06942,39.053787,55.713486,1483.35,S,6285.88,29305.53,MAINTENANCE,Operator_104
COMM06943,SATCOM_06943,-62.087714,-161.735366,12201.27,L,29261.19,21193.88,ACTIVE,Operator_175
COMM06944,SATCOM_06944,-48.09656,103.231707,15869.57,C,5933.32,11365.52,ACTIVE,Operator_211
COMM06945,SATCOM_06945,8.464116,-52.982637,5337.79,Ku,8611.05,27798.26,MAINTENANCE,Operator_105
COMM06946,SATCOM_06946,-19.974991,-94.331363,26633.45,C,4312.79,22773.46,ACTIVE,Operator_70
COMM06947,SATCOM_06947,-53.303945,32.634274,23198.4,X,18289.03,16110.16,ACTIVE,Operator_166
COMM06948,SATCOM_06948,-18.172335,78.194346,20148.85,L,1781.25,26268.6,ACTIVE,Operator_125
COMM06949,SATCOM_06949,33.768086,34.732961,20520.96,C,3555.83,27661.02,ACTIVE,Operator_19
COMM06950,SATCOM_06950,-87.180453,90.583318,349.9,Ku,10734.72,21726.64,INACTIVE,Operator_12
COMM06951,SATCOM_06951,-89.637447,138.268196,26551.44,L,12714.15,1065.35,INACTIVE,Operator_144
COMM06952,SATCOM_06952,-42.637945,-71.084545,31700.46,Ka,13392.8,9667.08,ACTIVE,Operator_34
COMM06953,SATCOM_06953,-89.478983,-17.737893,14472.02,Ka,10730.88,5908.03,INACTIVE,Operator_167
COMM06954,SATCOM_06954,22.339251,-13.598305,22006.95,Ka,5818.65,11891.41,INACTIVE,Operator_154
COMM06955,SATCOM_06955,-7.380512,112.468083,2983.48,S,26787.72,12700.93,MAINTENANCE,Operator_7
COMM06956,SATCOM_06956,-86.66724,-55.887411,16742.42,L,7820.5,26013.39,MAINTENANCE,Operator_48
COMM06957,SATCOM_06957,-67.6847,16.864951,21007.54,Ka,17034.03,1060.26,ACTIVE,Operator_141
COMM06958,SATCOM_06958,58.091995,68.42605,18500.73,L,10924.83,6383.76,ACTIVE,Operator_68
COMM06959,SATCOM_06959,35.698357,-64.285759,18066.53,S,8870.03,7807.62,ACTIVE,Operator_176
COMM06960,SATCOM_06960,16.352213,21.08407,27195.17,Ku,6192.73,29216.45,INACTIVE,Operator_5
COMM06961,SATCOM_06961,78.192826,-79.184989,22118.73,Ka,14249.33,10587.86,MAINTENANCE,Operator_128
COMM06962,SATCOM_06962,-43.773508,-9.544802,28608.15,L,8446.49,23635.73,ACTIVE,Operator_12
COMM06963,SATCOM_06963,-36.956398,160.753616,22695.03,X,12982.59,28884.4,INACTIVE,Operator_145
COMM06964,SATCOM_06964,-67.682589,139.007377,22698.87,Ka,28737.97,9129.71,MAINTENANCE,Operator_2
COMM06965,SATCOM_06965,87.444055,-96.988617,11794.44,X,16130.17,7427.23,ACTIVE,Operator_77
COMM06966,SATCOM_06966,-87.33842,127.943566,24791.8,S,29771.57,23546.12,MAINTENANCE,Operator_26
COMM06967,SATCOM_06967,71.217318,175.180319,20903.64,S,20709.51,6933.03,MAINTENANCE,Operator_20
COMM06968,SATCOM_06968,10.427782,59.030528,28726.51,S,12281.43,21934.71,INACTIVE,Operator_111
COMM06969,SATCOM_06969,65.899105,174.367233,21187.35,S,7649.15,11679.79,MAINTENANCE,Operator_98
COMM06970,SATCOM_06970,38.386012,0.214051,8817.57,C,19233.63,13398.25,ACTIVE,Operator_240
COMM06971,SATCOM_06971,-33.36244,-94.227348,17289.77,X,23893.47,22944.78,INACTIVE,Operator_80
COMM06972,SATCOM_06972,38.988654,-129.661229,27051.41,L,27825.38,10898.84,ACTIVE,Operator_179
COMM06973,SATCOM_06973,52.171094,-4.785528,898.73,X,18151.29,8807.95,INACTIVE,Operator_153
COMM06974,SATCOM_06974,2.954841,-174.457688,27783.85,S,13081.09,18763.25,ACTIVE,Operator_68
COMM06975,SATCOM_06975,57.970642,4.216264,35116.9,Ka,10151.93,27824.15,MAINTENANCE,Operator_183
COMM06976,SATCOM_06976,46.92659,40.192631,25069.37,Ku,28021.59,11003.82,ACTIVE,Operator_203
COMM06977,SATCOM_06977,-75.220022,-116.269825,16116.43,Ku,10223.89,26782.2,ACTIVE,Operator_3
COMM06978,SATCOM_06978,-26.369705,91.298321,25447.44,C,19958.55,15726.37,INACTIVE,Operator_60
COMM06979,SATCOM_06979,60.753268,79.401433,1497.64,Ku,29902.51,5291.52,MAINTENANCE,Operator_160
COMM06980,SATCOM_06980,-7.147422,-31.401464,21800.1,X,5158.93,4522.71,ACTIVE,Operator_78
COMM06981,SATCOM_06981,-69.247045,143.295187,33764.74,S,2992.58,3504.67,ACTIVE,Operator_205
COMM06982,SATCOM_06982,-36.181134,66.08502,30005.72,L,12604.52,16533.35,INACTIVE,Operator_89
COMM06983,SATCOM_06983,-82.100121,65.962495,9540.02,Ku,19209.3,22028.34,ACTIVE,Operator_121
COMM06984,SATCOM_06984,-60.974742,107.733643,4866.78,X,1472.32,24434.92,MAINTENANCE,Operator_189
COMM06985,SATCOM_06985,58.902686,-43.47132,28072.91,L,18362.99,23802.56,INACTIVE,Operator_3
COMM06986,SATCOM_06986,8.412532,-36.311569,18799.15,X,21769.7,12654.98,ACTIVE,Operator_125
COMM06987,SATCOM_06987,55.434588,17.919581,2173.08,X,2160.25,20993.61,MAINTENANCE,Operator_81
COMM06988,SATCOM_06988,-55.075878,-81.802779,8303.56,L,11388.25,13010.2,INACTIVE,Operator_149
COMM06989,SATCOM_06989,-30.658739,130.575981,12346.18,L,3089.48,19241.0,MAINTENANCE,Operator_212
COMM06990,SATCOM_06990,35.883592,103.083277,22941.45,C,9265.89,15691.82,ACTIVE,Operator_130
COMM06991,SATCOM_06991,-87.415886,15.051554,12170.11,X,25855.44,19167.53,MAINTENANCE,Operator_5
COMM06992,SATCOM_06992,-87.082384,-75.855634,12896.95,Ka,13735.57,22857.04,MAINTENANCE,Operator_182
COMM06993,SATCOM_06993,-19.248663,-97.041173,17685.54,Ka,19614.64,28517.52,ACTIVE,Operator_66
COMM06994,SATCOM_06994,12.755564,95.484895,7095.56,X,5779.09,23534.45,ACTIVE,Operator_197
COMM06995,SATCOM_06995,-68.129299,27.021069,3397.96,Ku,29214.92,24456.76,MAINTENANCE,Operator_167
COMM06996,SATCOM_06996,26.70575,62.556374,12730.49,X,23756.82,20671.22,INACTIVE,Operator_188
COMM06997,SATCOM_06997,11.565725,-38.469374,30140.54,L,10205.25,3769.06,MAINTENANCE,Operator_21
COMM06998,SATCOM_06998,-58.42472,-175.47603,35227.52,Ku,21807.19,7876.08,INACTIVE,Operator_179
COMM06999,SATCOM_06999,2.740572,157.470352,4627.94,Ka,1115.84,4387.41,INACTIVE,Operator_47
COMM07000,SATCOM_07000,70.167928,75.374651,16520.93,C,7724.29,19742.88,ACTIVE,Operator_174
COMM07001,SATCOM_07001,39.417534,137.119469,9566.34,S,1423.28,29675.4,MAINTENANCE,Operator_40
COMM07002,SATCOM_07002,-1.697985,-65.730296,13801.28,C,12785.09,2241.61,ACTIVE,Operator_202
COMM07003,SATCOM_07003,22.216558,-54.825788,10788.67,C,21641.68,16291.87,MAINTENANCE,Operator_159
COMM07004,SATCOM_07004,-67.162592,-86.358996,18595.33,L,18358.78,22666.9,INACTIVE,Operator_42
COMM07005,SATCOM_07005,87.496687,156.315356,12407.47,X,10282.68,6141.89,ACTIVE,Operator_9
COMM07006,SATCOM_07006,-74.772144,120.706557,26180.9,C,25005.74,25077.12,INACTIVE,Operator_13
COMM07007,SATCOM_07007,-73.223321,76.740935,28614.43,Ka,11589.54,4573.14,MAINTENANCE,Operator_105
COMM07008,SATCOM_07008,-83.56263,22.098806,29040.27,L,3852.3,16912.59,ACTIVE,Operator_160
COMM07009,SATCOM_07009,-69.276735,-78.399224,2384.58,Ku,13324.65,28669.28,INACTIVE,Operator_81
COMM07010,SATCOM_07010,-68.68545,-88.254976,8708.28,L,20143.49,5033.49,ACTIVE,Operator_245
COMM07011,SATCOM_07011,49.084471,-21.360506,34446.18,L,15094.14,23554.27,ACTIVE,Operator_54
COMM07012,SATCOM_07012,11.829435,-155.496021,17797.96,Ka,17047.69,22309.58,ACTIVE,Operator_174
COMM07013,SATCOM_07013,48.369624,-65.997809,21794.57,Ka,2094.09,11771.46,ACTIVE,Operator_125
COMM07014,SATCOM_07014,-82.646458,-55.375769,28056.55,S,29907.82,21236.2,INACTIVE,Operator_17
COMM07015,SATCOM_07015,-1.049047,98.81453,31511.64,C,19854.68,10014.9,INACTIVE,Operator_201
COMM07016,SATCOM_07016,63.811776,134.899389,30132.13,Ka,20801.5,11979.21,MAINTENANCE,Operator_76
COMM07017,SATCOM_07017,-59.750483,64.471253,18987.59,X,2686.48,15754.85,INACTIVE,Operator_221
COMM07018,SATCOM_07018,66.468613,-159.936986,25269.08,Ka,29709.41,14752.78,ACTIVE,Operator_82
COMM07019,SATCOM_07019,56.729035,-6.435192,26018.19,L,21497.8,3484.27,MAINTENANCE,Operator_52
COMM07020,SATCOM_07020,14.281299,3.38515,9548.2,L,26113.85,8334.17,MAINTENANCE,Operator_28
COMM07021,SATCOM_07021,5.9384,83.053864,2083.26,C,25813.19,6837.36,INACTIVE,Operator_181
COMM07022,SATCOM_07022,-77.407478,84.97925,35285.39,C,3101.42,15142.79,INACTIVE,Operator_127
COMM07023,SATCOM_07023,-81.203991,69.424903,26637.54,Ku,1262.43,23546.04,ACTIVE,Operator_144
COMM07024,SATCOM_07024,2.828842,86.78407,3188.87,Ku,12385.16,5798.9,MAINTENANCE,Operator_149
COMM07025,SATCOM_07025,22.787185,92.133161,27450.06,C,10532.1,1482.91,INACTIVE,Operator_186
COMM07026,SATCOM_07026,2.499288,-104.597608,34789.28,L,21097.63,26908.78,MAINTENANCE,Operator_225
COMM07027,SATCOM_07027,-65.752599,-178.917175,27665.71,S,14284.43,20719.55,INACTIVE,Operator_43
COMM07028,SATCOM_07028,-83.210184,91.791861,17227.66,S,9334.75,9155.76,ACTIVE,Operator_154
COMM07029,SATCOM_07029,73.746381,-172.414964,24455.06,S,6889.78,8393.72,INACTIVE,Operator_106
COMM07030,SATCOM_07030,4.057361,-13.046928,25768.1,C,7223.61,9529.89,ACTIVE,Operator_47
COMM07031,SATCOM_07031,-78.318826,34.711838,244.48,C,26604.8,6387.64,MAINTENANCE,Operator_182
COMM07032,SATCOM_07032,31.913514,22.160461,14437.61,X,14460.47,17568.22,MAINTENANCE,Operator_11
COMM07033,SATCOM_07033,-77.727479,-163.456683,8413.81,Ka,7222.75,4945.87,INACTIVE,Operator_117
COMM07034,SATCOM_07034,-84.972586,-143.663839,33377.42,Ka,28876.15,16550.11,MAINTENANCE,Operator_233
COMM07035,SATCOM_07035,34.13293,35.111768,21553.75,Ku,15417.0,2502.75,ACTIVE,Operator_161
COMM07036,SATCOM_07036,36.327871,-37.320528,21525.4,Ku,17586.97,5876.5,INACTIVE,Operator_189
COMM07037,SATCOM_07037,63.844776,-57.869577,14593.11,Ka,10933.67,1698.95,ACTIVE,Operator_71
COMM07038,SATCOM_07038,78.387334,-18.466872,2188.0,Ku,3194.28,18782.33,MAINTENANCE,Operator_250
COMM07039,SATCOM_07039,-81.846273,168.941212,33830.8,X,10647.12,22931.95,ACTIVE,Operator_78
COMM07040,SATCOM_07040,56.7071,-44.915997,4437.89,S,8610.42,13124.35,MAINTENANCE,Operator_235
COMM07041,SATCOM_07041,-66.597108,-132.297013,27312.8,X,20908.79,15120.55,MAINTENANCE,Operator_212
COMM07042,SATCOM_07042,88.387626,-121.033481,4591.4,Ka,6158.46,4905.97,INACTIVE,Operator_214
COMM07043,SATCOM_07043,62.298753,-68.470751,19792.25,L,27369.53,21673.96,MAINTENANCE,Operator_5
COMM07044,SATCOM_07044,-87.855179,-87.799715,20039.84,X,26252.6,26084.29,ACTIVE,Operator_52
COMM07045,SATCOM_07045,12.304015,89.104466,22648.87,L,5538.31,6439.83,INACTIVE,Operator_87
COMM07046,SATCOM_07046,40.423073,-176.612717,17479.59,X,6849.24,3872.5,ACTIVE,Operator_163
COMM07047,SATCOM_07047,48.068227,-131.115173,3204.63,Ku,7742.27,26181.11,ACTIVE,Operator_153
COMM07048,SATCOM_07048,-58.197903,-70.840461,9326.08,C,25553.39,28610.41,ACTIVE,Operator_171
COMM07049,SATCOM_07049,-4.251437,-59.48677,21469.3,L,3707.24,8963.32,ACTIVE,Operator_213
COMM07050,SATCOM_07050,-48.764162,20.592767,31271.47,Ku,20892.02,18299.17,INACTIVE,Operator_160
COMM07051,SATCOM_07051,-44.628397,113.45861,22733.68,C,11628.85,14280.49,ACTIVE,Operator_45
COMM07052,SATCOM_07052,37.113445,61.337123,31799.25,Ku,19817.36,21415.2,MAINTENANCE,Operator_87
COMM07053,SATCOM_07053,66.233861,-53.704898,25348.04,Ku,24613.3,4980.47,INACTIVE,Operator_114
COMM07054,SATCOM_07054,-85.885245,10.681326,28441.96,Ka,23944.32,10467.18,ACTIVE,Operator_125
COMM07055,SATCOM_07055,-9.309339,170.998144,34692.2,L,8214.07,27079.95,MAINTENANCE,Operator_232
COMM07056,SATCOM_07056,-64.987211,-95.313632,17459.38,Ka,25667.95,21867.97,MAINTENANCE,Operator_5
COMM07057,SATCOM_07057,-79.833702,149.333284,1275.44,Ku,9968.71,14259.96,ACTIVE,Operator_150
COMM07058,SATCOM_07058,52.682355,64.914752,18636.59,Ka,6500.67,20272.82,MAINTENANCE,Operator_12
COMM07059,SATCOM_07059,49.643637,-161.371923,3693.56,C,21177.92,12862.83,ACTIVE,Operator_18
COMM07060,SATCOM_07060,18.520782,-130.937935,22055.17,Ku,10041.18,18411.17,MAINTENANCE,Operator_72
COMM07061,SATCOM_07061,-61.94205,36.347409,7081.9,Ku,28048.48,3287.19,MAINTENANCE,Operator_11
COMM07062,SATCOM_07062,6.40015,-67.503304,22818.61,S,18407.16,7753.84,INACTIVE,Operator_141
COMM07063,SATCOM_07063,67.837965,-116.414662,4082.89,L,11026.38,13816.97,INACTIVE,Operator_132
COMM07064,SATCOM_07064,-66.982609,77.759618,27214.99,X,17907.06,20790.17,ACTIVE,Operator_249
COMM07065,SATCOM_07065,52.527206,-172.231716,2765.2,S,16212.15,11360.53,ACTIVE,Operator_152
COMM07066,SATCOM_07066,-1.04623,-11.661858,3800.57,L,29726.64,2092.68,MAINTENANCE,Operator_218
COMM07067,SATCOM_07067,-29.004133,9.257122,17524.55,Ku,13710.81,4385.78,MAINTENANCE,Operator_135
COMM07068,SATCOM_07068,53.423772,99.216537,8851.52,S,26573.39,15862.31,MAINTENANCE,Operator_147
COMM07069,SATCOM_07069,28.732058,-67.740624,9790.12,Ku,9584.51,13645.32,INACTIVE,Operator_246
COMM07070,SATCOM_07070,23.149608,138.916834,19901.66,X,19079.09,1888.39,MAINTENANCE,Operator_179
COMM07071,SATCOM_07071,-86.111952,69.693293,5002.58,X,5744.6,22461.74,MAINTENANCE,Operator_125
COMM07072,SATCOM_07072,-9.481275,-108.004003,11255.21,C,13322.03,8108.6,MAINTENANCE,Operator_90
COMM07073,SATCOM_07073,-82.19029,163.315654,2207.11,L,2589.04,20457.01,ACTIVE,Operator_49
COMM07074,SATCOM_07074,81.147289,-179.712433,1663.19,C,14858.62,7126.44,ACTIVE,Operator_229
COMM07075,SATCOM_07075,82.00288,-16.686715,3410.69,C,13619.19,12638.97,INACTIVE,Operator_232
COMM07076,SATCOM_07076,89.169173,121.953754,25168.35,S,5382.46,26458.23,MAINTENANCE,Operator_58
COMM07077,SATCOM_07077,-73.912372,116.670647,13657.15,Ku,14494.48,23156.33,MAINTENANCE,Operator_238
COMM07078,SATCOM_07078,4.761671,168.125726,33062.54,X,18253.8,14515.23,MAINTENANCE,Operator_8
COMM07079,SATCOM_07079,-10.701924,5.754972,16184.87,Ku,25911.53,19687.6,INACTIVE,Operator_105
COMM07080,SATCOM_07080,69.88379,17.732805,19951.41,Ka,8639.08,14467.44,INACTIVE,Operator_17
COMM07081,SATCOM_07081,-38.416691,41.889322,2261.44,C,25910.48,4261.75,MAINTENANCE,Operator_76
COMM07082,SATCOM_07082,-33.578206,-126.002666,28471.66,X,9153.86,7651.21,ACTIVE,Operator_93
COMM07083,SATCOM_07083,14.162851,35.3092,13854.29,L,5936.9,19219.4,INACTIVE,Operator_47
COMM07084,SATCOM_07084,-44.611537,-139.827966,31761.99,C,19033.72,4193.95,ACTIVE,Operator_35
COMM07085,SATCOM_07085,-66.555599,-29.49049,20166.99,S,22331.39,10117.34,ACTIVE,Operator_35
COMM07086,SATCOM_07086,46.873149,-106.903087,20179.71,X,6468.55,15755.64,ACTIVE,Operator_165
COMM07087,SATCOM_07087,-23.65966,151.202793,3370.57,L,8706.59,16562.72,ACTIVE,Operator_37
COMM07088,SATCOM_07088,-53.978321,147.226377,11390.66,S,7138.48,22234.31,ACTIVE,Operator_20
COMM07089,SATCOM_07089,50.609704,136.8671,16818.46,Ku,28975.73,1286.02,INACTIVE,Operator_206
COMM07090,SATCOM_07090,-14.82505,-16.850745,29295.05,Ka,5533.46,14223.19,MAINTENANCE,Operator_194
COMM07091,SATCOM_07091,39.418561,17.959053,253.54,L,12681.36,14901.39,INACTIVE,Operator_172
COMM07092,SATCOM_07092,-26.513094,-165.113082,24829.28,S,18186.16,17664.78,MAINTENANCE,Operator_56
COMM07093,SATCOM_07093,-41.851967,-98.703369,29315.9,X,3247.94,23070.26,INACTIVE,Operator_146
COMM07094,SATCOM_07094,-36.206555,-14.440273,33056.0,X,13773.54,17071.44,ACTIVE,Operator_1
COMM07095,SATCOM_07095,53.968748,-55.550718,28660.11,Ku,19589.16,28062.82,INACTIVE,Operator_75
COMM07096,SATCOM_07096,-21.994896,138.124549,8379.39,Ku,21067.93,14177.93,MAINTENANCE,Operator_223
COMM07097,SATCOM_07097,-41.073691,3.040186,8936.97,Ka,22691.05,21722.27,MAINTENANCE,Operator_207
COMM07098,SATCOM_07098,-29.021083,-124.962443,30821.06,Ku,1972.34,15724.58,INACTIVE,Operator_155
COMM07099,SATCOM_07099,-84.505704,10.419148,15776.23,S,11007.59,27280.89,ACTIVE,Operator_163
COMM07100,SATCOM_07100,-88.804795,-120.301039,11439.61,S,21368.69,13350.81,MAINTENANCE,Operator_172
COMM07101,SATCOM_07101,-23.919809,95.80497,17451.84,X,26088.03,3571.16,MAINTENANCE,Operator_16
COMM07102,SATCOM_07102,-89.868974,-178.613689,8773.12,Ka,10940.97,24888.82,MAINTENANCE,Operator_74
COMM07103,SATCOM_07103,-60.284708,-133.769128,34041.92,L,12023.12,29058.1,ACTIVE,Operator_221
COMM07104,SATCOM_07104,16.584868,130.664244,12652.56,Ku,26830.71,27596.24,INACTIVE,Operator_196
COMM07105,SATCOM_07105,-9.504847,-87.333278,25815.23,X,13276.84,1560.63,MAINTENANCE,Operator_179
COMM07106,SATCOM_07106,-8.977981,9.444231,19166.33,X,23093.74,5468.05,ACTIVE,Operator_192
COMM07107,SATCOM_07107,20.256774,-22.48361,15390.26,Ka,7573.0,20605.63,MAINTENANCE,Operator_128
COMM07108,SATCOM_07108,7.76683,5.850343,10177.92,Ku,25943.15,19896.53,INACTIVE,Operator_27
COMM07109,SATCOM_07109,74.778675,99.319657,11325.66,S,1503.46,7147.12,MAINTENANCE,Operator_129
COMM07110,SATCOM_07110,-30.689881,151.486462,3925.0,C,19422.33,11561.92,MAINTENANCE,Operator_208
COMM07111,SATCOM_07111,-20.086818,87.043102,25369.96,C,29894.43,20471.94,MAINTENANCE,Operator_108
COMM07112,SATCOM_07112,-74.900397,-19.670714,20525.54,X,25417.14,28614.97,ACTIVE,Operator_140
COMM07113,SATCOM_07113,-40.250986,20.829754,25885.02,C,14882.46,19368.86,MAINTENANCE,Operator_115
COMM07114,SATCOM_07114,-71.358876,-60.259845,3163.89,Ku,20341.81,24750.92,MAINTENANCE,Operator_106
COMM07115,SATCOM_07115,-12.880739,-19.707512,9506.81,Ku,4306.71,22979.22,INACTIVE,Operator_230
COMM07116,SATCOM_07116,-65.324758,84.242212,14107.12,S,10922.72,5674.53,MAINTENANCE,Operator_6
COMM07117,SATCOM_07117,-87.044911,-34.785475,2385.1,X,5443.72,14413.31,MAINTENANCE,Operator_83
COMM07118,SATCOM_07118,18.092533,75.306294,34563.19,X,4922.11,11517.51,INACTIVE,Operator_59
COMM07119,SATCOM_07119,76.175687,-17.364594,9133.32,Ku,15829.36,15058.92,ACTIVE,Operator_133
COMM07120,SATCOM_07120,28.194571,-130.471418,20583.32,Ka,27124.73,1858.27,MAINTENANCE,Operator_150
COMM07121,SATCOM_07121,25.049585,-25.10106,34343.86,S,29260.08,17709.64,ACTIVE,Operator_213
COMM07122,SATCOM_07122,-14.131788,25.694525,24400.11,Ka,22865.51,27620.46,INACTIVE,Operator_134
COMM07123,SATCOM_07123,-21.872321,-125.240957,5829.33,Ku,16975.04,11247.39,INACTIVE,Operator_39
COMM07124,SATCOM_07124,-44.307489,-175.315002,18035.35,Ku,2851.63,13416.4,ACTIVE,Operator_69
COMM07125,SATCOM_07125,-25.516421,-119.689195,17280.79,Ka,7223.07,23384.74,ACTIVE,Operator_14
COMM07126,SATCOM_07126,-33.17405,-33.523701,1958.45,Ku,15217.73,14302.84,INACTIVE,Operator_45
COMM07127,SATCOM_07127,6.050034,16.395862,12100.06,Ku,10796.94,29046.19,INACTIVE,Operator_247
COMM07128,SATCOM_07128,-83.42158,18.889928,1639.5,S,27350.46,15856.53,MAINTENANCE,Operator_18
COMM07129,SATCOM_07129,-88.300601,90.95753,3806.28,Ku,5327.55,14485.46,MAINTENANCE,Operator_67
COMM07130,SATCOM_07130,-88.405273,95.64878,11520.69,X,2792.06,10355.17,INACTIVE,Operator_210
COMM07131,SATCOM_07131,-25.717615,92.613113,10552.15,Ka,17596.64,3165.45,INACTIVE,Operator_149
COMM07132,SATCOM_07132,-10.774439,140.599177,23426.32,S,16234.49,19326.16,ACTIVE,Operator_49
COMM07133,SATCOM_07133,-72.654856,25.496462,8047.13,C,20465.88,12999.94,MAINTENANCE,Operator_202
COMM07134,SATCOM_07134,59.351842,-16.956682,9305.88,C,13573.15,25889.93,INACTIVE,Operator_64
COMM07135,SATCOM_07135,51.645463,-60.609602,19807.38,L,24391.63,7715.86,ACTIVE,Operator_207
COMM07136,SATCOM_07136,-39.855606,74.845375,23780.42,X,29476.6,28258.75,ACTIVE,Operator_172
COMM07137,SATCOM_07137,-45.023202,-32.358589,8982.08,L,8786.15,28201.69,MAINTENANCE,Operator_247
COMM07138,SATCOM_07138,-18.444915,175.708102,5658.27,C,20835.8,6480.25,MAINTENANCE,Operator_85
COMM07139,SATCOM_07139,68.875907,-82.616897,22484.1,Ku,22489.84,23109.05,ACTIVE,Operator_136
COMM07140,SATCOM_07140,7.427219,-96.316394,22927.1,S,29997.45,27071.57,MAINTENANCE,Operator_100
COMM07141,SATCOM_07141,53.811894,-18.946855,25759.28,Ku,26311.91,24331.75,ACTIVE,Operator_132
COMM07142,SATCOM_07142,6.560598,-114.803563,34173.53,Ku,8746.66,21428.94,ACTIVE,Operator_74
COMM07143,SATCOM_07143,-3.456993,138.65051,13123.14,C,23485.93,9636.35,INACTIVE,Operator_161
COMM07144,SATCOM_07144,35.949251,39.325808,32213.05,X,1404.67,7133.35,ACTIVE,Operator_176
COMM07145,SATCOM_07145,55.39734,-76.725316,22880.18,S,1941.23,3878.25,ACTIVE,Operator_134
COMM07146,SATCOM_07146,74.018021,-142.391353,23332.97,Ku,22639.31,8261.65,ACTIVE,Operator_24
COMM07147,SATCOM_07147,-74.973472,-49.26157,24231.0,Ka,14962.6,9969.68,ACTIVE,Operator_181
COMM07148,SATCOM_07148,-55.249995,103.50619,32972.72,L,15848.85,3049.85,ACTIVE,Operator_27
COMM07149,SATCOM_07149,-82.176598,-10.680833,30547.11,S,22008.84,15858.81,MAINTENANCE,Operator_88
COMM07150,SATCOM_07150,-25.978404,149.733311,22135.83,Ku,15990.36,14288.58,MAINTENANCE,Operator_166
COMM07151,SATCOM_07151,32.888298,159.170558,9246.72,C,9240.12,20022.87,INACTIVE,Operator_223
COMM07152,SATCOM_07152,-17.326975,-152.265201,25032.99,L,24209.68,12468.8,ACTIVE,Operator_104
COMM07153,SATCOM_07153,-41.541244,-166.582991,18747.6,L,10660.48,25554.36,INACTIVE,Operator_61
COMM07154,SATCOM_07154,-8.554835,148.103086,32099.44,L,23835.79,4922.5,INACTIVE,Operator_172
COMM07155,SATCOM_07155,-82.595025,107.893787,26374.81,L,21981.18,13424.56,ACTIVE,Operator_120
COMM07156,SATCOM_07156,65.49955,21.378304,12416.56,L,11573.78,4004.92,INACTIVE,Operator_14
COMM07157,SATCOM_07157,10.091354,11.833591,18055.63,S,24030.8,14324.81,MAINTENANCE,Operator_93
COMM07158,SATCOM_07158,67.595216,-97.952271,30001.91,L,7076.93,27199.1,MAINTENANCE,Operator_45
COMM07159,SATCOM_07159,-82.090244,123.289317,24946.26,L,15281.96,25824.75,INACTIVE,Operator_200
COMM07160,SATCOM_07160,74.375965,34.734918,27704.73,L,29713.56,26289.77,MAINTENANCE,Operator_42
COMM07161,SATCOM_07161,-11.682688,110.357977,3390.6,S,28839.43,28388.08,ACTIVE,Operator_71
COMM07162,SATCOM_07162,-59.403479,-132.989355,34629.35,C,8300.64,12450.22,MAINTENANCE,Operator_234
COMM07163,SATCOM_07163,-39.864712,60.447749,1468.49,Ka,29308.38,21335.54,MAINTENANCE,Operator_227
COMM07164,SATCOM_07164,-35.480865,24.226156,6071.63,X,19177.89,9665.84,ACTIVE,Operator_230
COMM07165,SATCOM_07165,-10.921089,108.869061,4151.98,S,7094.32,14476.81,INACTIVE,Operator_32
COMM07166,SATCOM_07166,-83.837368,142.065685,7372.38,Ku,7227.7,10555.6,ACTIVE,Operator_243
COMM07167,SATCOM_07167,18.59046,129.431692,6167.52,L,25982.04,25435.41,INACTIVE,Operator_224
COMM07168,SATCOM_07168,12.466328,140.035724,14853.36,L,26828.43,28453.37,MAINTENANCE,Operator_108
COMM07169,SATCOM_07169,75.017374,-17.827424,33553.45,X,5200.9,14466.78,ACTIVE,Operator_56
COMM07170,SATCOM_07170,32.234727,-18.091997,6900.97,Ku,15276.47,13243.96,INACTIVE,Operator_119
COMM07171,SATCOM_07171,-8.057554,-97.930339,22292.36,C,21717.45,26560.55,MAINTENANCE,Operator_161
COMM07172,SATCOM_07172,-24.947539,159.583289,28709.71,L,13913.8,4517.14,ACTIVE,Operator_157
COMM07173,SATCOM_07173,79.042033,-12.999188,27274.39,L,26524.25,27741.8,ACTIVE,Operator_134
COMM07174,SATCOM_07174,70.728201,-95.390706,9832.38,X,13029.45,18410.55,ACTIVE,Operator_133
COMM07175,SATCOM_07175,32.548206,-45.473922,10991.1,Ka,17008.93,12041.07,MAINTENANCE,Operator_210
COMM07176,SATCOM_07176,36.947138,148.553966,12711.94,S,9456.28,26755.11,INACTIVE,Operator_123
COMM07177,SATCOM_07177,-55.718898,-54.738447,23505.48,X,4587.39,5203.55,ACTIVE,Operator_243
COMM07178,SATCOM_07178,2.934318,152.214997,4814.56,S,13393.58,6028.1,MAINTENANCE,Operator_135
COMM07179,SATCOM_07179,-22.498675,-93.582942,23007.1,X,15018.9,7275.05,INACTIVE,Operator_177
COMM07180,SATCOM_07180,-14.530464,33.519711,14929.34,L,4626.89,3482.34,ACTIVE,Operator_64
COMM07181,SATCOM_07181,27.696702,146.547753,30144.88,S,26520.23,23430.66,MAINTENANCE,Operator_14
COMM07182,SATCOM_07182,87.177363,68.829169,8494.08,Ku,10599.16,29394.17,INACTIVE,Operator_163
COMM07183,SATCOM_07183,-48.326354,-18.81107,33269.96,Ka,25964.16,12443.91,ACTIVE,Operator_189
COMM07184,SATCOM_07184,-29.321353,-86.059907,1118.05,X,28970.73,18223.97,INACTIVE,Operator_249
COMM07185,SATCOM_07185,-22.838477,150.666449,29904.28,C,3077.95,25147.62,ACTIVE,Operator_132
COMM07186,SATCOM_07186,26.954516,126.588066,35798.45,Ka,9972.78,24426.36,ACTIVE,Operator_223
COMM07187,SATCOM_07187,-30.248158,-57.400895,13966.93,Ku,1183.62,23586.33,MAINTENANCE,Operator_190
COMM07188,SATCOM_07188,86.464602,34.218241,26147.24,X,4588.93,27079.09,INACTIVE,Operator_175
COMM07189,SATCOM_07189,-83.381549,137.934558,23117.22,S,24801.74,25501.01,ACTIVE,Operator_183
COMM07190,SATCOM_07190,-71.769622,129.691734,17675.75,Ku,16678.59,6276.25,MAINTENANCE,Operator_243
COMM07191,SATCOM_07191,61.772104,28.218453,9820.98,Ka,29246.4,17788.62,MAINTENANCE,Operator_10
COMM07192,SATCOM_07192,65.386746,-26.94787,13747.01,X,12922.19,11291.98,INACTIVE,Operator_151
COMM07193,SATCOM_07193,26.755841,-27.525607,19821.4,Ku,10995.18,27377.37,INACTIVE,Operator_52
COMM07194,SATCOM_07194,-7.840308,-140.818065,11720.5,C,27131.37,29553.67,MAINTENANCE,Operator_237
COMM07195,SATCOM_07195,-79.366967,-117.077063,27477.76,C,24540.85,4429.09,ACTIVE,Operator_243
COMM07196,SATCOM_07196,1.270732,-66.848588,4707.37,C,24891.62,21899.54,INACTIVE,Operator_157
COMM07197,SATCOM_07197,27.729937,-112.905318,33901.07,X,24129.93,18371.92,INACTIVE,Operator_88
COMM07198,SATCOM_07198,11.118989,-91.281622,1670.35,L,20872.97,4289.37,INACTIVE,Operator_27
COMM07199,SATCOM_07199,-10.0494,120.2922,31814.61,C,11361.87,28647.05,MAINTENANCE,Operator_96
COMM07200,SATCOM_07200,37.165697,18.462975,31632.68,Ku,2509.49,12244.7,INACTIVE,Operator_117
COMM07201,SATCOM_07201,-25.860223,-81.663507,23969.73,Ka,1507.26,1545.23,ACTIVE,Operator_231
COMM07202,SATCOM_07202,-70.011892,81.302823,13129.12,Ku,23526.87,15939.35,ACTIVE,Operator_19
COMM07203,SATCOM_07203,-3.081573,-158.53022,11308.88,S,25411.23,7312.45,ACTIVE,Operator_73
COMM07204,SATCOM_07204,80.536672,-95.694628,7500.17,X,3121.39,22733.01,MAINTENANCE,Operator_15
COMM07205,SATCOM_07205,-60.127415,-62.738821,26972.49,X,7121.39,17058.55,ACTIVE,Operator_99
COMM07206,SATCOM_07206,51.355753,-158.584301,22969.31,C,25036.84,5530.29,ACTIVE,Operator_198
COMM07207,SATCOM_07207,-12.657588,-156.443202,889.9,X,29301.78,13878.79,ACTIVE,Operator_203
COMM07208,SATCOM_07208,75.551982,141.340673,27876.45,S,14533.83,29555.06,ACTIVE,Operator_185
COMM07209,SATCOM_07209,-40.24535,33.332879,35181.04,X,6160.47,20000.3,INACTIVE,Operator_88
COMM07210,SATCOM_07210,3.649607,101.464602,21765.63,L,16051.93,1791.46,INACTIVE,Operator_104
COMM07211,SATCOM_07211,41.936249,-111.049039,17606.42,L,5850.18,20914.69,INACTIVE,Operator_148
COMM07212,SATCOM_07212,58.658931,167.018542,12307.72,S,29379.66,9674.53,ACTIVE,Operator_172
COMM07213,SATCOM_07213,58.842945,-176.827851,6066.1,L,19294.26,25363.94,ACTIVE,Operator_176
COMM07214,SATCOM_07214,-51.2092,86.014261,990.61,C,19908.28,6645.16,MAINTENANCE,Operator_70
COMM07215,SATCOM_07215,87.137781,-138.561327,7313.67,Ku,29423.52,3295.74,ACTIVE,Operator_221
COMM07216,SATCOM_07216,-56.496234,87.748066,33844.12,L,10237.75,18429.5,MAINTENANCE,Operator_39
COMM07217,SATCOM_07217,68.08241,171.650741,17829.0,X,11100.94,17480.83,MAINTENANCE,Operator_95
COMM07218,SATCOM_07218,67.076643,172.316373,1468.53,Ka,12185.35,10099.68,INACTIVE,Operator_234
COMM07219,SATCOM_07219,-86.963527,-122.529642,5028.49,Ku,26735.8,23203.79,ACTIVE,Operator_33
COMM07220,SATCOM_07220,-9.538045,-137.464516,29860.39,S,11891.87,29894.3,MAINTENANCE,Operator_86
COMM07221,SATCOM_07221,24.200964,155.929328,494.61,L,16019.07,17208.73,INACTIVE,Operator_93
COMM07222,SATCOM_07222,80.781712,110.823439,10213.25,L,2244.47,12276.22,MAINTENANCE,Operator_23
COMM07223,SATCOM_07223,77.275899,127.327981,660.68,S,3762.72,24070.43,ACTIVE,Operator_63
COMM07224,SATCOM_07224,-84.626204,48.170534,35122.37,Ka,28937.32,9571.8,ACTIVE,Operator_48
COMM07225,SATCOM_07225,25.845725,4.553435,7365.29,C,4725.37,29899.67,ACTIVE,Operator_38
COMM07226,SATCOM_07226,-21.440712,-79.804088,17148.63,C,24547.41,4203.96,INACTIVE,Operator_180
COMM07227,SATCOM_07227,7.788617,83.042761,35550.95,L,21645.72,23458.33,ACTIVE,Operator_47
COMM07228,SATCOM_07228,-41.060209,98.998492,28708.31,S,10887.22,19216.61,ACTIVE,Operator_239
COMM07229,SATCOM_07229,79.398266,39.123173,24877.09,Ka,23789.12,18230.17,INACTIVE,Operator_226
COMM07230,SATCOM_07230,-36.190892,-164.105945,26264.83,Ka,14152.86,13396.64,ACTIVE,Operator_209
COMM07231,SATCOM_07231,22.382198,-6.084775,8571.59,Ku,5036.87,9602.33,MAINTENANCE,Operator_45
COMM07232,SATCOM_07232,23.830361,-53.70177,26011.0,L,26679.85,4014.11,MAINTENANCE,Operator_243
COMM07233,SATCOM_07233,50.607364,-162.75378,17946.97,X,15774.44,3481.23,ACTIVE,Operator_44
COMM07234,SATCOM_07234,84.461611,51.255978,12945.11,S,2766.63,5717.91,MAINTENANCE,Operator_125
COMM07235,SATCOM_07235,-85.509787,-170.09392,27108.44,Ku,14245.46,8069.33,INACTIVE,Operator_3
COMM07236,SATCOM_07236,-44.83765,-57.675952,34608.93,S,10003.39,19639.66,ACTIVE,Operator_55
COMM07237,SATCOM_07237,72.994899,-30.311015,18409.97,X,25069.6,12240.8,ACTIVE,Operator_222
COMM07238,SATCOM_07238,77.642941,-140.417083,23108.83,Ka,8421.61,25526.74,INACTIVE,Operator_208
COMM07239,SATCOM_07239,-58.763429,-39.513621,15881.83,C,11710.38,18135.81,MAINTENANCE,Operator_218
COMM07240,SATCOM_07240,-13.104288,-67.829926,2836.32,L,8409.38,8108.35,INACTIVE,Operator_2
COMM07241,SATCOM_07241,-87.807147,45.759333,9771.95,L,7884.21,12607.03,INACTIVE,Operator_124
COMM07242,SATCOM_07242,58.139758,131.785314,9351.86,C,24704.47,9460.84,INACTIVE,Operator_139
COMM07243,SATCOM_07243,84.265257,125.843101,15393.12,S,29971.55,21393.77,ACTIVE,Operator_173
COMM07244,SATCOM_07244,43.433327,1.685305,18442.28,L,18790.56,15600.65,ACTIVE,Operator_88
COMM07245,SATCOM_07245,-0.116074,27.490928,9870.57,C,29072.1,10767.12,MAINTENANCE,Operator_83
COMM07246,SATCOM_07246,78.172187,-100.233108,10780.04,Ka,13410.94,19525.48,MAINTENANCE,Operator_222
COMM07247,SATCOM_07247,17.02979,-128.416364,8294.02,X,11413.11,13884.82,MAINTENANCE,Operator_95
COMM07248,SATCOM_07248,72.925895,44.883191,8340.51,Ka,8385.21,25084.2,ACTIVE,Operator_10
COMM07249,SATCOM_07249,-77.944302,175.302218,34673.58,X,28630.15,25030.93,MAINTENANCE,Operator_42
COMM07250,SATCOM_07250,-4.145357,-19.905626,15478.35,Ka,21843.83,28843.62,MAINTENANCE,Operator_87
COMM07251,SATCOM_07251,-51.502136,-119.526273,16143.14,Ka,2047.44,3457.49,INACTIVE,Operator_245
COMM07252,SATCOM_07252,-60.60836,136.605725,16544.84,L,19886.2,20258.5,MAINTENANCE,Operator_151
COMM07253,SATCOM_07253,-74.350155,-77.713796,27406.53,L,8004.62,26708.5,INACTIVE,Operator_88
COMM07254,SATCOM_07254,-1.945913,62.760399,5523.62,S,15535.48,8374.96,MAINTENANCE,Operator_135
COMM07255,SATCOM_07255,-83.849921,28.59611,28733.0,Ku,5143.77,28632.45,INACTIVE,Operator_196
COMM07256,SATCOM_07256,43.949414,121.168777,18255.52,Ku,3409.28,27252.0,INACTIVE,Operator_44
COMM07257,SATCOM_07257,-78.919486,96.727359,31777.67,S,14150.0,21759.22,MAINTENANCE,Operator_6
COMM07258,SATCOM_07258,26.793178,-118.751653,26804.37,L,28708.6,10931.9,MAINTENANCE,Operator_41
COMM07259,SATCOM_07259,-18.121794,-48.334439,26457.8,X,21614.8,9466.46,INACTIVE,Operator_133
COMM07260,SATCOM_07260,65.983747,-50.585148,17596.32,X,12158.04,8153.3,MAINTENANCE,Operator_158
COMM07261,SATCOM_07261,42.184727,67.014793,29359.76,Ku,9379.55,18808.72,MAINTENANCE,Operator_77
COMM07262,SATCOM_07262,40.532513,130.142781,11192.03,Ka,12633.11,29774.14,MAINTENANCE,Operator_18
COMM07263,SATCOM_07263,75.150714,-14.904696,3302.27,Ku,28039.43,1349.82,MAINTENANCE,Operator_104
COMM07264,SATCOM_07264,17.661291,64.639879,19150.21,C,9465.44,4888.28,ACTIVE,Operator_106
COMM07265,SATCOM_07265,-54.444591,115.861101,33962.69,L,8508.2,15637.0,ACTIVE,Operator_218
COMM07266,SATCOM_07266,-5.725633,-23.976169,32043.74,S,15829.44,18763.4,ACTIVE,Operator_188
COMM07267,SATCOM_07267,73.595265,13.131929,2727.08,L,2978.23,5628.98,ACTIVE,Operator_186
COMM07268,SATCOM_07268,-30.378958,-110.82539,22925.28,S,13487.59,21848.08,ACTIVE,Operator_2
COMM07269,SATCOM_07269,-77.392232,-37.063386,22947.76,S,21612.98,27020.3,INACTIVE,Operator_3
COMM07270,SATCOM_07270,83.604868,-30.223453,26470.99,Ka,12740.45,5496.29,INACTIVE,Operator_233
COMM07271,SATCOM_07271,-41.752861,-179.302719,23500.85,X,5374.95,19791.76,INACTIVE,Operator_75
COMM07272,SATCOM_07272,-42.528258,22.519487,28288.52,L,24775.96,26167.3,ACTIVE,Operator_51
COMM07273,SATCOM_07273,-46.651924,179.040231,30406.64,Ka,26898.95,15574.14,MAINTENANCE,Operator_60
COMM07274,SATCOM_07274,-46.739447,176.497708,13646.57,S,1336.21,8619.44,ACTIVE,Operator_207
COMM07275,SATCOM_07275,26.913099,-55.881834,15616.35,X,26858.04,11959.29,ACTIVE,Operator_76
COMM07276,SATCOM_07276,-11.607839,-14.813093,15152.64,S,8593.92,17415.48,INACTIVE,Operator_10
COMM07277,SATCOM_07277,-70.866072,-160.202569,3439.71,S,13991.55,4626.22,MAINTENANCE,Operator_105
COMM07278,SATCOM_07278,-6.865015,-59.06089,22524.8,Ku,7927.47,19586.56,INACTIVE,Operator_66
COMM07279,SATCOM_07279,-22.213631,30.10382,33806.89,C,11535.42,7465.44,INACTIVE,Operator_92
COMM07280,SATCOM_07280,27.25254,125.724765,19551.61,L,1831.99,4217.47,ACTIVE,Operator_98
COMM07281,SATCOM_07281,-41.479065,-20.502711,6079.48,Ka,16403.16,24802.2,MAINTENANCE,Operator_127
COMM07282,SATCOM_07282,32.500678,-147.034711,17529.16,L,10018.23,23664.34,MAINTENANCE,Operator_186
COMM07283,SATCOM_07283,49.068427,-140.434271,31949.91,S,14409.04,24377.55,MAINTENANCE,Operator_215
COMM07284,SATCOM_07284,-69.093635,-75.285609,34419.33,C,11076.22,29629.2,MAINTENANCE,Operator_66
COMM07285,SATCOM_07285,-18.15146,-87.469539,1586.15,S,21943.43,26720.53,MAINTENANCE,Operator_98
COMM07286,SATCOM_07286,26.703478,-10.319117,8316.76,C,13802.33,8128.31,ACTIVE,Operator_187
COMM07287,SATCOM_07287,-0.696493,65.665293,13662.14,L,2381.9,22171.27,ACTIVE,Operator_68
COMM07288,SATCOM_07288,53.916851,-38.617138,19545.77,Ka,9727.79,27254.0,ACTIVE,Operator_109
COMM07289,SATCOM_07289,70.367592,-89.61205,32578.72,X,20628.7,21452.87,ACTIVE,Operator_55
COMM07290,SATCOM_07290,-85.509463,-146.691399,15339.94,Ka,11370.66,11447.24,INACTIVE,Operator_154
COMM07291,SATCOM_07291,-8.230002,87.200672,2508.42,X,12158.14,13344.77,INACTIVE,Operator_22
COMM07292,SATCOM_07292,-61.056911,-76.930704,19923.55,C,6985.58,5951.66,MAINTENANCE,Operator_51
COMM07293,SATCOM_07293,30.937043,80.895198,4695.42,X,7947.54,11971.84,INACTIVE,Operator_239
COMM07294,SATCOM_07294,-12.172753,-158.561404,10592.25,Ku,22004.87,14023.55,ACTIVE,Operator_204
COMM07295,SATCOM_07295,-67.002527,139.90472,33664.07,Ku,3295.1,22875.22,ACTIVE,Operator_91
COMM07296,SATCOM_07296,-74.574824,-120.876316,33977.53,C,9423.46,21902.99,INACTIVE,Operator_67
COMM07297,SATCOM_07297,-60.25576,17.255355,17173.08,Ku,6124.86,6071.24,MAINTENANCE,Operator_98
COMM07298,SATCOM_07298,-55.251472,150.790322,6287.6,Ka,15652.62,9119.15,INACTIVE,Operator_101
COMM07299,SATCOM_07299,-45.569289,-107.306165,2974.84,S,26473.78,5762.26,MAINTENANCE,Operator_156
COMM07300,SATCOM_07300,6.009974,167.961608,27227.66,X,18261.26,9181.83,INACTIVE,Operator_227
COMM07301,SATCOM_07301,45.988399,-74.295796,11790.35,Ku,25490.36,3040.14,INACTIVE,Operator_225
COMM07302,SATCOM_07302,73.306456,-31.445392,29898.18,L,20382.5,3852.35,INACTIVE,Operator_223
COMM07303,SATCOM_07303,23.462989,-2.20585,21380.1,X,19725.1,5730.78,INACTIVE,Operator_12
COMM07304,SATCOM_07304,21.3644,-148.291669,10409.65,X,11693.42,6260.89,INACTIVE,Operator_80
COMM07305,SATCOM_07305,25.025819,-149.026667,2935.12,S,13165.49,18034.02,MAINTENANCE,Operator_32
COMM07306,SATCOM_07306,-12.437681,-158.133011,31283.32,C,13119.6,2416.11,MAINTENANCE,Operator_126
COMM07307,SATCOM_07307,45.816277,57.031783,22722.82,S,10189.02,14071.3,MAINTENANCE,Operator_107
COMM07308,SATCOM_07308,69.41877,116.846844,11239.06,X,1516.85,16553.44,ACTIVE,Operator_145
COMM07309,SATCOM_07309,33.48204,42.097057,12925.32,Ku,11437.23,15036.75,MAINTENANCE,Operator_243
COMM07310,SATCOM_07310,36.777711,-110.761825,5553.94,X,20866.91,17021.39,INACTIVE,Operator_169
COMM07311,SATCOM_07311,-54.036329,-43.725229,18113.87,X,20190.51,5107.59,MAINTENANCE,Operator_31
COMM07312,SATCOM_07312,-66.338534,-120.605068,2987.2,Ka,24419.59,14418.55,INACTIVE,Operator_225
COMM07313,SATCOM_07313,65.622963,38.916482,7616.11,S,8092.67,19918.86,ACTIVE,Operator_246
COMM07314,SATCOM_07314,-16.661749,-95.789297,11422.52,X,3672.25,25388.83,MAINTENANCE,Operator_162
COMM07315,SATCOM_07315,79.75134,103.036972,35032.79,Ka,13989.11,10446.62,INACTIVE,Operator_35
COMM07316,SATCOM_07316,84.532211,-18.976966,4413.33,Ku,4272.4,8026.51,ACTIVE,Operator_42
COMM07317,SATCOM_07317,39.641264,26.314037,16949.05,X,25734.65,4942.1,INACTIVE,Operator_220
COMM07318,SATCOM_07318,22.948197,-177.568169,20374.54,Ku,25385.8,15966.19,MAINTENANCE,Operator_14
COMM07319,SATCOM_07319,12.980141,-107.342117,6786.69,L,11396.57,7967.57,INACTIVE,Operator_64
COMM07320,SATCOM_07320,-35.028836,73.214154,3234.86,S,5907.03,7355.35,MAINTENANCE,Operator_5
COMM07321,SATCOM_07321,59.386631,-99.942116,20648.71,L,28714.26,22379.25,INACTIVE,Operator_157
COMM07322,SATCOM_07322,56.5064,-33.237559,28639.86,L,10641.49,22605.22,MAINTENANCE,Operator_158
COMM07323,SATCOM_07323,-61.437923,111.900895,13243.18,Ku,14674.53,15671.55,MAINTENANCE,Operator_46
COMM07324,SATCOM_07324,71.003988,95.453876,9853.37,L,22709.25,24426.94,MAINTENANCE,Operator_185
COMM07325,SATCOM_07325,-31.499343,-63.280747,11418.23,Ka,7660.65,29493.16,MAINTENANCE,Operator_181
COMM07326,SATCOM_07326,-71.312544,59.143706,13603.29,L,18022.64,27187.5,ACTIVE,Operator_223
COMM07327,SATCOM_07327,84.878271,15.44341,10663.64,C,27357.6,18251.14,ACTIVE,Operator_201
COMM07328,SATCOM_07328,89.289622,175.123939,13470.32,Ku,5660.85,10079.21,ACTIVE,Operator_213
COMM07329,SATCOM_07329,48.469365,15.152992,11444.97,C,25721.89,1740.82,INACTIVE,Operator_81
COMM07330,SATCOM_07330,15.814391,-170.48174,18310.78,X,7854.4,27681.67,MAINTENANCE,Operator_223
COMM07331,SATCOM_07331,-45.42972,91.294556,6288.67,S,3683.2,7522.84,MAINTENANCE,Operator_39
COMM07332,SATCOM_07332,-41.619947,110.97534,35669.85,Ka,15900.15,16909.08,ACTIVE,Operator_70
COMM07333,SATCOM_07333,-3.894454,74.175316,27872.97,C,11315.8,17504.17,INACTIVE,Operator_223
COMM07334,SATCOM_07334,-15.038196,136.140987,12937.51,S,14534.75,13996.93,ACTIVE,Operator_6
COMM07335,SATCOM_07335,-73.332692,2.429729,8298.3,S,27247.92,22054.9,INACTIVE,Operator_32
COMM07336,SATCOM_07336,13.921176,-96.150236,20000.77,Ku,14201.02,21675.83,MAINTENANCE,Operator_250
COMM07337,SATCOM_07337,-76.460103,-36.420815,24526.28,X,16858.76,26658.84,INACTIVE,Operator_109
COMM07338,SATCOM_07338,28.8528,72.263969,3946.04,Ku,11905.26,21766.48,MAINTENANCE,Operator_71
COMM07339,SATCOM_07339,8.513978,-39.981205,20641.63,S,6165.89,14678.83,ACTIVE,Operator_183
COMM07340,SATCOM_07340,-7.181081,-113.074497,537.82,L,5476.76,16865.6,ACTIVE,Operator_132
COMM07341,SATCOM_07341,-49.637553,-112.375121,6827.58,C,22776.46,26534.03,INACTIVE,Operator_31
COMM07342,SATCOM_07342,55.846196,136.573204,6146.99,Ka,3833.29,10321.43,MAINTENANCE,Operator_188
COMM07343,SATCOM_07343,39.776594,72.052787,5130.8,C,18183.21,22491.82,ACTIVE,Operator_16
COMM07344,SATCOM_07344,-30.399712,-42.065532,19214.64,S,8223.05,29795.53,ACTIVE,Operator_173
COMM07345,SATCOM_07345,11.352397,-172.065889,6953.03,Ku,21314.74,5009.34,MAINTENANCE,Operator_124
COMM07346,SATCOM_07346,61.09539,-65.198194,24845.83,L,16654.12,23774.18,INACTIVE,Operator_140
COMM07347,SATCOM_07347,-33.631104,102.910266,33006.85,C,13192.42,22212.09,ACTIVE,Operator_11
COMM07348,SATCOM_07348,-36.677437,141.402298,22127.99,Ka,26884.0,27605.51,ACTIVE,Operator_213
COMM07349,SATCOM_07349,-17.071877,-29.009886,33313.05,Ka,10503.9,24868.63,MAINTENANCE,Operator_167
COMM07350,SATCOM_07350,23.387568,-27.738664,3305.89,Ka,28839.55,2947.49,ACTIVE,Operator_127
COMM07351,SATCOM_07351,5.658378,-17.43277,35345.97,Ka,14459.88,19037.92,MAINTENANCE,Operator_234
COMM07352,SATCOM_07352,24.689176,-106.167965,35806.62,X,6474.69,17616.83,MAINTENANCE,Operator_32
COMM07353,SATCOM_07353,56.464603,59.753983,553.55,S,25224.11,7977.22,MAINTENANCE,Operator_51
COMM07354,SATCOM_07354,86.681482,-0.558301,12027.9,Ku,21516.43,5541.18,ACTIVE,Operator_83
COMM07355,SATCOM_07355,-53.934696,122.267716,28811.27,Ka,13385.52,16499.09,MAINTENANCE,Operator_143
COMM07356,SATCOM_07356,65.880257,-111.380257,34294.29,Ka,19244.78,15001.36,ACTIVE,Operator_135
COMM07357,SATCOM_07357,-77.481051,94.34221,4689.2,C,24111.11,27536.9,INACTIVE,Operator_117
COMM07358,SATCOM_07358,73.180428,-72.210424,17630.54,Ka,11230.78,23212.67,ACTIVE,Operator_71
COMM07359,SATCOM_07359,-27.412402,69.801258,5137.44,S,26126.28,20453.14,MAINTENANCE,Operator_134
COMM07360,SATCOM_07360,9.242969,-136.632907,8354.44,Ku,11946.62,13141.59,MAINTENANCE,Operator_15
COMM07361,SATCOM_07361,-71.510062,-105.411223,5133.43,C,16258.96,23657.51,INACTIVE,Operator_18
COMM07362,SATCOM_07362,-38.131267,46.932955,15726.17,C,21569.48,27079.43,MAINTENANCE,Operator_44
COMM07363,SATCOM_07363,-77.781501,51.980237,28053.72,X,16397.68,29430.02,INACTIVE,Operator_38
COMM07364,SATCOM_07364,-87.620291,-44.417716,29241.8,S,22367.5,11049.5,INACTIVE,Operator_52
COMM07365,SATCOM_07365,-78.077974,-25.614796,22729.18,L,14600.09,17753.11,INACTIVE,Operator_155
COMM07366,SATCOM_07366,88.393881,73.905945,2259.21,X,27048.18,24600.2,MAINTENANCE,Operator_110
COMM07367,SATCOM_07367,-55.336125,115.004037,22071.0,C,25633.08,8631.76,MAINTENANCE,Operator_59
COMM07368,SATCOM_07368,-4.804963,146.735805,35436.85,Ku,3420.72,5307.6,INACTIVE,Operator_62
COMM07369,SATCOM_07369,-25.700784,99.400756,14958.92,S,12248.41,19246.81,ACTIVE,Operator_108
COMM07370,SATCOM_07370,40.657203,-22.520535,17430.04,L,26186.21,13523.66,MAINTENANCE,Operator_106
COMM07371,SATCOM_07371,-26.008074,152.809337,8472.51,Ku,20615.89,7303.22,MAINTENANCE,Operator_21
COMM07372,SATCOM_07372,-80.875632,-26.993574,11179.74,L,27507.96,11603.24,INACTIVE,Operator_105
COMM07373,SATCOM_07373,26.535511,-24.058348,28219.78,X,9277.51,22322.89,ACTIVE,Operator_154
COMM07374,SATCOM_07374,-22.461466,80.847241,7219.47,Ka,24429.41,11095.99,INACTIVE,Operator_209
COMM07375,SATCOM_07375,34.850706,-154.180925,13667.07,S,14525.27,7895.81,ACTIVE,Operator_21
COMM07376,SATCOM_07376,-67.264417,-37.526632,28955.6,Ka,27723.47,20626.89,INACTIVE,Operator_130
COMM07377,SATCOM_07377,81.35554,26.686639,21482.41,S,22105.65,3694.77,MAINTENANCE,Operator_41
COMM07378,SATCOM_07378,-45.326468,0.242325,20810.56,S,21114.06,20667.15,MAINTENANCE,Operator_62
COMM07379,SATCOM_07379,-80.191311,174.768336,18836.65,Ka,25642.61,6612.11,ACTIVE,Operator_43
COMM07380,SATCOM_07380,-63.124732,30.572268,20109.9,L,1904.63,2712.85,MAINTENANCE,Operator_44
COMM07381,SATCOM_07381,-2.207276,-0.689233,27938.77,Ka,1355.66,13234.41,ACTIVE,Operator_46
COMM07382,SATCOM_07382,79.472533,-40.266179,14494.67,L,13985.62,13890.57,MAINTENANCE,Operator_171
COMM07383,SATCOM_07383,54.128679,0.990579,6007.14,L,19802.78,13032.09,INACTIVE,Operator_140
COMM07384,SATCOM_07384,-28.745699,-92.942396,310.89,S,11049.45,11824.47,MAINTENANCE,Operator_199
COMM07385,SATCOM_07385,77.434632,112.731819,34231.31,L,7862.62,29150.53,ACTIVE,Operator_137
COMM07386,SATCOM_07386,-83.825104,-78.548168,35612.13,S,5120.38,24644.0,INACTIVE,Operator_12
COMM07387,SATCOM_07387,-77.495236,-170.40595,28378.61,Ku,3430.93,14347.37,MAINTENANCE,Operator_137
COMM07388,SATCOM_07388,-20.836046,-173.566491,5381.31,C,20917.79,20624.24,INACTIVE,Operator_62
COMM07389,SATCOM_07389,39.237896,-63.876413,34447.21,L,23569.13,6567.46,MAINTENANCE,Operator_208
COMM07390,SATCOM_07390,-53.170135,-98.51558,26176.09,Ku,21503.56,2439.73,INACTIVE,Operator_228
COMM07391,SATCOM_07391,31.697309,70.841399,8940.06,Ka,11854.94,2924.08,MAINTENANCE,Operator_51
COMM07392,SATCOM_07392,-83.747177,100.640455,804.32,X,20787.11,21617.86,ACTIVE,Operator_48
COMM07393,SATCOM_07393,-55.591386,65.756239,8201.36,Ka,24388.82,18775.91,INACTIVE,Operator_153
COMM07394,SATCOM_07394,-17.735748,-62.479585,4867.38,X,13439.8,26197.51,ACTIVE,Operator_51
COMM07395,SATCOM_07395,-30.843669,-168.552154,26493.54,Ku,9823.07,16563.63,INACTIVE,Operator_86
COMM07396,SATCOM_07396,-65.254653,102.789145,2579.08,L,29313.86,1538.98,INACTIVE,Operator_97
COMM07397,SATCOM_07397,5.287629,-63.789791,18601.8,C,5438.41,22522.5,MAINTENANCE,Operator_222
COMM07398,SATCOM_07398,-47.157148,115.568946,22152.25,X,29299.27,13312.07,ACTIVE,Operator_53
COMM07399,SATCOM_07399,-76.386081,65.776437,13992.78,Ku,5714.57,4431.18,ACTIVE,Operator_89
COMM07400,SATCOM_07400,-74.981283,-168.670653,22054.08,Ku,18541.14,5220.62,INACTIVE,Operator_8
COMM07401,SATCOM_07401,-67.22906,-40.785173,31750.81,S,4963.76,26460.31,INACTIVE,Operator_142
COMM07402,SATCOM_07402,8.569946,132.944666,1686.34,S,5605.15,25837.91,MAINTENANCE,Operator_36
COMM07403,SATCOM_07403,44.735827,24.699095,30498.56,X,19561.25,3420.22,ACTIVE,Operator_35
COMM07404,SATCOM_07404,-88.984523,3.059783,22944.2,C,20273.18,25259.2,ACTIVE,Operator_65
COMM07405,SATCOM_07405,76.708898,-155.79862,13378.78,Ku,7210.02,13959.14,INACTIVE,Operator_73
COMM07406,SATCOM_07406,44.695315,-153.695259,35841.96,S,16474.54,12978.13,ACTIVE,Operator_237
COMM07407,SATCOM_07407,1.410881,-160.600745,19310.52,Ku,24841.73,22210.34,ACTIVE,Operator_71
COMM07408,SATCOM_07408,18.81393,26.803872,31267.53,Ku,5519.91,16701.73,ACTIVE,Operator_51
COMM07409,SATCOM_07409,37.139256,26.955634,35791.71,Ka,25131.62,19524.16,MAINTENANCE,Operator_162
COMM07410,SATCOM_07410,-34.986065,42.505577,15584.82,L,16180.4,19729.58,INACTIVE,Operator_208
COMM07411,SATCOM_07411,-78.683815,-145.068949,30551.52,Ka,25371.83,14393.7,MAINTENANCE,Operator_99
COMM07412,SATCOM_07412,-28.910099,164.216101,22624.75,C,3031.41,10694.95,MAINTENANCE,Operator_188
COMM07413,SATCOM_07413,-52.836385,-108.708775,21829.94,S,25374.08,16529.23,MAINTENANCE,Operator_210
COMM07414,SATCOM_07414,-62.051729,-117.110626,7627.96,X,27966.23,13795.19,INACTIVE,Operator_188
COMM07415,SATCOM_07415,-37.053296,-108.873143,29869.98,Ku,5764.65,2466.78,MAINTENANCE,Operator_61
COMM07416,SATCOM_07416,13.30626,-167.088391,30532.24,Ku,28603.89,12457.36,ACTIVE,Operator_107
COMM07417,SATCOM_07417,-78.539496,-110.937053,2396.28,C,2199.01,8597.75,MAINTENANCE,Operator_211
COMM07418,SATCOM_07418,-11.440182,69.614268,3522.11,X,17305.57,3227.26,ACTIVE,Operator_196
COMM07419,SATCOM_07419,73.115427,-91.843273,9362.9,Ku,8040.95,18379.63,MAINTENANCE,Operator_8
COMM07420,SATCOM_07420,-37.523245,157.620798,10269.13,Ku,28341.45,8118.12,MAINTENANCE,Operator_92
COMM07421,SATCOM_07421,52.50152,-122.059507,27981.47,Ku,5845.48,24158.38,ACTIVE,Operator_214
COMM07422,SATCOM_07422,87.690908,-40.693725,17832.01,Ka,27118.62,17971.4,MAINTENANCE,Operator_105
COMM07423,SATCOM_07423,50.255491,63.322008,23841.2,X,5178.94,1200.74,MAINTENANCE,Operator_80
COMM07424,SATCOM_07424,46.434216,116.999668,1205.29,X,17920.62,10788.51,INACTIVE,Operator_229
COMM07425,SATCOM_07425,-57.233568,155.755618,29355.1,S,9930.85,11673.78,MAINTENANCE,Operator_60
COMM07426,SATCOM_07426,87.4712,-62.493498,11468.53,X,5671.91,29286.84,ACTIVE,Operator_78
COMM07427,SATCOM_07427,14.990194,21.35587,12517.88,L,24046.86,20299.14,MAINTENANCE,Operator_129
COMM07428,SATCOM_07428,-64.891769,179.069621,21684.67,C,15971.09,12273.18,MAINTENANCE,Operator_136
COMM07429,SATCOM_07429,70.508039,-143.059381,14806.76,L,5534.75,26339.6,INACTIVE,Operator_112
COMM07430,SATCOM_07430,-41.086228,-160.369247,18917.58,S,27262.28,7100.57,ACTIVE,Operator_138
COMM07431,SATCOM_07431,-20.503158,-172.472108,10916.54,X,14532.74,16713.21,INACTIVE,Operator_117
COMM07432,SATCOM_07432,63.896188,-148.632603,19053.54,L,18556.34,28646.88,INACTIVE,Operator_171
COMM07433,SATCOM_07433,-23.030603,-66.072704,23282.38,X,29359.65,8559.0,ACTIVE,Operator_17
COMM07434,SATCOM_07434,74.11617,-148.479628,28030.24,Ku,24575.25,23510.28,ACTIVE,Operator_6
COMM07435,SATCOM_07435,17.55351,98.325604,7998.37,C,23730.51,2327.23,ACTIVE,Operator_204
COMM07436,SATCOM_07436,32.160793,-142.106452,8624.02,X,21864.39,20175.9,MAINTENANCE,Operator_160
COMM07437,SATCOM_07437,79.194545,-65.860813,34978.29,C,25617.29,1989.49,MAINTENANCE,Operator_57
COMM07438,SATCOM_07438,17.132645,-83.385544,18903.33,Ku,5953.55,28316.78,INACTIVE,Operator_138
COMM07439,SATCOM_07439,29.31123,157.646219,1057.33,C,9950.58,2586.68,ACTIVE,Operator_206
COMM07440,SATCOM_07440,44.648886,22.057154,8911.04,X,26400.24,3878.73,ACTIVE,Operator_125
COMM07441,SATCOM_07441,-88.976862,-37.916588,15006.01,Ku,25331.29,1225.8,INACTIVE,Operator_82
COMM07442,SATCOM_07442,-34.693004,8.08466,32529.36,C,22361.59,28466.44,MAINTENANCE,Operator_150
COMM07443,SATCOM_07443,-30.781783,-68.84521,33753.54,L,17260.86,17541.64,ACTIVE,Operator_227
COMM07444,SATCOM_07444,87.670096,43.124668,30569.31,L,2914.97,22065.45,INACTIVE,Operator_184
COMM07445,SATCOM_07445,27.815807,73.160367,9900.89,Ku,27733.81,10968.19,MAINTENANCE,Operator_134
COMM07446,SATCOM_07446,-30.809118,175.893769,7745.67,S,2198.63,28511.5,ACTIVE,Operator_175
COMM07447,SATCOM_07447,-62.144691,-61.196245,13349.76,Ka,2494.8,20018.43,INACTIVE,Operator_225
COMM07448,SATCOM_07448,-36.977571,146.754309,20905.12,L,18946.31,23194.69,ACTIVE,Operator_114
COMM07449,SATCOM_07449,-26.874843,49.585255,20480.78,X,15812.33,19310.52,ACTIVE,Operator_100
COMM07450,SATCOM_07450,-63.942806,-14.083802,11190.88,C,19680.81,6672.33,ACTIVE,Operator_37
COMM07451,SATCOM_07451,81.857554,78.904891,33916.62,S,4991.96,1357.8,MAINTENANCE,Operator_65
COMM07452,SATCOM_07452,67.113766,-96.974839,16640.54,L,23794.32,21177.91,INACTIVE,Operator_129
COMM07453,SATCOM_07453,35.248432,-11.342473,20386.62,Ku,11904.44,24505.22,MAINTENANCE,Operator_127
COMM07454,SATCOM_07454,-0.23845,-52.831664,12005.39,C,3682.12,21055.99,INACTIVE,Operator_71
COMM07455,SATCOM_07455,63.602049,169.810056,13129.41,Ku,21961.68,2116.48,ACTIVE,Operator_47
COMM07456,SATCOM_07456,-34.650762,44.904913,4091.52,Ku,4544.28,28597.45,ACTIVE,Operator_250
COMM07457,SATCOM_07457,-24.618145,-14.320258,3662.35,C,24359.64,6952.85,MAINTENANCE,Operator_214
COMM07458,SATCOM_07458,37.626208,22.799363,10608.87,S,20324.48,29887.53,INACTIVE,Operator_110
COMM07459,SATCOM_07459,-16.599959,38.252414,21014.48,Ku,23727.74,11289.22,INACTIVE,Operator_107
COMM07460,SATCOM_07460,21.372143,-3.36934,20959.42,Ka,2070.43,6544.17,ACTIVE,Operator_58
COMM07461,SATCOM_07461,-73.495948,149.146149,15918.24,Ku,29601.71,3765.78,INACTIVE,Operator_139
COMM07462,SATCOM_07462,-39.085395,-160.973154,24394.56,S,1647.52,3605.88,MAINTENANCE,Operator_228
COMM07463,SATCOM_07463,7.179275,90.433727,321.66,C,22703.57,8022.21,MAINTENANCE,Operator_204
COMM07464,SATCOM_07464,41.751785,-64.875431,18165.21,Ku,5480.97,17279.95,MAINTENANCE,Operator_101
COMM07465,SATCOM_07465,70.105473,87.438826,35734.17,L,9700.5,7826.44,INACTIVE,Operator_154
COMM07466,SATCOM_07466,-26.21954,97.904443,11286.66,L,4750.96,21167.26,ACTIVE,Operator_27
COMM07467,SATCOM_07467,31.377346,135.085612,16145.62,Ku,1159.6,10592.6,ACTIVE,Operator_89
COMM07468,SATCOM_07468,-71.589639,-134.620343,4028.23,X,25823.22,15820.02,INACTIVE,Operator_168
COMM07469,SATCOM_07469,83.663038,84.816255,13005.14,Ka,3730.42,8310.22,INACTIVE,Operator_107
COMM07470,SATCOM_07470,20.978141,-105.008521,5929.43,X,21876.56,12277.25,MAINTENANCE,Operator_102
COMM07471,SATCOM_07471,35.292984,-4.428198,4597.19,L,12297.75,16768.94,INACTIVE,Operator_114
COMM07472,SATCOM_07472,-64.585113,42.445466,22293.78,Ku,22913.84,15047.87,MAINTENANCE,Operator_154
COMM07473,SATCOM_07473,8.342728,-7.669526,31384.83,Ka,21847.25,28161.03,MAINTENANCE,Operator_139
COMM07474,SATCOM_07474,9.907792,179.529857,12623.15,C,25253.44,5611.79,INACTIVE,Operator_220
COMM07475,SATCOM_07475,-41.337784,164.769586,7500.11,Ku,7575.26,26548.84,MAINTENANCE,Operator_235
COMM07476,SATCOM_07476,56.960693,33.467241,9842.03,L,27728.66,15204.1,MAINTENANCE,Operator_8
COMM07477,SATCOM_07477,-11.94564,-164.850018,1498.57,Ku,27980.58,14879.38,INACTIVE,Operator_222
COMM07478,SATCOM_07478,-71.518047,-94.168845,12406.08,X,14774.2,24789.65,MAINTENANCE,Operator_48
COMM07479,SATCOM_07479,-50.735871,-127.480712,7961.1,L,15078.39,29397.3,INACTIVE,Operator_173
COMM07480,SATCOM_07480,80.345523,-158.662277,35668.74,Ka,27354.12,18008.74,ACTIVE,Operator_245
COMM07481,SATCOM_07481,-7.9211,-116.064771,8990.47,L,27344.3,24171.37,INACTIVE,Operator_35
COMM07482,SATCOM_07482,37.959911,123.572357,19354.71,L,2396.01,8177.26,MAINTENANCE,Operator_31
COMM07483,SATCOM_07483,45.804137,-122.698465,7979.82,Ku,20512.78,18386.58,INACTIVE,Operator_51
COMM07484,SATCOM_07484,-74.770313,20.704926,23501.97,Ku,17626.4,13734.52,INACTIVE,Operator_159
COMM07485,SATCOM_07485,6.949078,139.799368,15696.77,Ku,26457.56,12201.03,ACTIVE,Operator_106
COMM07486,SATCOM_07486,-28.617533,88.463019,30465.11,L,3394.7,27270.06,MAINTENANCE,Operator_78
COMM07487,SATCOM_07487,8.150227,-20.907132,29129.05,C,3030.02,29910.32,MAINTENANCE,Operator_188
COMM07488,SATCOM_07488,19.307277,118.138388,26757.23,Ku,13217.02,25087.73,ACTIVE,Operator_129
COMM07489,SATCOM_07489,48.652867,-11.320464,8663.64,X,8518.02,19917.99,ACTIVE,Operator_161
COMM07490,SATCOM_07490,46.490963,83.119472,12569.88,S,16272.4,4847.79,ACTIVE,Operator_31
COMM07491,SATCOM_07491,36.651921,112.868005,32380.64,Ka,19301.84,5240.96,ACTIVE,Operator_168
COMM07492,SATCOM_07492,28.762738,-160.491153,6029.38,Ka,5892.64,25971.88,MAINTENANCE,Operator_9
COMM07493,SATCOM_07493,42.411961,-62.49231,23669.81,S,19689.87,22348.0,INACTIVE,Operator_209
COMM07494,SATCOM_07494,-50.049589,-145.048785,12707.48,L,7520.71,26046.29,ACTIVE,Operator_142
COMM07495,SATCOM_07495,-48.906478,131.170877,21870.87,L,22607.28,29214.45,ACTIVE,Operator_110
COMM07496,SATCOM_07496,-80.047041,-115.687461,24285.75,Ku,4157.1,8192.61,MAINTENANCE,Operator_250
COMM07497,SATCOM_07497,-1.430025,145.293747,2923.12,S,7329.69,19690.09,INACTIVE,Operator_239
COMM07498,SATCOM_07498,80.240918,1.138383,19078.97,L,3960.45,11669.35,ACTIVE,Operator_118
COMM07499,SATCOM_07499,-86.162695,15.532706,30951.0,C,17902.75,13906.34,MAINTENANCE,Operator_93
COMM07500,SATCOM_07500,-39.688403,173.461849,34510.41,C,8291.36,17454.27,ACTIVE,Operator_55
COMM07501,SATCOM_07501,40.677267,93.000479,32224.33,X,16812.63,16854.16,ACTIVE,Operator_200
COMM07502,SATCOM_07502,-53.701573,176.325205,25918.32,C,14101.88,23065.38,ACTIVE,Operator_61
COMM07503,SATCOM_07503,-67.330897,-130.621539,33030.93,C,21734.82,16329.65,ACTIVE,Operator_73
COMM07504,SATCOM_07504,29.657532,-52.714452,16957.07,X,4157.74,22807.88,INACTIVE,Operator_228
COMM07505,SATCOM_07505,-53.350104,-100.107889,33977.09,L,9903.78,10200.08,MAINTENANCE,Operator_17
COMM07506,SATCOM_07506,-35.487389,113.165633,31877.89,X,18435.82,24670.9,INACTIVE,Operator_218
COMM07507,SATCOM_07507,-32.855838,11.284843,35616.68,S,7838.23,12750.21,ACTIVE,Operator_71
COMM07508,SATCOM_07508,54.36485,-39.332503,7170.93,Ka,1745.53,26596.65,INACTIVE,Operator_197
COMM07509,SATCOM_07509,-69.695029,-122.773816,29478.22,L,28095.13,1844.32,ACTIVE,Operator_42
COMM07510,SATCOM_07510,8.471529,157.169311,2376.23,X,15519.07,29839.47,ACTIVE,Operator_10
COMM07511,SATCOM_07511,48.66981,-76.632444,28552.14,L,20002.97,14767.71,ACTIVE,Operator_153
COMM07512,SATCOM_07512,-58.923656,-149.362705,15921.75,X,27291.78,2698.5,INACTIVE,Operator_90
COMM07513,SATCOM_07513,11.084057,136.470278,9357.81,X,22507.74,6154.16,MAINTENANCE,Operator_88
COMM07514,SATCOM_07514,11.140398,174.46485,17252.71,Ku,25554.14,3739.62,INACTIVE,Operator_226
COMM07515,SATCOM_07515,-35.611329,-146.901752,14046.49,L,7123.36,7402.86,ACTIVE,Operator_208
COMM07516,SATCOM_07516,-76.805934,94.212911,6287.52,Ku,11997.79,22211.45,MAINTENANCE,Operator_11
COMM07517,SATCOM_07517,63.373448,-106.8785,10487.27,S,11765.47,14797.04,ACTIVE,Operator_207
COMM07518,SATCOM_07518,14.261252,127.505851,28812.59,S,8944.35,27977.88,INACTIVE,Operator_213
COMM07519,SATCOM_07519,-70.246232,-46.929972,19797.12,X,12440.85,25683.68,INACTIVE,Operator_115
COMM07520,SATCOM_07520,44.315204,-30.354326,4409.47,L,2160.71,6373.64,ACTIVE,Operator_147
COMM07521,SATCOM_07521,22.733412,68.972232,1468.27,C,7507.8,13852.25,ACTIVE,Operator_232
COMM07522,SATCOM_07522,-53.969759,170.419107,26555.67,X,10549.12,29154.99,ACTIVE,Operator_196
COMM07523,SATCOM_07523,-61.716146,4.166286,25207.71,S,25386.15,10732.07,MAINTENANCE,Operator_120
COMM07524,SATCOM_07524,-30.190349,-134.027442,5467.29,X,16903.73,19606.94,INACTIVE,Operator_15
COMM07525,SATCOM_07525,81.660819,92.292662,25062.68,X,27259.25,22967.51,ACTIVE,Operator_85
COMM07526,SATCOM_07526,-9.037665,10.713099,21494.37,Ka,1497.8,1694.24,ACTIVE,Operator_47
COMM07527,SATCOM_07527,69.637963,174.557275,12037.41,C,26432.16,6644.0,ACTIVE,Operator_148
COMM07528,SATCOM_07528,82.96131,69.671579,11403.19,X,17488.53,15729.85,INACTIVE,Operator_41
COMM07529,SATCOM_07529,81.327388,-31.266951,30748.82,C,27765.11,27340.52,INACTIVE,Operator_22
COMM07530,SATCOM_07530,-0.712159,-179.823752,35001.32,Ka,20812.39,23424.32,INACTIVE,Operator_46
COMM07531,SATCOM_07531,-39.759242,145.853908,8468.01,C,21183.38,15673.47,MAINTENANCE,Operator_107
COMM07532,SATCOM_07532,80.262683,-39.778196,23014.4,L,7430.16,11872.51,MAINTENANCE,Operator_57
COMM07533,SATCOM_07533,-64.407732,116.762619,25514.09,L,22882.58,1373.23,INACTIVE,Operator_243
COMM07534,SATCOM_07534,-3.379555,-112.593269,5987.55,L,26886.7,15983.7,INACTIVE,Operator_103
COMM07535,SATCOM_07535,-23.998396,-100.183558,9409.05,S,17829.34,15386.01,INACTIVE,Operator_231
COMM07536,SATCOM_07536,-39.814269,-149.591503,684.91,Ku,21528.22,25164.15,INACTIVE,Operator_184
COMM07537,SATCOM_07537,-75.961619,51.795812,25665.37,Ku,28145.34,12329.55,MAINTENANCE,Operator_56
COMM07538,SATCOM_07538,-31.797416,129.018285,12758.38,X,2118.16,5098.85,INACTIVE,Operator_243
COMM07539,SATCOM_07539,-81.367536,88.052444,5954.57,L,16879.96,13299.06,MAINTENANCE,Operator_123
COMM07540,SATCOM_07540,-18.827681,-146.158367,29736.3,C,8759.23,18949.09,INACTIVE,Operator_155
COMM07541,SATCOM_07541,51.594564,174.314629,11392.35,L,10242.05,15629.82,MAINTENANCE,Operator_250
COMM07542,SATCOM_07542,-51.306323,-111.295339,16085.88,L,21443.19,16938.17,ACTIVE,Operator_45
COMM07543,SATCOM_07543,-17.379374,10.605163,15791.29,Ka,25385.64,2328.66,MAINTENANCE,Operator_19
COMM07544,SATCOM_07544,51.461471,-116.870866,10119.21,Ku,17879.44,14500.37,MAINTENANCE,Operator_106
COMM07545,SATCOM_07545,-4.652103,144.472509,3394.66,Ka,22898.68,25404.03,INACTIVE,Operator_223
COMM07546,SATCOM_07546,-6.382391,-46.911787,8812.09,L,2554.92,24799.17,INACTIVE,Operator_143
COMM07547,SATCOM_07547,62.358965,-114.685744,22789.28,Ka,4794.54,25843.25,INACTIVE,Operator_74
COMM07548,SATCOM_07548,-28.733817,-178.827438,22467.97,Ka,4936.51,4825.87,MAINTENANCE,Operator_68
COMM07549,SATCOM_07549,-44.975481,22.002413,4222.66,Ka,12246.91,20993.43,MAINTENANCE,Operator_155
COMM07550,SATCOM_07550,40.922015,140.231936,10698.97,Ka,9225.2,4918.35,MAINTENANCE,Operator_169
COMM07551,SATCOM_07551,7.867261,26.586013,22322.32,Ku,8460.38,27986.68,ACTIVE,Operator_37
COMM07552,SATCOM_07552,-16.75435,-65.306334,9679.88,X,9731.27,3522.21,INACTIVE,Operator_88
COMM07553,SATCOM_07553,12.310942,23.610219,21568.3,X,2147.89,6012.99,MAINTENANCE,Operator_126
COMM07554,SATCOM_07554,-69.651513,-168.601197,10509.51,Ka,5783.05,25432.99,MAINTENANCE,Operator_53
COMM07555,SATCOM_07555,-87.115278,54.115743,7462.32,X,19986.63,5803.52,MAINTENANCE,Operator_144
COMM07556,SATCOM_07556,72.493506,-132.608507,34541.89,Ku,10017.08,23979.32,INACTIVE,Operator_115
COMM07557,SATCOM_07557,-45.667406,-143.82271,19764.58,S,28066.74,19180.07,INACTIVE,Operator_41
COMM07558,SATCOM_07558,-69.287363,-95.414261,23730.86,L,16156.94,6092.59,ACTIVE,Operator_91
COMM07559,SATCOM_07559,47.892334,-146.158982,4439.62,S,18598.07,15730.45,MAINTENANCE,Operator_15
COMM07560,SATCOM_07560,31.42597,-83.514419,33369.44,Ka,23364.97,11179.34,MAINTENANCE,Operator_75
COMM07561,SATCOM_07561,58.025085,-9.119595,20308.17,S,19936.28,1633.62,ACTIVE,Operator_67
COMM07562,SATCOM_07562,11.048913,-43.877715,28550.12,S,15681.39,19884.54,ACTIVE,Operator_164
COMM07563,SATCOM_07563,-80.112895,27.743637,802.56,Ku,26120.64,17919.36,MAINTENANCE,Operator_139
COMM07564,SATCOM_07564,56.511628,-151.274724,10020.87,S,7903.77,6702.01,ACTIVE,Operator_143
COMM07565,SATCOM_07565,84.968824,115.336953,24034.04,X,10657.73,12702.19,MAINTENANCE,Operator_56
COMM07566,SATCOM_07566,27.558803,79.320564,11153.46,Ku,12331.68,10073.91,ACTIVE,Operator_86
COMM07567,SATCOM_07567,46.771764,-172.330987,10280.18,Ku,15020.68,27833.38,INACTIVE,Operator_181
COMM07568,SATCOM_07568,-21.172398,-77.988649,5665.67,Ka,20730.72,23524.08,MAINTENANCE,Operator_236
COMM07569,SATCOM_07569,-58.79075,-21.055832,13453.67,S,3991.3,28189.87,ACTIVE,Operator_126
COMM07570,SATCOM_07570,63.708615,-109.374139,23422.75,Ka,3730.31,12378.23,INACTIVE,Operator_35
COMM07571,SATCOM_07571,46.36773,178.959299,2590.73,Ka,28679.92,3776.42,ACTIVE,Operator_237
COMM07572,SATCOM_07572,14.671875,-56.449882,11786.63,S,14250.27,20469.82,INACTIVE,Operator_161
COMM07573,SATCOM_07573,-66.501929,24.481987,6039.96,X,2310.81,1999.68,INACTIVE,Operator_220
COMM07574,SATCOM_07574,-1.637014,19.74812,20960.19,Ka,9099.15,15387.36,INACTIVE,Operator_132
COMM07575,SATCOM_07575,-37.088049,-66.836528,8421.78,L,26763.3,29176.89,MAINTENANCE,Operator_151
COMM07576,SATCOM_07576,16.470357,37.878402,27753.23,C,29486.86,23636.99,ACTIVE,Operator_34
COMM07577,SATCOM_07577,-60.013222,147.387334,7210.43,Ku,9748.59,6794.3,INACTIVE,Operator_102
COMM07578,SATCOM_07578,4.006827,-130.63294,32666.05,S,29089.25,22216.48,INACTIVE,Operator_35
COMM07579,SATCOM_07579,-54.448143,83.844513,5740.12,Ku,29559.27,11155.25,INACTIVE,Operator_66
COMM07580,SATCOM_07580,-36.411804,-8.487955,20942.17,S,6425.2,8923.53,MAINTENANCE,Operator_195
COMM07581,SATCOM_07581,64.135471,122.854678,12333.72,Ku,19249.19,17862.85,INACTIVE,Operator_56
COMM07582,SATCOM_07582,-20.129762,-73.784224,20064.46,Ku,12175.64,3535.6,MAINTENANCE,Operator_46
COMM07583,SATCOM_07583,17.551847,-141.952092,12045.58,X,5656.85,2238.41,INACTIVE,Operator_50
COMM07584,SATCOM_07584,36.07487,-175.969113,10779.27,L,23791.62,9703.96,INACTIVE,Operator_125
COMM07585,SATCOM_07585,-49.884779,119.041637,3267.16,S,16896.55,16630.44,ACTIVE,Operator_170
COMM07586,SATCOM_07586,40.774043,-37.644103,13439.61,C,19862.24,3235.74,ACTIVE,Operator_249
COMM07587,SATCOM_07587,-64.911627,-141.252575,704.8,Ku,24965.08,16895.16,MAINTENANCE,Operator_66
COMM07588,SATCOM_07588,7.177696,-29.982786,35257.05,L,10772.26,27808.48,MAINTENANCE,Operator_190
COMM07589,SATCOM_07589,64.457026,95.994193,16683.15,Ka,6902.1,23469.54,ACTIVE,Operator_99
COMM07590,SATCOM_07590,10.297415,159.852768,8995.45,S,8439.27,11885.4,ACTIVE,Operator_195
COMM07591,SATCOM_07591,-29.567546,156.111093,16966.37,X,26703.16,12511.06,MAINTENANCE,Operator_162
COMM07592,SATCOM_07592,-71.878561,148.306025,9032.86,X,29162.93,27347.94,INACTIVE,Operator_145
COMM07593,SATCOM_07593,62.65133,-83.847598,19384.18,L,18798.27,6932.2,ACTIVE,Operator_136
COMM07594,SATCOM_07594,71.732831,-152.997365,2593.09,Ka,9821.76,13269.52,INACTIVE,Operator_185
COMM07595,SATCOM_07595,-67.545921,91.918217,12811.33,L,24101.84,12682.85,INACTIVE,Operator_220
COMM07596,SATCOM_07596,0.720145,34.060573,34331.64,X,18038.26,14471.68,ACTIVE,Operator_63
COMM07597,SATCOM_07597,59.408822,-178.443976,15082.75,X,16710.11,24312.04,ACTIVE,Operator_5
COMM07598,SATCOM_07598,-32.5632,-145.237605,853.8,S,15236.86,2623.51,INACTIVE,Operator_124
COMM07599,SATCOM_07599,-38.317119,-96.056768,11886.43,C,14479.91,6062.73,INACTIVE,Operator_167
COMM07600,SATCOM_07600,-75.161178,118.023561,31764.38,S,21760.34,25673.97,ACTIVE,Operator_123
COMM07601,SATCOM_07601,64.739814,177.471533,29911.84,Ka,26405.59,22064.44,MAINTENANCE,Operator_14
COMM07602,SATCOM_07602,41.822741,-160.27671,10685.97,C,6164.73,28817.52,MAINTENANCE,Operator_231
COMM07603,SATCOM_07603,-85.987797,82.842894,6810.4,L,26512.15,24864.83,ACTIVE,Operator_250
COMM07604,SATCOM_07604,-6.192213,-132.280026,24287.38,C,2122.84,8668.94,MAINTENANCE,Operator_160
COMM07605,SATCOM_07605,-42.718591,158.878291,6440.46,Ku,8650.02,11520.03,ACTIVE,Operator_48
COMM07606,SATCOM_07606,60.210378,-155.821633,15336.52,L,10690.79,28816.44,MAINTENANCE,Operator_100
COMM07607,SATCOM_07607,85.287937,33.203084,29504.37,C,11401.19,26154.37,MAINTENANCE,Operator_201
COMM07608,SATCOM_07608,69.608526,-140.476509,26074.49,X,23890.18,25893.02,ACTIVE,Operator_128
COMM07609,SATCOM_07609,20.36809,-86.486266,10163.93,X,9164.51,6686.54,ACTIVE,Operator_8
COMM07610,SATCOM_07610,-12.894299,-38.119434,795.93,Ku,7321.45,1302.33,MAINTENANCE,Operator_144
COMM07611,SATCOM_07611,-69.725384,50.508018,5963.24,S,2645.95,9284.96,MAINTENANCE,Operator_234
COMM07612,SATCOM_07612,71.174055,17.024852,26737.75,X,18662.42,9673.5,MAINTENANCE,Operator_161
COMM07613,SATCOM_07613,-45.631124,-18.129969,32002.04,C,18454.25,19155.59,MAINTENANCE,Operator_7
COMM07614,SATCOM_07614,-41.082741,-17.408329,11005.2,C,18720.61,27941.43,MAINTENANCE,Operator_57
COMM07615,SATCOM_07615,10.846078,170.63218,807.22,S,25551.74,2388.9,ACTIVE,Operator_30
COMM07616,SATCOM_07616,-17.338776,73.278023,24957.98,Ka,23153.67,11380.86,INACTIVE,Operator_132
COMM07617,SATCOM_07617,-36.594053,143.183298,21598.14,S,7244.79,22475.05,INACTIVE,Operator_230
COMM07618,SATCOM_07618,35.203692,-148.538182,21607.12,C,24604.72,17024.28,INACTIVE,Operator_235
COMM07619,SATCOM_07619,45.671145,-127.230336,20694.42,X,19363.15,15247.97,MAINTENANCE,Operator_88
COMM07620,SATCOM_07620,-18.919175,-8.064007,24027.04,L,7774.46,28348.37,MAINTENANCE,Operator_120
COMM07621,SATCOM_07621,-78.955271,-99.997605,8167.22,S,5527.08,2617.84,MAINTENANCE,Operator_28
COMM07622,SATCOM_07622,-5.415247,-140.238636,32655.24,Ku,16707.89,2239.82,MAINTENANCE,Operator_190
COMM07623,SATCOM_07623,-18.617211,74.282458,26877.53,L,25210.45,15676.39,INACTIVE,Operator_39
COMM07624,SATCOM_07624,57.563365,-26.832971,31167.41,S,17258.32,4920.55,MAINTENANCE,Operator_109
COMM07625,SATCOM_07625,-73.912629,-154.342556,2841.7,C,5935.61,7544.11,MAINTENANCE,Operator_236
COMM07626,SATCOM_07626,-83.848335,-156.163399,7216.84,S,14583.73,26060.32,ACTIVE,Operator_42
COMM07627,SATCOM_07627,-57.615689,-121.482107,11131.57,L,17793.35,22138.87,MAINTENANCE,Operator_143
COMM07628,SATCOM_07628,24.772956,-105.382672,25251.14,C,20248.64,1028.66,ACTIVE,Operator_215
COMM07629,SATCOM_07629,73.628649,-89.081544,33661.86,Ku,19602.24,22330.03,ACTIVE,Operator_112
COMM07630,SATCOM_07630,69.625399,173.429931,1379.07,X,23651.04,18473.6,MAINTENANCE,Operator_248
COMM07631,SATCOM_07631,23.8721,119.190432,30895.12,S,20953.45,20736.38,ACTIVE,Operator_225
COMM07632,SATCOM_07632,-39.069116,-63.811289,16214.38,Ka,16420.13,10205.53,MAINTENANCE,Operator_214
COMM07633,SATCOM_07633,-19.831184,-72.414757,20954.47,C,5678.85,19502.31,MAINTENANCE,Operator_214
COMM07634,SATCOM_07634,61.217867,171.216197,28934.75,S,7167.82,18349.62,ACTIVE,Operator_151
COMM07635,SATCOM_07635,21.379186,-130.357467,24563.9,C,22656.06,28053.68,MAINTENANCE,Operator_35
COMM07636,SATCOM_07636,24.289652,-97.508535,30774.46,Ka,24071.05,4162.94,ACTIVE,Operator_213
COMM07637,SATCOM_07637,-78.676592,160.285539,10363.38,Ka,15873.69,1641.93,INACTIVE,Operator_93
COMM07638,SATCOM_07638,69.660818,7.271198,27423.41,L,4123.07,7200.44,INACTIVE,Operator_98
COMM07639,SATCOM_07639,6.145489,124.884981,21179.9,L,4603.91,19724.11,INACTIVE,Operator_85
COMM07640,SATCOM_07640,-53.639577,107.53099,30221.34,Ku,10522.72,17479.4,INACTIVE,Operator_101
COMM07641,SATCOM_07641,-57.530497,-124.881763,21820.28,C,23922.24,11073.3,INACTIVE,Operator_216
COMM07642,SATCOM_07642,-69.498785,-129.723278,31410.6,Ku,9034.33,17625.55,MAINTENANCE,Operator_14
COMM07643,SATCOM_07643,46.192013,-112.02266,9869.11,Ku,7800.9,1086.12,MAINTENANCE,Operator_100
COMM07644,SATCOM_07644,-77.974906,-166.70359,21460.03,Ka,10495.78,26302.16,INACTIVE,Operator_38
COMM07645,SATCOM_07645,-36.115559,123.816531,11049.42,S,5763.79,22806.95,INACTIVE,Operator_67
COMM07646,SATCOM_07646,27.504849,85.159669,5977.94,Ka,7976.07,20044.21,ACTIVE,Operator_121
COMM07647,SATCOM_07647,52.921133,81.821808,7736.19,Ku,12062.57,22817.94,INACTIVE,Operator_190
COMM07648,SATCOM_07648,-45.818291,150.65269,8744.6,C,27562.05,24690.81,ACTIVE,Operator_11
COMM07649,SATCOM_07649,-83.541884,166.972648,5829.51,C,23590.59,10293.02,MAINTENANCE,Operator_213
COMM07650,SATCOM_07650,-85.052637,119.861902,12346.8,X,27758.19,3782.73,MAINTENANCE,Operator_123
COMM07651,SATCOM_07651,20.684057,81.240052,13044.64,X,19371.62,12823.43,INACTIVE,Operator_37
COMM07652,SATCOM_07652,-63.062359,149.701177,30780.71,L,10821.48,15600.99,MAINTENANCE,Operator_1
COMM07653,SATCOM_07653,-87.841009,-30.742624,33351.67,C,27727.55,3361.94,MAINTENANCE,Operator_61
COMM07654,SATCOM_07654,23.561934,-0.507741,28887.89,Ku,24322.7,23564.85,INACTIVE,Operator_233
COMM07655,SATCOM_07655,74.873061,-150.031026,10767.41,S,27540.74,2031.47,INACTIVE,Operator_51
COMM07656,SATCOM_07656,-41.337294,-79.89753,35741.35,Ku,17179.76,22816.59,ACTIVE,Operator_227
COMM07657,SATCOM_07657,-50.436541,-144.089992,14305.62,S,10289.66,9658.66,INACTIVE,Operator_219
COMM07658,SATCOM_07658,42.584308,1.40926,24740.42,C,8862.14,5471.72,INACTIVE,Operator_73
COMM07659,SATCOM_07659,19.188554,-113.127998,28124.74,L,21469.97,6541.18,MAINTENANCE,Operator_224
COMM07660,SATCOM_07660,18.985393,-140.390379,30846.8,C,12207.02,13913.9,ACTIVE,Operator_43
COMM07661,SATCOM_07661,-56.51019,64.465646,16482.43,Ku,19162.59,15636.53,INACTIVE,Operator_44
COMM07662,SATCOM_07662,74.042664,157.428936,9204.32,S,9698.14,14875.68,MAINTENANCE,Operator_125
COMM07663,SATCOM_07663,84.774959,1.17539,3845.65,L,26958.4,2423.68,INACTIVE,Operator_3
COMM07664,SATCOM_07664,-28.222831,78.481077,15976.06,Ka,3641.26,15171.95,MAINTENANCE,Operator_50
COMM07665,SATCOM_07665,4.631285,113.569277,12740.57,S,8376.31,20283.21,INACTIVE,Operator_2
COMM07666,SATCOM_07666,-26.182773,-67.218572,30057.35,S,2906.76,25626.79,MAINTENANCE,Operator_123
COMM07667,SATCOM_07667,-2.986563,42.213795,3864.85,L,26421.29,3980.33,MAINTENANCE,Operator_244
COMM07668,SATCOM_07668,68.278249,-149.446295,28198.93,L,5810.63,26592.05,ACTIVE,Operator_225
COMM07669,SATCOM_07669,-27.898108,88.548593,17910.05,X,13784.58,15036.87,INACTIVE,Operator_2
COMM07670,SATCOM_07670,-21.926619,-168.961877,35017.3,C,25762.99,26138.32,ACTIVE,Operator_221
COMM07671,SATCOM_07671,2.377644,-157.458514,23643.73,S,23407.1,25529.26,INACTIVE,Operator_107
COMM07672,SATCOM_07672,-87.14046,-63.054571,33070.82,L,6133.62,1838.73,INACTIVE,Operator_240
COMM07673,SATCOM_07673,-31.369646,71.921992,18635.22,S,19513.92,16794.42,INACTIVE,Operator_61
COMM07674,SATCOM_07674,-45.22809,-25.664091,32522.51,L,8797.67,29759.65,INACTIVE,Operator_98
COMM07675,SATCOM_07675,79.076835,80.785914,1763.67,Ka,3361.86,23601.22,INACTIVE,Operator_60
COMM07676,SATCOM_07676,-76.887603,-48.016947,32563.19,C,23526.71,25233.67,INACTIVE,Operator_102
COMM07677,SATCOM_07677,-31.22643,-23.112016,27578.53,Ku,8503.71,17878.01,INACTIVE,Operator_30
COMM07678,SATCOM_07678,-80.255713,131.877205,18003.41,C,3353.19,8507.03,MAINTENANCE,Operator_120
COMM07679,SATCOM_07679,67.202179,-144.60299,6485.77,S,23261.02,20269.63,ACTIVE,Operator_115
COMM07680,SATCOM_07680,40.276114,74.978797,12511.97,Ku,10094.01,16842.68,MAINTENANCE,Operator_188
COMM07681,SATCOM_07681,49.928277,18.128543,26370.35,L,16400.32,26598.15,MAINTENANCE,Operator_117
COMM07682,SATCOM_07682,33.603162,90.719437,23621.27,C,26859.23,10123.33,INACTIVE,Operator_94
COMM07683,SATCOM_07683,20.69314,-121.481001,9702.03,X,11831.65,27857.11,MAINTENANCE,Operator_62
COMM07684,SATCOM_07684,-38.956388,-108.374272,29185.18,S,14503.92,24966.88,ACTIVE,Operator_216
COMM07685,SATCOM_07685,83.870749,-53.121103,24217.75,Ka,22504.97,29575.01,ACTIVE,Operator_167
COMM07686,SATCOM_07686,41.26771,-76.661883,18707.34,S,27224.15,24871.97,MAINTENANCE,Operator_178
COMM07687,SATCOM_07687,72.660231,158.640727,22506.47,X,5050.85,23775.26,MAINTENANCE,Operator_147
COMM07688,SATCOM_07688,29.799181,-14.956032,5393.02,Ku,8190.58,28405.28,INACTIVE,Operator_75
COMM07689,SATCOM_07689,3.776345,166.874293,4233.76,Ka,28629.43,6482.56,ACTIVE,Operator_232
COMM07690,SATCOM_07690,-21.279494,80.492136,21754.23,L,14432.24,3688.75,ACTIVE,Operator_13
COMM07691,SATCOM_07691,55.874891,-48.558528,16606.45,L,25537.22,11045.47,INACTIVE,Operator_132
COMM07692,SATCOM_07692,5.860317,145.746455,5890.7,Ku,3688.87,7543.79,ACTIVE,Operator_66
COMM07693,SATCOM_07693,8.542316,145.713449,32601.4,L,3932.18,17402.47,MAINTENANCE,Operator_130
COMM07694,SATCOM_07694,-63.597053,132.165792,8688.65,Ku,14612.3,16859.9,ACTIVE,Operator_39
COMM07695,SATCOM_07695,-43.052385,68.515895,21357.34,L,27049.15,2068.81,MAINTENANCE,Operator_133
COMM07696,SATCOM_07696,-66.533239,-127.12863,12799.1,S,21141.66,19098.34,INACTIVE,Operator_103
COMM07697,SATCOM_07697,17.104679,55.678496,4245.35,X,8830.1,4993.13,ACTIVE,Operator_156
COMM07698,SATCOM_07698,-81.087978,-135.280921,10539.23,C,6319.13,27850.5,ACTIVE,Operator_187
COMM07699,SATCOM_07699,44.799856,-89.585907,32205.48,Ka,1520.73,22761.12,INACTIVE,Operator_201
COMM07700,SATCOM_07700,-82.907179,24.339605,26129.58,Ku,8643.78,9815.16,ACTIVE,Operator_154
COMM07701,SATCOM_07701,-14.730829,131.75231,26417.15,X,3696.01,11314.82,INACTIVE,Operator_4
COMM07702,SATCOM_07702,-3.254118,56.592571,14701.02,Ku,1794.97,12596.42,MAINTENANCE,Operator_197
COMM07703,SATCOM_07703,48.690356,85.793207,5838.01,X,22330.14,23405.05,INACTIVE,Operator_206
COMM07704,SATCOM_07704,-75.731483,-60.295588,7894.29,Ka,19654.55,28775.2,MAINTENANCE,Operator_136
COMM07705,SATCOM_07705,19.732159,-69.945364,28621.15,Ku,2207.59,20863.58,ACTIVE,Operator_26
COMM07706,SATCOM_07706,-25.499177,-63.215758,12314.52,Ku,29965.68,10658.13,INACTIVE,Operator_188
COMM07707,SATCOM_07707,54.151139,132.60946,7572.81,Ka,11705.47,1978.19,INACTIVE,Operator_30
COMM07708,SATCOM_07708,85.888438,80.664289,29888.31,L,25935.03,4090.4,INACTIVE,Operator_130
COMM07709,SATCOM_07709,-29.057751,-25.964375,21364.38,L,15455.47,23735.79,ACTIVE,Operator_187
COMM07710,SATCOM_07710,-55.555772,-94.882213,25383.18,X,26289.73,13411.52,MAINTENANCE,Operator_83
COMM07711,SATCOM_07711,-33.083268,-148.051301,21233.73,Ka,13736.05,19020.25,MAINTENANCE,Operator_228
COMM07712,SATCOM_07712,-82.066075,43.340145,8528.47,Ku,9236.24,3442.24,INACTIVE,Operator_241
COMM07713,SATCOM_07713,4.728204,-140.314008,31928.66,Ka,4467.59,1368.56,ACTIVE,Operator_83
COMM07714,SATCOM_07714,-63.787357,-76.925433,23253.64,Ku,19674.62,1924.83,MAINTENANCE,Operator_15
COMM07715,SATCOM_07715,-80.373574,67.476891,8605.22,L,17937.82,14497.53,INACTIVE,Operator_30
COMM07716,SATCOM_07716,-7.639092,-160.066184,845.04,X,28144.4,26317.54,INACTIVE,Operator_144
COMM07717,SATCOM_07717,11.3648,-3.861946,11338.82,Ku,16174.78,21185.5,ACTIVE,Operator_239
COMM07718,SATCOM_07718,-47.723613,159.86616,10651.77,C,23011.62,20517.49,INACTIVE,Operator_202
COMM07719,SATCOM_07719,49.749127,-16.554451,29318.21,C,7715.79,11836.26,ACTIVE,Operator_194
COMM07720,SATCOM_07720,32.38381,126.617401,16577.08,Ka,28474.34,29302.71,ACTIVE,Operator_35
COMM07721,SATCOM_07721,-40.744863,166.317436,11784.79,L,10950.76,1457.55,ACTIVE,Operator_166
COMM07722,SATCOM_07722,-29.545913,150.517065,21262.82,Ku,24097.36,28696.37,INACTIVE,Operator_78
COMM07723,SATCOM_07723,50.521845,83.710935,8763.17,X,16820.0,9730.17,INACTIVE,Operator_84
COMM07724,SATCOM_07724,84.677636,83.218428,19904.67,Ka,11441.13,11103.87,ACTIVE,Operator_139
COMM07725,SATCOM_07725,-86.653794,-3.717645,35050.96,Ka,17569.36,10655.54,INACTIVE,Operator_202
COMM07726,SATCOM_07726,-80.797453,143.499427,13811.07,S,26162.76,16966.45,INACTIVE,Operator_235
COMM07727,SATCOM_07727,-67.715986,-133.532351,33544.73,Ka,12378.91,10560.82,ACTIVE,Operator_139
COMM07728,SATCOM_07728,-49.251902,150.757115,13477.07,Ku,8798.66,8256.17,MAINTENANCE,Operator_52
COMM07729,SATCOM_07729,-76.990537,107.150748,10136.48,S,10583.44,23339.57,INACTIVE,Operator_97
COMM07730,SATCOM_07730,-40.211974,169.974277,18356.75,L,3902.16,29874.41,ACTIVE,Operator_231
COMM07731,SATCOM_07731,-19.447059,92.523623,2518.88,S,22404.15,12327.92,ACTIVE,Operator_206
COMM07732,SATCOM_07732,31.124058,75.718032,8885.28,L,13718.63,24733.43,ACTIVE,Operator_83
COMM07733,SATCOM_07733,-13.408128,128.521772,18353.67,X,12613.77,27312.2,MAINTENANCE,Operator_174
COMM07734,SATCOM_07734,13.205273,-158.135887,3709.54,X,1613.69,10598.97,MAINTENANCE,Operator_104
COMM07735,SATCOM_07735,46.909129,23.21536,17562.7,Ku,5870.88,28485.35,INACTIVE,Operator_162
COMM07736,SATCOM_07736,35.791636,-133.597903,16254.73,L,27254.24,12672.67,MAINTENANCE,Operator_135
COMM07737,SATCOM_07737,-34.987806,-105.323216,9020.16,Ka,6961.6,23167.25,INACTIVE,Operator_87
COMM07738,SATCOM_07738,47.398218,-57.819981,1941.51,Ka,4703.33,11285.7,INACTIVE,Operator_82
COMM07739,SATCOM_07739,-68.13691,-99.784411,17411.29,Ka,8566.2,3254.03,MAINTENANCE,Operator_37
COMM07740,SATCOM_07740,-28.530874,37.576229,12246.31,Ka,6893.3,9954.8,INACTIVE,Operator_226
COMM07741,SATCOM_07741,-49.724882,85.195994,27368.0,S,28152.32,18201.33,ACTIVE,Operator_38
COMM07742,SATCOM_07742,52.287389,-110.368851,10498.99,L,28737.34,29451.2,INACTIVE,Operator_9
COMM07743,SATCOM_07743,66.967431,-77.365742,12436.63,Ku,9697.74,18713.9,MAINTENANCE,Operator_105
COMM07744,SATCOM_07744,-79.929321,148.491066,4432.01,Ku,11316.93,5459.07,MAINTENANCE,Operator_216
COMM07745,SATCOM_07745,-77.083876,-157.522761,21434.53,X,1877.59,18497.98,INACTIVE,Operator_7
COMM07746,SATCOM_07746,-38.001364,-101.470083,25770.17,S,24595.95,1512.69,ACTIVE,Operator_82
COMM07747,SATCOM_07747,-71.507455,128.327743,15340.45,X,7163.43,29546.88,ACTIVE,Operator_70
COMM07748,SATCOM_07748,53.592158,-104.001427,33325.8,Ka,1941.86,23940.3,MAINTENANCE,Operator_152
COMM07749,SATCOM_07749,11.553075,108.131057,13037.83,Ku,15757.25,12319.49,INACTIVE,Operator_194
COMM07750,SATCOM_07750,45.549304,-170.496605,31833.49,S,5021.11,28641.28,INACTIVE,Operator_61
COMM07751,SATCOM_07751,55.215324,-13.70103,13416.15,S,27382.66,28056.31,INACTIVE,Operator_13
COMM07752,SATCOM_07752,16.99113,152.141991,24571.34,Ka,5144.87,27846.58,ACTIVE,Operator_78
COMM07753,SATCOM_07753,17.006634,-141.505643,18743.9,S,9874.84,7909.79,MAINTENANCE,Operator_95
COMM07754,SATCOM_07754,36.24162,-79.190552,18769.63,Ku,12254.45,7445.44,MAINTENANCE,Operator_160
COMM07755,SATCOM_07755,-39.359578,179.626266,9607.35,Ka,29488.1,28592.96,INACTIVE,Operator_241
COMM07756,SATCOM_07756,-25.398879,83.324403,4074.82,C,24347.25,4738.03,MAINTENANCE,Operator_73
COMM07757,SATCOM_07757,-76.884309,-13.545429,3580.52,C,15139.01,2259.09,MAINTENANCE,Operator_122
COMM07758,SATCOM_07758,-6.456951,60.844319,10543.65,Ku,7200.8,28065.09,MAINTENANCE,Operator_106
COMM07759,SATCOM_07759,-9.754854,35.167025,30296.13,Ka,7168.18,29640.29,MAINTENANCE,Operator_5
COMM07760,SATCOM_07760,72.211753,170.798297,10774.91,X,2973.79,23759.84,ACTIVE,Operator_61
COMM07761,SATCOM_07761,20.354373,-128.002583,1930.36,Ka,12636.72,25752.12,MAINTENANCE,Operator_120
COMM07762,SATCOM_07762,22.435381,136.640231,33019.77,Ku,21985.42,26964.2,MAINTENANCE,Operator_42
COMM07763,SATCOM_07763,64.295211,-20.922033,6895.64,Ka,17532.71,21243.7,ACTIVE,Operator_193
COMM07764,SATCOM_07764,59.615531,-144.393437,28169.21,Ka,4304.03,16334.7,ACTIVE,Operator_55
COMM07765,SATCOM_07765,79.031381,-51.314424,22186.43,S,9854.51,12695.06,ACTIVE,Operator_31
COMM07766,SATCOM_07766,80.450103,-82.258311,1299.96,C,5190.29,8854.4,INACTIVE,Operator_160
COMM07767,SATCOM_07767,4.572199,-88.355967,2838.9,Ku,19027.67,8227.82,ACTIVE,Operator_36
COMM07768,SATCOM_07768,67.288694,169.425527,30615.58,L,19530.25,12557.22,MAINTENANCE,Operator_213
COMM07769,SATCOM_07769,-68.023836,163.643229,27408.58,Ka,24879.96,6999.23,INACTIVE,Operator_80
COMM07770,SATCOM_07770,56.327104,29.213231,6146.41,S,1541.92,15847.86,ACTIVE,Operator_8
COMM07771,SATCOM_07771,89.986593,-23.264744,9591.87,Ku,18503.01,18464.96,MAINTENANCE,Operator_122
COMM07772,SATCOM_07772,87.581747,168.275022,32303.83,X,17144.68,22912.21,MAINTENANCE,Operator_14
COMM07773,SATCOM_07773,-82.626491,-57.236183,8306.42,Ka,25883.18,16367.82,ACTIVE,Operator_151
COMM07774,SATCOM_07774,4.51013,-46.583652,17903.96,L,26886.06,7009.47,INACTIVE,Operator_12
COMM07775,SATCOM_07775,80.794578,-41.336828,35856.19,L,15320.79,19075.71,INACTIVE,Operator_249
COMM07776,SATCOM_07776,-28.556903,-62.992844,21920.37,C,4796.99,26243.73,ACTIVE,Operator_109
COMM07777,SATCOM_07777,13.974568,50.775513,21412.04,Ku,21195.34,25735.65,INACTIVE,Operator_134
COMM07778,SATCOM_07778,40.704885,64.84371,17559.16,L,26305.56,26694.5,ACTIVE,Operator_96
COMM07779,SATCOM_07779,83.906988,32.313522,1782.49,L,24744.81,28716.86,MAINTENANCE,Operator_111
COMM07780,SATCOM_07780,-41.503456,25.513957,391.29,L,8439.15,28016.79,ACTIVE,Operator_210
COMM07781,SATCOM_07781,-65.978056,-67.564246,14947.86,S,26119.85,1907.09,ACTIVE,Operator_166
COMM07782,SATCOM_07782,75.951413,170.161065,15548.89,Ka,6915.04,23818.55,MAINTENANCE,Operator_43
COMM07783,SATCOM_07783,-43.905177,113.232202,8348.18,Ka,15762.46,20789.01,INACTIVE,Operator_3
COMM07784,SATCOM_07784,-22.451684,-31.930422,30073.27,C,12026.78,11963.29,INACTIVE,Operator_213
COMM07785,SATCOM_07785,-63.279911,-25.07281,23635.16,L,23698.37,20411.06,MAINTENANCE,Operator_102
COMM07786,SATCOM_07786,-87.953298,-58.905549,13539.01,Ku,15320.11,18602.22,ACTIVE,Operator_66
COMM07787,SATCOM_07787,-80.889061,-3.384249,6086.49,L,29019.91,5326.97,ACTIVE,Operator_168
COMM07788,SATCOM_07788,75.580499,-48.305413,26157.82,X,28672.92,17295.33,ACTIVE,Operator_114
COMM07789,SATCOM_07789,-84.981626,-157.404497,31836.23,Ku,13336.83,21938.45,MAINTENANCE,Operator_64
COMM07790,SATCOM_07790,70.453439,-38.041173,10125.62,L,6727.21,4021.59,ACTIVE,Operator_113
COMM07791,SATCOM_07791,-84.769142,-37.108662,18230.03,Ka,27529.1,3657.48,INACTIVE,Operator_233
COMM07792,SATCOM_07792,18.141542,5.365376,35507.31,X,28564.27,18358.23,INACTIVE,Operator_136
COMM07793,SATCOM_07793,-29.251917,89.56825,18648.12,S,22546.87,23940.45,INACTIVE,Operator_32
COMM07794,SATCOM_07794,-77.466046,137.923016,30762.8,C,14280.54,18240.34,MAINTENANCE,Operator_82
COMM07795,SATCOM_07795,49.221985,49.047393,16485.91,C,10269.52,12990.35,ACTIVE,Operator_8
COMM07796,SATCOM_07796,-32.795666,-57.615948,29927.32,Ku,15166.36,14831.21,ACTIVE,Operator_10
COMM07797,SATCOM_07797,-25.4358,72.872327,11566.56,C,20443.53,21491.64,ACTIVE,Operator_243
COMM07798,SATCOM_07798,59.875546,88.455981,26772.82,L,13855.62,29794.59,INACTIVE,Operator_159
COMM07799,SATCOM_07799,-55.357602,-52.682827,21038.31,Ku,22610.17,15302.29,MAINTENANCE,Operator_221
COMM07800,SATCOM_07800,-54.240092,-144.96796,20796.54,Ka,20396.59,13412.0,ACTIVE,Operator_223
COMM07801,SATCOM_07801,7.748753,139.698008,25443.98,Ku,18793.5,9708.26,ACTIVE,Operator_190
COMM07802,SATCOM_07802,-12.010058,62.792313,24498.66,Ka,4171.04,25806.85,MAINTENANCE,Operator_90
COMM07803,SATCOM_07803,35.091807,-80.984847,11003.51,S,19259.44,2328.89,MAINTENANCE,Operator_227
COMM07804,SATCOM_07804,-52.556625,-60.754126,15724.7,Ka,9484.55,14239.44,ACTIVE,Operator_46
COMM07805,SATCOM_07805,-65.905496,45.438154,34285.13,C,29143.28,8043.56,MAINTENANCE,Operator_247
COMM07806,SATCOM_07806,-73.355385,-44.714398,2628.83,Ku,13783.89,6400.24,ACTIVE,Operator_232
COMM07807,SATCOM_07807,-73.682359,-46.333644,31341.25,L,6437.96,18014.03,MAINTENANCE,Operator_86
COMM07808,SATCOM_07808,69.821228,17.995395,33564.92,S,1638.88,9018.73,INACTIVE,Operator_200
COMM07809,SATCOM_07809,-20.711919,-61.555508,32130.2,Ka,24281.98,13473.44,ACTIVE,Operator_132
COMM07810,SATCOM_07810,-33.592488,-178.02128,20844.58,Ka,29891.42,17984.21,ACTIVE,Operator_221
COMM07811,SATCOM_07811,-71.987679,39.329758,24897.01,S,11989.57,18456.87,ACTIVE,Operator_161
COMM07812,SATCOM_07812,73.106474,64.995656,2886.16,X,1373.76,23083.04,MAINTENANCE,Operator_246
COMM07813,SATCOM_07813,40.644039,150.534177,10862.66,C,24694.0,11841.2,MAINTENANCE,Operator_207
COMM07814,SATCOM_07814,22.317559,64.377388,16631.27,L,24067.04,19780.18,MAINTENANCE,Operator_220
COMM07815,SATCOM_07815,88.112211,-128.203301,6046.66,X,8158.63,10823.38,ACTIVE,Operator_27
COMM07816,SATCOM_07816,50.116434,152.91965,35733.43,L,7194.28,22822.57,MAINTENANCE,Operator_132
COMM07817,SATCOM_07817,-72.741518,36.846239,14696.93,X,5820.35,17169.64,INACTIVE,Operator_175
COMM07818,SATCOM_07818,24.974474,-67.828994,27378.28,X,1855.97,14640.46,INACTIVE,Operator_204
COMM07819,SATCOM_07819,-52.547748,131.201418,9541.96,Ku,10905.87,20166.9,ACTIVE,Operator_169
COMM07820,SATCOM_07820,61.623906,154.719834,29792.82,L,5051.69,21224.59,MAINTENANCE,Operator_203
COMM07821,SATCOM_07821,0.917627,84.830224,3376.88,C,15788.8,3832.08,INACTIVE,Operator_238
COMM07822,SATCOM_07822,-81.097293,-157.30191,30756.03,L,3217.28,29294.26,MAINTENANCE,Operator_37
COMM07823,SATCOM_07823,74.828821,-70.154686,11991.63,S,28085.07,3715.48,ACTIVE,Operator_206
COMM07824,SATCOM_07824,-57.734633,159.034385,32342.91,Ka,1973.19,3618.09,MAINTENANCE,Operator_222
COMM07825,SATCOM_07825,76.553031,161.230162,6716.8,X,26350.66,22157.9,ACTIVE,Operator_86
COMM07826,SATCOM_07826,32.302268,-25.154729,5658.99,X,14823.6,18051.28,MAINTENANCE,Operator_44
COMM07827,SATCOM_07827,-86.69297,49.0186,29707.44,Ku,3339.72,9805.98,MAINTENANCE,Operator_216
COMM07828,SATCOM_07828,-32.295663,4.981591,32299.42,C,12929.17,24847.37,ACTIVE,Operator_33
COMM07829,SATCOM_07829,-68.00747,127.828936,22427.61,X,22613.13,10043.95,INACTIVE,Operator_193
COMM07830,SATCOM_07830,-40.606916,99.755115,32981.82,Ka,4661.83,18661.06,ACTIVE,Operator_78
COMM07831,SATCOM_07831,17.646491,-98.511673,11035.02,C,21572.58,23286.76,INACTIVE,Operator_7
COMM07832,SATCOM_07832,63.428195,-140.486565,24479.95,L,11028.2,12256.32,INACTIVE,Operator_61
COMM07833,SATCOM_07833,69.438521,-60.727813,25576.64,Ka,9091.65,22469.92,INACTIVE,Operator_201
COMM07834,SATCOM_07834,73.439308,34.301957,35165.81,Ka,2574.72,26135.68,ACTIVE,Operator_21
COMM07835,SATCOM_07835,4.855345,-34.317704,30178.97,Ka,22336.06,12302.88,INACTIVE,Operator_118
COMM07836,SATCOM_07836,-43.52977,-41.65824,35988.86,X,15811.67,3356.81,MAINTENANCE,Operator_225
COMM07837,SATCOM_07837,72.613964,129.919166,23087.26,L,18153.15,19555.78,MAINTENANCE,Operator_174
COMM07838,SATCOM_07838,41.931726,-127.495836,20593.86,Ka,22948.06,14015.17,MAINTENANCE,Operator_243
COMM07839,SATCOM_07839,24.359608,9.0981,11256.4,Ka,6279.03,27664.12,ACTIVE,Operator_109
COMM07840,SATCOM_07840,21.414684,126.973479,10200.65,L,7534.36,14724.59,INACTIVE,Operator_162
COMM07841,SATCOM_07841,-86.464883,72.786271,26263.82,L,4020.22,20044.2,INACTIVE,Operator_10
COMM07842,SATCOM_07842,43.242916,-102.807888,29722.27,X,9793.1,3944.86,ACTIVE,Operator_127
COMM07843,SATCOM_07843,56.809934,12.165594,19550.62,X,13889.02,27214.5,MAINTENANCE,Operator_29
COMM07844,SATCOM_07844,72.068359,22.267709,3292.48,L,5099.32,12499.09,ACTIVE,Operator_211
COMM07845,SATCOM_07845,-43.778924,116.412985,21019.72,C,2343.88,20940.71,MAINTENANCE,Operator_122
COMM07846,SATCOM_07846,-62.960858,122.927396,23937.58,C,9881.65,27268.35,MAINTENANCE,Operator_128
COMM07847,SATCOM_07847,-59.636065,-103.432618,10250.0,L,6685.69,17477.33,MAINTENANCE,Operator_96
COMM07848,SATCOM_07848,41.749701,-86.078361,1403.43,L,7145.24,27657.47,MAINTENANCE,Operator_227
COMM07849,SATCOM_07849,57.844028,68.468399,30002.8,Ku,12602.2,7863.22,MAINTENANCE,Operator_114
COMM07850,SATCOM_07850,-66.057132,-158.674682,26368.91,Ku,25280.97,3783.39,MAINTENANCE,Operator_189
COMM07851,SATCOM_07851,-58.890979,176.625503,21734.98,X,6835.33,9735.62,INACTIVE,Operator_7
COMM07852,SATCOM_07852,-86.48606,-165.225422,34261.58,X,26585.77,1086.78,ACTIVE,Operator_152
COMM07853,SATCOM_07853,-27.141368,97.54443,23680.79,L,27133.44,12775.81,MAINTENANCE,Operator_79
COMM07854,SATCOM_07854,-2.198935,-6.147587,5682.6,X,27154.88,13268.54,ACTIVE,Operator_15
COMM07855,SATCOM_07855,52.705639,86.656453,9892.43,S,28031.89,22680.41,MAINTENANCE,Operator_133
COMM07856,SATCOM_07856,-53.655618,-84.996333,24314.33,C,5711.92,28142.87,ACTIVE,Operator_197
COMM07857,SATCOM_07857,55.596608,-9.71841,24018.2,S,15442.77,8994.7,MAINTENANCE,Operator_84
COMM07858,SATCOM_07858,39.172189,148.390465,23591.1,L,20836.76,21925.47,ACTIVE,Operator_73
COMM07859,SATCOM_07859,-56.74621,-117.519073,23181.22,Ku,20498.72,11689.16,ACTIVE,Operator_92
COMM07860,SATCOM_07860,-54.872815,-1.466298,4921.61,X,22609.97,26240.14,INACTIVE,Operator_228
COMM07861,SATCOM_07861,-13.860043,179.195761,12306.11,Ka,5002.43,5965.84,MAINTENANCE,Operator_215
COMM07862,SATCOM_07862,-79.724087,-35.982459,31253.32,L,28599.42,6268.2,ACTIVE,Operator_104
COMM07863,SATCOM_07863,-40.608984,72.251158,25369.9,S,28727.53,3131.7,INACTIVE,Operator_88
COMM07864,SATCOM_07864,-27.90969,79.311653,5374.51,C,9033.79,29109.02,INACTIVE,Operator_218
COMM07865,SATCOM_07865,-89.301525,-122.511676,30947.74,L,19625.86,25287.53,INACTIVE,Operator_232
COMM07866,SATCOM_07866,-10.502496,66.599565,24662.93,X,7095.4,9105.88,INACTIVE,Operator_97
COMM07867,SATCOM_07867,4.889862,150.716102,10483.17,Ka,18333.56,6187.33,ACTIVE,Operator_25
COMM07868,SATCOM_07868,2.263226,-120.082783,26798.39,Ku,24221.72,25200.13,MAINTENANCE,Operator_87
COMM07869,SATCOM_07869,-37.118335,-46.39265,7451.42,L,1846.12,23777.56,ACTIVE,Operator_12
COMM07870,SATCOM_07870,16.925073,-55.804939,26096.41,L,28254.71,16393.74,ACTIVE,Operator_158
COMM07871,SATCOM_07871,-38.72308,-66.621274,22609.14,S,12410.0,13927.51,INACTIVE,Operator_101
COMM07872,SATCOM_07872,77.85493,51.162359,34767.8,X,2973.97,1763.14,ACTIVE,Operator_97
COMM07873,SATCOM_07873,39.679133,88.210449,16661.87,L,4663.33,2933.95,ACTIVE,Operator_170
COMM07874,SATCOM_07874,24.174207,-55.772752,35271.7,S,18362.62,7774.78,ACTIVE,Operator_28
COMM07875,SATCOM_07875,19.205887,158.390196,1515.28,C,19083.53,15499.57,ACTIVE,Operator_63
COMM07876,SATCOM_07876,89.685011,-130.352318,375.14,C,5589.04,8689.7,MAINTENANCE,Operator_239
COMM07877,SATCOM_07877,16.620451,-60.936372,2301.61,C,22602.25,29904.58,ACTIVE,Operator_116
COMM07878,SATCOM_07878,-23.997048,23.826833,14380.27,Ku,14292.66,21211.06,INACTIVE,Operator_100
COMM07879,SATCOM_07879,66.072987,104.522343,34707.96,L,9076.47,7429.83,MAINTENANCE,Operator_175
COMM07880,SATCOM_07880,-77.637098,157.255534,6796.41,S,2459.65,2870.85,INACTIVE,Operator_99
COMM07881,SATCOM_07881,-43.332984,108.970518,25735.96,Ku,29813.91,9585.46,INACTIVE,Operator_137
COMM07882,SATCOM_07882,-81.883116,5.727147,13564.02,X,17155.33,19903.11,INACTIVE,Operator_97
COMM07883,SATCOM_07883,-32.930877,1.687517,22892.54,Ku,24637.87,5278.9,ACTIVE,Operator_115
COMM07884,SATCOM_07884,-26.272328,-95.032273,21966.5,Ka,17985.78,1138.37,MAINTENANCE,Operator_56
COMM07885,SATCOM_07885,-12.444686,152.264493,17387.29,S,12142.14,23993.52,INACTIVE,Operator_35
COMM07886,SATCOM_07886,-19.909895,82.033853,7828.55,Ka,29873.43,21716.3,MAINTENANCE,Operator_118
COMM07887,SATCOM_07887,14.268697,61.144566,30115.53,L,4554.94,1090.94,ACTIVE,Operator_81
COMM07888,SATCOM_07888,-89.208152,-65.149297,18563.06,S,16431.9,24565.6,ACTIVE,Operator_171
COMM07889,SATCOM_07889,-35.375265,61.790436,11285.74,C,1913.47,7456.98,INACTIVE,Operator_11
COMM07890,SATCOM_07890,-61.328198,6.941875,5338.66,S,7198.19,16148.39,INACTIVE,Operator_64
COMM07891,SATCOM_07891,-18.859459,-156.375352,12605.85,L,3015.44,29965.06,ACTIVE,Operator_206
COMM07892,SATCOM_07892,70.123389,-65.054969,15397.8,S,24686.9,6001.35,ACTIVE,Operator_213
COMM07893,SATCOM_07893,-8.502494,-19.908415,32414.23,C,8058.98,19239.3,INACTIVE,Operator_24
COMM07894,SATCOM_07894,34.369727,25.720043,21119.35,C,7368.67,15671.19,ACTIVE,Operator_144
COMM07895,SATCOM_07895,68.244541,-9.33483,1200.05,L,23831.59,13148.59,MAINTENANCE,Operator_48
COMM07896,SATCOM_07896,-34.366205,-61.592855,2848.04,L,2755.9,18857.41,MAINTENANCE,Operator_219
COMM07897,SATCOM_07897,-89.417241,-38.758508,9249.48,X,17324.59,5370.54,MAINTENANCE,Operator_85
COMM07898,SATCOM_07898,66.934406,84.155398,22756.92,Ka,18030.43,4710.51,ACTIVE,Operator_202
COMM07899,SATCOM_07899,-22.662403,-97.982587,26083.08,X,16099.95,12800.42,MAINTENANCE,Operator_84
COMM07900,SATCOM_07900,67.247612,26.826053,8205.51,S,22210.8,22454.69,ACTIVE,Operator_77
COMM07901,SATCOM_07901,-39.162468,-47.858933,11221.46,L,4128.79,16368.77,ACTIVE,Operator_70
COMM07902,SATCOM_07902,-23.870234,129.527277,20220.37,X,8929.72,21252.96,INACTIVE,Operator_135
COMM07903,SATCOM_07903,-9.620769,67.676635,20606.94,C,13719.17,16532.19,INACTIVE,Operator_162
COMM07904,SATCOM_07904,85.26922,-157.484162,9154.8,L,16770.02,10930.53,MAINTENANCE,Operator_143
COMM07905,SATCOM_07905,28.221303,101.30436,33986.95,Ka,11220.85,23547.03,INACTIVE,Operator_33
COMM07906,SATCOM_07906,-26.165257,-159.390616,31519.67,Ka,19710.87,3875.74,INACTIVE,Operator_226
COMM07907,SATCOM_07907,25.673876,-104.406877,6905.62,C,12795.21,19639.88,INACTIVE,Operator_78
COMM07908,SATCOM_07908,85.986867,-30.840012,14781.27,L,3135.95,23508.91,INACTIVE,Operator_164
COMM07909,SATCOM_07909,72.924779,42.603724,15743.8,L,9256.61,15288.28,MAINTENANCE,Operator_25
COMM07910,SATCOM_07910,-2.978129,127.409175,12066.5,X,4956.99,22158.0,ACTIVE,Operator_106
COMM07911,SATCOM_07911,-6.116047,157.049811,11333.65,Ku,18728.95,11217.98,MAINTENANCE,Operator_117
COMM07912,SATCOM_07912,-52.758923,165.363909,16618.43,X,24491.98,19775.38,MAINTENANCE,Operator_120
COMM07913,SATCOM_07913,-42.006823,-26.080809,33274.45,Ku,6418.58,8704.5,MAINTENANCE,Operator_65
COMM07914,SATCOM_07914,-0.198255,-18.13966,18042.46,C,27937.03,22602.12,ACTIVE,Operator_146
COMM07915,SATCOM_07915,-34.218118,170.552019,14153.43,Ka,10558.73,14677.64,ACTIVE,Operator_130
COMM07916,SATCOM_07916,55.583511,-72.459598,14343.98,C,20679.72,19783.51,MAINTENANCE,Operator_176
COMM07917,SATCOM_07917,67.65465,-17.999906,6231.64,L,29196.94,7790.33,INACTIVE,Operator_224
COMM07918,SATCOM_07918,-51.980046,141.68874,22798.31,C,29566.22,18530.92,MAINTENANCE,Operator_245
COMM07919,SATCOM_07919,-83.434966,-54.215402,31360.57,C,25457.88,10336.28,INACTIVE,Operator_218
COMM07920,SATCOM_07920,-12.054889,49.404323,24278.46,L,15186.73,5585.0,MAINTENANCE,Operator_154
COMM07921,SATCOM_07921,48.156553,-14.870109,12046.27,Ka,6050.2,16254.24,INACTIVE,Operator_218
COMM07922,SATCOM_07922,4.942674,3.837692,4079.8,Ka,1047.94,5062.82,INACTIVE,Operator_2
COMM07923,SATCOM_07923,-46.720211,-112.529916,27826.86,Ku,21445.65,6903.98,ACTIVE,Operator_201
COMM07924,SATCOM_07924,37.9268,101.890804,20778.11,S,3076.15,9531.3,MAINTENANCE,Operator_242
COMM07925,SATCOM_07925,19.432438,21.311232,10217.43,S,13563.38,10709.92,MAINTENANCE,Operator_51
COMM07926,SATCOM_07926,39.754964,-172.956613,18422.84,L,15125.11,4509.37,ACTIVE,Operator_18
COMM07927,SATCOM_07927,83.258871,-146.111234,8621.33,C,26187.55,1662.27,ACTIVE,Operator_204
COMM07928,SATCOM_07928,-31.057093,-67.97665,34654.14,C,18100.1,4008.9,ACTIVE,Operator_165
COMM07929,SATCOM_07929,-6.982252,-64.459,16133.08,Ka,3508.86,5175.48,MAINTENANCE,Operator_125
COMM07930,SATCOM_07930,25.22529,74.202202,15513.77,L,6515.73,24247.0,ACTIVE,Operator_180
COMM07931,SATCOM_07931,-73.250108,24.504993,3159.83,C,10940.02,25981.14,MAINTENANCE,Operator_67
COMM07932,SATCOM_07932,0.221997,-20.17457,3877.85,S,10469.0,14847.94,INACTIVE,Operator_125
COMM07933,SATCOM_07933,26.224303,154.998824,9458.65,S,22629.29,14663.93,INACTIVE,Operator_233
COMM07934,SATCOM_07934,59.863501,45.558808,20505.42,C,14723.02,3864.99,ACTIVE,Operator_212
COMM07935,SATCOM_07935,71.591769,-20.408096,25232.13,X,8635.45,22844.64,ACTIVE,Operator_109
COMM07936,SATCOM_07936,-11.477734,-100.305804,26177.18,S,22758.13,2030.55,MAINTENANCE,Operator_45
COMM07937,SATCOM_07937,25.800483,8.828463,35876.12,Ku,17021.27,10761.55,INACTIVE,Operator_130
COMM07938,SATCOM_07938,-72.501923,-86.032518,1052.05,S,10500.29,1042.24,ACTIVE,Operator_165
COMM07939,SATCOM_07939,-38.036505,-103.824507,28472.94,C,21083.6,27301.68,MAINTENANCE,Operator_143
COMM07940,SATCOM_07940,-49.371447,-178.465683,1392.18,Ku,22352.84,3917.55,INACTIVE,Operator_80
COMM07941,SATCOM_07941,-88.403258,51.228869,6198.37,X,15692.59,11616.87,ACTIVE,Operator_167
COMM07942,SATCOM_07942,35.87333,150.4818,7416.04,S,25702.39,20797.9,MAINTENANCE,Operator_25
COMM07943,SATCOM_07943,-85.296076,-29.425907,25994.79,Ku,27265.65,13437.43,INACTIVE,Operator_194
COMM07944,SATCOM_07944,87.889952,-150.324793,15571.05,C,20538.45,7728.86,INACTIVE,Operator_72
COMM07945,SATCOM_07945,-42.258301,-12.261658,27822.81,L,12261.62,25121.37,MAINTENANCE,Operator_29
COMM07946,SATCOM_07946,28.418222,-109.110674,32759.0,Ku,17761.32,10570.26,MAINTENANCE,Operator_137
COMM07947,SATCOM_07947,0.050449,158.577912,10639.66,C,9204.39,2403.43,MAINTENANCE,Operator_13
COMM07948,SATCOM_07948,-37.229713,154.713978,24666.09,Ku,19691.34,13449.76,INACTIVE,Operator_245
COMM07949,SATCOM_07949,-21.128187,-78.580966,8814.24,S,10341.85,29586.03,ACTIVE,Operator_39
COMM07950,SATCOM_07950,-8.682241,-79.256669,23929.01,S,9727.39,16653.97,ACTIVE,Operator_94
COMM07951,SATCOM_07951,-86.669219,157.485437,22043.92,L,11736.61,1637.18,ACTIVE,Operator_107
COMM07952,SATCOM_07952,64.649411,163.148462,29132.11,C,1040.68,27421.66,MAINTENANCE,Operator_131
COMM07953,SATCOM_07953,-13.584936,-11.262309,22309.24,C,23273.34,7763.13,MAINTENANCE,Operator_149
COMM07954,SATCOM_07954,-8.897899,161.926834,12747.38,S,19151.08,5560.38,MAINTENANCE,Operator_212
COMM07955,SATCOM_07955,37.162722,-42.513353,18420.81,C,16063.23,16619.45,ACTIVE,Operator_208
COMM07956,SATCOM_07956,75.754177,-17.574612,17097.39,S,21932.71,22440.95,MAINTENANCE,Operator_29
COMM07957,SATCOM_07957,-7.460896,7.065444,32567.38,Ku,2078.13,5221.77,ACTIVE,Operator_73
COMM07958,SATCOM_07958,-42.185299,112.032776,24132.8,S,1848.46,9766.39,ACTIVE,Operator_199
COMM07959,SATCOM_07959,80.32125,48.387216,24538.97,Ka,10600.17,13235.44,ACTIVE,Operator_66
COMM07960,SATCOM_07960,-72.620428,-109.315363,14221.99,X,6540.12,2569.48,INACTIVE,Operator_141
COMM07961,SATCOM_07961,36.242233,-22.262586,23598.24,S,14493.04,23416.4,ACTIVE,Operator_52
COMM07962,SATCOM_07962,-58.020192,168.437155,4871.4,Ku,11644.08,15304.48,MAINTENANCE,Operator_181
COMM07963,SATCOM_07963,82.055427,-106.883547,3207.56,S,28575.62,3759.31,MAINTENANCE,Operator_198
COMM07964,SATCOM_07964,-3.986349,-108.123801,24996.76,L,6188.84,21654.31,INACTIVE,Operator_149
COMM07965,SATCOM_07965,-1.667874,-45.647893,19486.94,Ka,25990.24,16402.32,INACTIVE,Operator_218
COMM07966,SATCOM_07966,87.061863,-88.274563,33554.56,C,6198.03,10674.78,ACTIVE,Operator_109
COMM07967,SATCOM_07967,-53.277459,9.531681,9213.73,S,7826.8,24142.22,MAINTENANCE,Operator_88
COMM07968,SATCOM_07968,-85.808266,-134.679863,17541.84,C,5901.8,21148.99,ACTIVE,Operator_92
COMM07969,SATCOM_07969,-53.084858,-64.66199,15335.9,C,24335.42,5129.57,ACTIVE,Operator_230
COMM07970,SATCOM_07970,-29.144032,-71.494814,275.88,C,8141.8,29366.91,INACTIVE,Operator_147
COMM07971,SATCOM_07971,59.447004,75.226792,21017.47,Ka,10896.53,9408.73,MAINTENANCE,Operator_213
COMM07972,SATCOM_07972,45.998743,-18.710978,21902.68,S,8812.77,4149.97,MAINTENANCE,Operator_123
COMM07973,SATCOM_07973,-4.635071,10.830085,17183.23,Ka,15442.83,24041.42,INACTIVE,Operator_18
COMM07974,SATCOM_07974,62.042429,55.738231,32412.2,C,8114.96,26757.92,MAINTENANCE,Operator_91
COMM07975,SATCOM_07975,-68.242417,160.087586,32896.26,Ku,22994.05,7814.74,ACTIVE,Operator_119
COMM07976,SATCOM_07976,-51.200632,102.964433,208.84,C,4663.73,2689.13,ACTIVE,Operator_36
COMM07977,SATCOM_07977,77.971186,-138.140235,23067.39,C,18484.31,22701.51,ACTIVE,Operator_187
COMM07978,SATCOM_07978,-7.086247,-170.056296,16113.18,L,28529.79,24166.88,MAINTENANCE,Operator_103
COMM07979,SATCOM_07979,-71.86798,125.387791,3713.65,L,19830.06,7342.97,MAINTENANCE,Operator_41
COMM07980,SATCOM_07980,-82.888111,-43.725784,31805.01,X,11874.24,5993.46,ACTIVE,Operator_120
COMM07981,SATCOM_07981,78.59377,83.872721,10602.66,C,22947.0,21747.64,ACTIVE,Operator_103
COMM07982,SATCOM_07982,-35.600317,-175.498467,9687.88,Ka,6962.56,8038.18,ACTIVE,Operator_233
COMM07983,SATCOM_07983,-9.214043,156.105074,8565.23,X,25255.14,22191.28,ACTIVE,Operator_192
COMM07984,SATCOM_07984,73.87216,122.421366,35802.53,Ka,14556.36,19171.79,ACTIVE,Operator_209
COMM07985,SATCOM_07985,-54.424544,-82.129865,18272.72,X,13868.24,15028.65,ACTIVE,Operator_26
COMM07986,SATCOM_07986,46.885838,179.645131,8971.54,Ka,3402.71,23397.38,MAINTENANCE,Operator_131
COMM07987,SATCOM_07987,-31.794488,125.422957,25052.08,X,28082.07,22003.63,INACTIVE,Operator_95
COMM07988,SATCOM_07988,16.070866,60.394484,33726.97,Ku,13979.87,16488.48,INACTIVE,Operator_58
COMM07989,SATCOM_07989,-71.353026,-3.82498,5479.05,S,14722.76,22522.87,ACTIVE,Operator_43
COMM07990,SATCOM_07990,-8.83999,20.336665,34343.75,X,25850.08,11173.27,INACTIVE,Operator_26
COMM07991,SATCOM_07991,-31.403157,68.46085,35136.71,Ku,20852.93,23615.28,MAINTENANCE,Operator_140
COMM07992,SATCOM_07992,-3.802466,-116.361072,18893.75,L,29287.09,11607.86,INACTIVE,Operator_167
COMM07993,SATCOM_07993,-84.155858,-160.491375,29568.78,Ka,22712.97,8887.68,ACTIVE,Operator_8
COMM07994,SATCOM_07994,82.408491,22.679335,16206.03,Ku,12136.73,3416.77,MAINTENANCE,Operator_210
COMM07995,SATCOM_07995,-83.869212,101.842481,18447.38,C,28673.12,2094.33,ACTIVE,Operator_207
COMM07996,SATCOM_07996,32.653348,-107.456912,31162.84,C,25711.37,18127.26,MAINTENANCE,Operator_46
COMM07997,SATCOM_07997,64.970349,-133.031707,25932.95,S,16659.51,19652.16,MAINTENANCE,Operator_3
COMM07998,SATCOM_07998,52.968291,31.908816,23693.05,X,25185.31,6469.48,INACTIVE,Operator_78
COMM07999,SATCOM_07999,35.552563,65.519168,33190.47,C,11938.98,8124.74,INACTIVE,Operator_214
COMM08000,SATCOM_08000,-31.086702,-141.159892,13663.52,L,29873.73,22868.14,ACTIVE,Operator_132
COMM08001,SATCOM_08001,30.775189,27.763084,22612.61,L,3364.95,28742.8,INACTIVE,Operator_211
COMM08002,SATCOM_08002,43.234445,28.049291,19611.41,Ku,5117.7,15587.09,ACTIVE,Operator_48
COMM08003,SATCOM_08003,-71.959151,107.364841,3666.31,Ka,17143.36,22322.86,ACTIVE,Operator_245
COMM08004,SATCOM_08004,3.324422,-118.726189,28614.41,C,16974.28,12605.34,INACTIVE,Operator_192
COMM08005,SATCOM_08005,-71.329017,-161.448818,35763.18,X,25974.31,21456.4,MAINTENANCE,Operator_235
COMM08006,SATCOM_08006,46.666469,24.481862,277.56,Ku,29681.76,9868.46,INACTIVE,Operator_216
COMM08007,SATCOM_08007,-52.541234,-140.874574,35299.52,C,17457.53,26780.88,INACTIVE,Operator_98
COMM08008,SATCOM_08008,1.43233,77.628765,10500.62,Ka,25642.59,7367.71,ACTIVE,Operator_159
COMM08009,SATCOM_08009,-20.050186,-64.664309,25633.16,C,18935.9,14475.69,INACTIVE,Operator_50
COMM08010,SATCOM_08010,20.113738,-134.523618,14041.28,L,3015.47,12908.92,ACTIVE,Operator_25
COMM08011,SATCOM_08011,-89.124956,109.391894,35831.23,S,17272.07,6277.05,MAINTENANCE,Operator_43
COMM08012,SATCOM_08012,81.810599,-174.820756,15198.44,L,28885.55,22216.19,INACTIVE,Operator_155
COMM08013,SATCOM_08013,-86.886589,-125.203582,23898.5,C,16252.94,3991.12,INACTIVE,Operator_203
COMM08014,SATCOM_08014,37.253369,-35.625813,11258.0,S,13424.46,23270.37,MAINTENANCE,Operator_91
COMM08015,SATCOM_08015,49.016586,7.120554,10047.0,L,13609.18,24414.15,ACTIVE,Operator_145
COMM08016,SATCOM_08016,-18.673781,-170.966762,35247.7,Ku,8391.77,9173.29,ACTIVE,Operator_202
COMM08017,SATCOM_08017,-76.998206,77.338929,30528.41,Ku,17191.13,11126.22,MAINTENANCE,Operator_152
COMM08018,SATCOM_08018,-52.497928,-32.681803,1725.42,X,8144.04,16841.94,ACTIVE,Operator_78
COMM08019,SATCOM_08019,40.941948,83.28807,18368.98,Ka,10160.83,12387.68,ACTIVE,Operator_143
COMM08020,SATCOM_08020,-36.655165,-6.467353,13505.65,X,12681.3,17150.81,MAINTENANCE,Operator_170
COMM08021,SATCOM_08021,-37.01707,44.758909,23547.85,C,19511.93,2185.47,ACTIVE,Operator_202
COMM08022,SATCOM_08022,-1.35595,-119.976877,312.62,S,26537.22,7841.08,ACTIVE,Operator_76
COMM08023,SATCOM_08023,80.403391,146.519021,26951.44,S,11068.08,18950.4,INACTIVE,Operator_154
COMM08024,SATCOM_08024,-71.692753,-170.632021,4581.16,L,6755.3,17821.46,INACTIVE,Operator_66
COMM08025,SATCOM_08025,-53.570127,55.165496,17517.09,Ka,19940.92,3433.64,INACTIVE,Operator_49
COMM08026,SATCOM_08026,39.116432,118.301292,23610.04,X,1094.3,18084.93,MAINTENANCE,Operator_99
COMM08027,SATCOM_08027,-57.678488,-129.526426,15234.78,S,19764.41,15124.23,INACTIVE,Operator_203
COMM08028,SATCOM_08028,52.094194,-31.039407,17489.36,S,10122.55,12850.45,MAINTENANCE,Operator_209
COMM08029,SATCOM_08029,-70.64244,-44.42648,27403.18,Ka,17762.4,2484.83,ACTIVE,Operator_14
COMM08030,SATCOM_08030,28.039514,93.051549,18019.51,Ka,16845.1,22407.18,INACTIVE,Operator_49
COMM08031,SATCOM_08031,-10.609662,121.728278,12507.58,X,9657.55,16733.57,MAINTENANCE,Operator_203
COMM08032,SATCOM_08032,49.333008,28.95675,26672.2,L,25817.88,23406.49,ACTIVE,Operator_242
COMM08033,SATCOM_08033,78.001518,-6.996112,22885.66,S,25606.61,3594.58,INACTIVE,Operator_160
COMM08034,SATCOM_08034,60.414783,98.511559,12307.22,X,20222.16,25755.53,MAINTENANCE,Operator_64
COMM08035,SATCOM_08035,39.485579,-64.313725,17655.98,Ka,27406.79,4621.77,INACTIVE,Operator_19
COMM08036,SATCOM_08036,-23.207884,151.68619,20358.31,X,25290.41,26562.63,INACTIVE,Operator_201
COMM08037,SATCOM_08037,82.531599,-150.824784,33096.89,Ka,24401.41,21322.77,ACTIVE,Operator_70
COMM08038,SATCOM_08038,-64.687446,-73.404658,20454.84,Ka,26344.39,9431.04,MAINTENANCE,Operator_192
COMM08039,SATCOM_08039,-88.295109,-157.570996,30823.96,Ka,22910.54,2236.85,MAINTENANCE,Operator_141
COMM08040,SATCOM_08040,30.400438,153.267963,8232.0,Ka,4605.85,9978.9,MAINTENANCE,Operator_158
COMM08041,SATCOM_08041,68.507677,-37.985091,3443.82,Ka,28459.55,17054.96,INACTIVE,Operator_208
COMM08042,SATCOM_08042,-26.076942,-142.331082,11955.67,Ku,29719.29,9859.04,INACTIVE,Operator_72
COMM08043,SATCOM_08043,-0.290561,79.790863,8145.0,S,17938.89,5784.86,ACTIVE,Operator_118
COMM08044,SATCOM_08044,72.217608,-121.439763,9469.71,X,1535.73,25313.26,MAINTENANCE,Operator_202
COMM08045,SATCOM_08045,58.286604,-39.074489,16661.05,C,17203.12,17968.58,INACTIVE,Operator_67
COMM08046,SATCOM_08046,37.430148,-43.880894,13624.16,C,29385.16,9172.65,INACTIVE,Operator_11
COMM08047,SATCOM_08047,47.271103,53.103405,17400.03,L,17722.51,16745.4,INACTIVE,Operator_137
COMM08048,SATCOM_08048,46.783517,27.887859,3053.31,Ku,5077.88,15209.47,INACTIVE,Operator_95
COMM08049,SATCOM_08049,-77.882083,38.223898,9590.02,C,21765.91,6744.65,ACTIVE,Operator_147
COMM08050,SATCOM_08050,-82.24871,-137.917749,2085.38,L,5122.84,26762.54,ACTIVE,Operator_142
COMM08051,SATCOM_08051,-60.845159,13.547665,22211.68,X,16821.99,22889.66,INACTIVE,Operator_191
COMM08052,SATCOM_08052,58.692625,-149.255804,4808.63,C,11781.39,23451.64,INACTIVE,Operator_109
COMM08053,SATCOM_08053,-40.052354,-90.950995,27853.62,X,10756.53,28131.21,ACTIVE,Operator_206
COMM08054,SATCOM_08054,-83.055515,131.185294,16240.1,X,13010.54,10985.64,INACTIVE,Operator_195
COMM08055,SATCOM_08055,27.984541,46.326995,27552.43,C,22447.78,26635.81,INACTIVE,Operator_100
COMM08056,SATCOM_08056,-42.287148,-137.166749,6103.16,Ku,9321.34,13909.66,MAINTENANCE,Operator_236
COMM08057,SATCOM_08057,44.15055,-111.483239,7385.28,C,20926.75,17189.06,ACTIVE,Operator_16
COMM08058,SATCOM_08058,-20.463075,21.148457,18698.38,X,21064.82,13907.52,MAINTENANCE,Operator_130
COMM08059,SATCOM_08059,-40.554517,109.90246,24011.28,X,16620.1,11786.31,ACTIVE,Operator_154
COMM08060,SATCOM_08060,46.382013,-68.619821,13165.03,Ku,12305.3,10773.78,ACTIVE,Operator_148
COMM08061,SATCOM_08061,5.040319,103.812941,26569.58,C,19807.21,13453.35,MAINTENANCE,Operator_212
COMM08062,SATCOM_08062,12.863355,31.956433,2093.56,S,24932.07,23122.64,ACTIVE,Operator_215
COMM08063,SATCOM_08063,-57.748783,35.845187,18802.99,Ku,6448.77,8352.48,ACTIVE,Operator_44
COMM08064,SATCOM_08064,47.639601,146.076971,23821.91,Ku,28332.72,22923.84,ACTIVE,Operator_207
COMM08065,SATCOM_08065,-77.406369,163.718632,19977.77,L,6742.84,14939.01,ACTIVE,Operator_29
COMM08066,SATCOM_08066,68.118092,168.737219,30992.25,X,26772.67,14144.68,MAINTENANCE,Operator_201
COMM08067,SATCOM_08067,-85.03424,117.615903,21985.13,Ku,26858.07,25385.01,INACTIVE,Operator_60
COMM08068,SATCOM_08068,-66.372602,124.211744,16985.54,L,12719.99,14912.42,ACTIVE,Operator_189
COMM08069,SATCOM_08069,-54.066411,-5.180801,12923.02,S,26092.58,3243.58,INACTIVE,Operator_33
COMM08070,SATCOM_08070,50.628974,-149.181249,27137.59,Ka,28982.82,28408.47,MAINTENANCE,Operator_119
COMM08071,SATCOM_08071,-28.185901,80.190563,25842.92,L,21895.73,29489.38,INACTIVE,Operator_239
COMM08072,SATCOM_08072,6.994701,-48.884859,34738.12,C,23317.68,24408.42,INACTIVE,Operator_222
COMM08073,SATCOM_08073,-74.173395,-159.72185,29880.64,Ku,24704.72,6194.73,INACTIVE,Operator_104
COMM08074,SATCOM_08074,-23.038113,-53.337043,17521.86,Ku,29643.15,10468.86,ACTIVE,Operator_63
COMM08075,SATCOM_08075,-73.261816,120.187001,12366.36,Ka,3794.5,5141.12,INACTIVE,Operator_243
COMM08076,SATCOM_08076,-64.504359,-171.182181,29135.52,L,3326.28,8696.23,INACTIVE,Operator_96
COMM08077,SATCOM_08077,57.740466,102.436524,10373.12,Ka,15110.02,24287.08,MAINTENANCE,Operator_204
COMM08078,SATCOM_08078,31.792087,-166.859796,33031.79,L,2597.72,20016.51,MAINTENANCE,Operator_248
COMM08079,SATCOM_08079,41.16996,-48.755777,30369.69,L,14163.78,1961.19,ACTIVE,Operator_210
COMM08080,SATCOM_08080,-13.850514,55.217747,22037.21,L,28467.74,16402.89,ACTIVE,Operator_48
COMM08081,SATCOM_08081,50.192648,-156.446827,28674.83,Ku,18231.22,24404.64,INACTIVE,Operator_99
COMM08082,SATCOM_08082,86.318261,27.178205,28365.46,C,4106.38,27031.8,ACTIVE,Operator_159
COMM08083,SATCOM_08083,27.00864,-30.558139,4077.49,Ka,18385.45,21240.48,MAINTENANCE,Operator_28
COMM08084,SATCOM_08084,-4.199617,-69.114226,6630.2,L,15282.67,26588.47,INACTIVE,Operator_67
COMM08085,SATCOM_08085,43.137278,-112.131037,14601.8,L,6023.27,4282.05,INACTIVE,Operator_91
COMM08086,SATCOM_08086,9.780421,-164.630015,35235.9,S,27509.44,13347.57,MAINTENANCE,Operator_37
COMM08087,SATCOM_08087,5.488554,-98.147521,4358.29,X,26788.86,18818.06,INACTIVE,Operator_36
COMM08088,SATCOM_08088,5.941295,126.547803,960.48,Ku,1025.6,8994.64,ACTIVE,Operator_121
COMM08089,SATCOM_08089,21.422003,65.441633,23595.93,S,22288.2,28288.87,ACTIVE,Operator_135
COMM08090,SATCOM_08090,17.97406,102.886092,15698.36,Ka,13028.53,4986.48,ACTIVE,Operator_17
COMM08091,SATCOM_08091,63.352719,-80.340679,35015.76,X,1959.3,7738.9,INACTIVE,Operator_237
COMM08092,SATCOM_08092,67.055183,-120.538059,4099.37,L,11708.74,25494.51,MAINTENANCE,Operator_104
COMM08093,SATCOM_08093,46.497899,-47.248463,2090.85,C,26829.21,26375.85,MAINTENANCE,Operator_181
COMM08094,SATCOM_08094,-12.910689,-157.436542,26696.02,X,18477.78,7496.82,MAINTENANCE,Operator_75
COMM08095,SATCOM_08095,32.240112,-3.296338,28412.09,X,20720.26,13553.95,INACTIVE,Operator_242
COMM08096,SATCOM_08096,-20.219404,-81.919993,28029.04,L,20504.53,11188.32,INACTIVE,Operator_103
COMM08097,SATCOM_08097,-39.880898,-72.844107,15094.2,S,6900.64,1743.25,ACTIVE,Operator_24
COMM08098,SATCOM_08098,-20.948255,-62.663355,27190.6,S,20266.84,27631.43,INACTIVE,Operator_108
COMM08099,SATCOM_08099,-84.459636,-123.090001,3139.16,X,17939.77,16732.35,INACTIVE,Operator_102
COMM08100,SATCOM_08100,-67.784724,142.402437,35914.07,Ka,4487.05,16302.38,MAINTENANCE,Operator_27
COMM08101,SATCOM_08101,3.538395,9.67975,35697.88,Ka,17359.81,2262.63,ACTIVE,Operator_240
COMM08102,SATCOM_08102,20.131636,-36.47281,15388.67,S,8836.96,13149.71,ACTIVE,Operator_187
COMM08103,SATCOM_08103,72.36611,144.054718,31413.06,X,16020.76,13552.08,INACTIVE,Operator_3
COMM08104,SATCOM_08104,-70.053502,148.150932,33301.07,Ka,7162.37,1940.15,ACTIVE,Operator_3
COMM08105,SATCOM_08105,76.879317,42.904122,24872.28,C,5043.63,26227.79,ACTIVE,Operator_38
COMM08106,SATCOM_08106,-71.859714,128.75453,30264.13,C,7145.82,3250.25,INACTIVE,Operator_79
COMM08107,SATCOM_08107,4.59856,145.876199,10217.81,Ku,19934.04,9833.0,MAINTENANCE,Operator_85
COMM08108,SATCOM_08108,75.791827,-80.632528,25267.43,S,4883.57,9553.5,INACTIVE,Operator_244
COMM08109,SATCOM_08109,-25.110756,29.345657,18761.84,S,23089.67,4660.42,MAINTENANCE,Operator_103
COMM08110,SATCOM_08110,83.937494,-82.571601,19125.14,S,3932.81,25552.64,INACTIVE,Operator_54
COMM08111,SATCOM_08111,-86.555548,-84.976546,5151.54,L,14371.2,16234.7,INACTIVE,Operator_67
COMM08112,SATCOM_08112,51.378073,-4.660031,18713.12,Ka,10779.15,17495.79,INACTIVE,Operator_32
COMM08113,SATCOM_08113,-79.165392,77.623567,20163.72,C,4282.19,24089.01,MAINTENANCE,Operator_159
COMM08114,SATCOM_08114,-54.107901,21.9056,452.65,Ka,8592.42,29241.21,ACTIVE,Operator_207
COMM08115,SATCOM_08115,-48.064189,-25.528039,20487.16,S,3907.22,28024.46,ACTIVE,Operator_176
COMM08116,SATCOM_08116,-50.529692,140.373029,5158.54,L,5623.62,1295.37,INACTIVE,Operator_221
COMM08117,SATCOM_08117,-19.732483,-26.133722,2150.92,C,9631.26,12902.37,INACTIVE,Operator_211
COMM08118,SATCOM_08118,-72.535681,76.814777,23852.44,L,8353.81,20741.99,MAINTENANCE,Operator_152
COMM08119,SATCOM_08119,31.908158,-1.257089,9561.8,C,25530.29,23598.88,ACTIVE,Operator_210
COMM08120,SATCOM_08120,-39.361556,-117.397222,34404.53,L,29680.22,11676.87,INACTIVE,Operator_115
COMM08121,SATCOM_08121,-2.064794,-84.080614,16793.91,L,13901.22,13042.14,ACTIVE,Operator_12
COMM08122,SATCOM_08122,-45.785165,-104.087721,33509.02,Ku,8479.83,3536.59,INACTIVE,Operator_104
COMM08123,SATCOM_08123,60.76472,-18.368547,7412.27,L,1317.33,19654.64,INACTIVE,Operator_63
COMM08124,SATCOM_08124,15.395385,20.02782,5757.6,X,25230.68,14143.07,ACTIVE,Operator_74
COMM08125,SATCOM_08125,75.4987,-99.599749,35311.15,Ka,19413.6,10074.62,INACTIVE,Operator_184
COMM08126,SATCOM_08126,18.072844,143.885573,1900.82,Ku,18917.11,4844.36,ACTIVE,Operator_204
COMM08127,SATCOM_08127,61.360227,-22.131519,27384.73,Ku,18732.76,3215.34,INACTIVE,Operator_56
COMM08128,SATCOM_08128,-56.970605,42.956986,32764.99,Ka,19817.43,26609.41,INACTIVE,Operator_7
COMM08129,SATCOM_08129,-54.910888,103.293554,16177.01,L,14517.25,13156.5,ACTIVE,Operator_56
COMM08130,SATCOM_08130,-47.525749,32.430247,18946.41,X,26712.86,14539.16,ACTIVE,Operator_236
COMM08131,SATCOM_08131,73.85224,-27.545724,3579.76,X,2288.01,5570.33,ACTIVE,Operator_186
COMM08132,SATCOM_08132,70.182159,94.551738,19150.01,Ku,8560.29,8471.38,INACTIVE,Operator_160
COMM08133,SATCOM_08133,11.233792,168.105761,22007.94,Ku,18934.95,8842.2,INACTIVE,Operator_135
COMM08134,SATCOM_08134,21.580403,-62.919808,6674.68,S,19819.94,14691.14,ACTIVE,Operator_3
COMM08135,SATCOM_08135,-57.542116,-171.739606,28319.67,S,7210.71,23944.09,MAINTENANCE,Operator_195
COMM08136,SATCOM_08136,-81.744798,-22.031743,20854.36,C,15219.05,13198.03,INACTIVE,Operator_22
COMM08137,SATCOM_08137,55.593295,153.899644,11406.47,L,4485.61,15357.73,MAINTENANCE,Operator_187
COMM08138,SATCOM_08138,-29.986918,39.134815,32919.02,Ka,9358.74,4435.67,INACTIVE,Operator_79
COMM08139,SATCOM_08139,-52.94836,-41.478881,1774.91,S,18253.87,7825.19,ACTIVE,Operator_157
COMM08140,SATCOM_08140,59.632489,-145.361325,5041.81,Ku,5255.5,12033.93,ACTIVE,Operator_34
COMM08141,SATCOM_08141,-71.398413,79.706037,15388.04,S,3716.54,17885.67,INACTIVE,Operator_214
COMM08142,SATCOM_08142,-12.651109,32.452883,29708.61,Ka,15257.12,10476.77,ACTIVE,Operator_126
COMM08143,SATCOM_08143,24.464372,48.398143,20321.92,X,24310.22,16615.2,ACTIVE,Operator_96
COMM08144,SATCOM_08144,64.321159,-143.146381,20616.54,C,6967.25,25985.71,MAINTENANCE,Operator_80
COMM08145,SATCOM_08145,-28.439624,-149.273525,8801.31,S,6834.29,28092.1,MAINTENANCE,Operator_139
COMM08146,SATCOM_08146,29.925971,-130.445945,26145.15,Ka,26639.47,11734.15,INACTIVE,Operator_21
COMM08147,SATCOM_08147,62.531296,105.128564,28742.57,Ka,26790.74,18465.01,ACTIVE,Operator_246
COMM08148,SATCOM_08148,33.061492,129.875619,306.82,Ku,8960.12,3571.12,ACTIVE,Operator_129
COMM08149,SATCOM_08149,-71.699255,-7.816746,19480.08,X,27606.27,7594.91,INACTIVE,Operator_179
COMM08150,SATCOM_08150,88.564587,43.966397,27607.56,Ku,3982.47,24901.04,INACTIVE,Operator_73
COMM08151,SATCOM_08151,-74.588047,-94.550647,13476.5,S,6108.61,9862.31,INACTIVE,Operator_49
COMM08152,SATCOM_08152,-18.632227,39.779567,10668.64,L,12548.72,5585.86,INACTIVE,Operator_239
COMM08153,SATCOM_08153,-65.048931,158.803134,29574.4,Ku,25130.93,4338.28,INACTIVE,Operator_144
COMM08154,SATCOM_08154,-4.654579,126.395157,14154.54,Ku,26675.52,12238.08,MAINTENANCE,Operator_214
COMM08155,SATCOM_08155,-52.757678,10.952167,25416.89,C,7942.74,2722.07,INACTIVE,Operator_57
COMM08156,SATCOM_08156,-1.700585,-21.747575,18836.94,L,12132.79,2661.21,ACTIVE,Operator_75
COMM08157,SATCOM_08157,-40.403531,81.952755,14296.39,L,18245.36,7998.94,MAINTENANCE,Operator_98
COMM08158,SATCOM_08158,81.591352,-87.380934,2055.82,Ku,16417.08,15655.3,MAINTENANCE,Operator_117
COMM08159,SATCOM_08159,18.578118,110.547512,8678.19,X,6902.98,5440.96,INACTIVE,Operator_33
COMM08160,SATCOM_08160,47.482883,-100.980616,34162.37,Ku,19910.74,2509.91,ACTIVE,Operator_40
COMM08161,SATCOM_08161,48.148805,168.393223,18557.46,X,1057.59,10130.44,ACTIVE,Operator_83
COMM08162,SATCOM_08162,74.158991,-163.981207,15778.15,Ka,9440.82,26349.2,MAINTENANCE,Operator_233
COMM08163,SATCOM_08163,-33.17821,67.227222,18689.11,Ku,6407.76,24738.58,ACTIVE,Operator_114
COMM08164,SATCOM_08164,42.334933,-174.002932,4897.82,X,3419.72,28318.64,MAINTENANCE,Operator_86
COMM08165,SATCOM_08165,50.987985,-28.004757,10743.53,C,13292.54,22868.86,MAINTENANCE,Operator_52
COMM08166,SATCOM_08166,-51.954856,118.865129,20230.67,Ku,3342.34,20819.77,ACTIVE,Operator_134
COMM08167,SATCOM_08167,64.071652,37.049009,15087.29,X,5066.86,13662.96,ACTIVE,Operator_136
COMM08168,SATCOM_08168,53.482263,-121.303192,16433.61,S,28976.89,4489.5,ACTIVE,Operator_42
COMM08169,SATCOM_08169,28.1343,-77.424502,23025.36,Ka,7233.41,1600.02,INACTIVE,Operator_41
COMM08170,SATCOM_08170,45.018839,92.355207,18597.7,C,12784.9,27888.19,MAINTENANCE,Operator_125
COMM08171,SATCOM_08171,52.944975,77.736153,17268.83,C,17679.97,19067.26,INACTIVE,Operator_131
COMM08172,SATCOM_08172,-88.641102,-125.662597,10719.82,X,11452.39,23197.33,INACTIVE,Operator_34
COMM08173,SATCOM_08173,76.41327,-60.620338,35357.97,Ka,21596.98,20511.07,MAINTENANCE,Operator_52
COMM08174,SATCOM_08174,68.038045,-90.45842,26267.56,S,28296.81,6997.1,ACTIVE,Operator_185
COMM08175,SATCOM_08175,58.348969,0.216816,24674.91,L,26473.72,6374.74,ACTIVE,Operator_135
COMM08176,SATCOM_08176,63.670396,-88.377366,8763.77,C,1782.53,5242.1,INACTIVE,Operator_89
COMM08177,SATCOM_08177,-80.679108,126.033516,1152.55,Ku,7462.59,19608.94,INACTIVE,Operator_74
COMM08178,SATCOM_08178,-75.526028,31.457275,32929.2,Ka,24807.89,15609.93,ACTIVE,Operator_9
COMM08179,SATCOM_08179,-5.403049,-71.283721,17067.06,C,4647.7,9305.51,INACTIVE,Operator_168
COMM08180,SATCOM_08180,-19.560795,-41.680579,27998.86,S,13581.12,26939.22,ACTIVE,Operator_15
COMM08181,SATCOM_08181,86.954092,165.467399,21296.67,C,20557.87,24164.19,MAINTENANCE,Operator_225
COMM08182,SATCOM_08182,-60.606359,50.737157,2391.54,Ku,2605.63,16453.75,MAINTENANCE,Operator_162
COMM08183,SATCOM_08183,-88.558818,-115.643811,15552.35,Ku,25988.89,20850.09,INACTIVE,Operator_147
COMM08184,SATCOM_08184,5.538367,-48.455658,34807.65,X,11020.23,25827.1,MAINTENANCE,Operator_242
COMM08185,SATCOM_08185,-48.78094,76.329651,560.09,S,4343.14,14149.79,MAINTENANCE,Operator_144
COMM08186,SATCOM_08186,89.880611,29.403402,14728.64,X,22716.12,19723.26,INACTIVE,Operator_42
COMM08187,SATCOM_08187,-53.244378,-156.532621,27141.27,Ka,1575.95,1001.7,ACTIVE,Operator_238
COMM08188,SATCOM_08188,-69.653915,20.380651,21554.9,X,28897.91,19500.84,MAINTENANCE,Operator_108
COMM08189,SATCOM_08189,63.22135,70.243109,28262.12,Ka,7115.65,14764.48,ACTIVE,Operator_246
COMM08190,SATCOM_08190,32.76769,-178.622512,22047.8,S,7290.74,10934.46,MAINTENANCE,Operator_64
COMM08191,SATCOM_08191,-1.549246,-87.654863,27982.31,S,2299.12,22496.33,MAINTENANCE,Operator_245
COMM08192,SATCOM_08192,-52.079765,5.544139,2865.93,S,9783.29,12391.03,INACTIVE,Operator_103
COMM08193,SATCOM_08193,-3.358976,-155.422561,34544.73,S,4815.68,16878.7,ACTIVE,Operator_222
COMM08194,SATCOM_08194,9.427085,17.55684,32978.04,Ku,15885.65,7093.59,MAINTENANCE,Operator_100
COMM08195,SATCOM_08195,-50.982192,11.857654,19678.41,X,21368.09,21756.67,ACTIVE,Operator_7
COMM08196,SATCOM_08196,3.461654,10.958522,15248.78,X,13716.08,18003.78,ACTIVE,Operator_96
COMM08197,SATCOM_08197,-65.417092,-114.460421,17932.99,S,2914.25,1032.42,INACTIVE,Operator_115
COMM08198,SATCOM_08198,86.092568,-159.195687,9974.87,X,19021.82,14032.67,ACTIVE,Operator_216
COMM08199,SATCOM_08199,-80.929817,130.050645,11922.51,Ku,6655.31,6885.37,ACTIVE,Operator_209
COMM08200,SATCOM_08200,-31.827706,-7.333049,32077.9,S,18331.05,1587.52,ACTIVE,Operator_226
COMM08201,SATCOM_08201,-58.660192,-67.070277,17818.9,S,8464.63,11955.43,ACTIVE,Operator_137
COMM08202,SATCOM_08202,86.851522,13.281314,338.07,C,3925.27,2828.15,ACTIVE,Operator_112
COMM08203,SATCOM_08203,3.489348,-47.508264,23147.37,S,6639.71,12696.56,ACTIVE,Operator_20
COMM08204,SATCOM_08204,-67.284547,-77.317661,18043.5,C,24782.72,9323.04,MAINTENANCE,Operator_16
COMM08205,SATCOM_08205,-61.732893,119.943263,9355.51,X,13770.26,11481.05,MAINTENANCE,Operator_17
COMM08206,SATCOM_08206,25.232494,129.786302,30007.29,L,13360.73,20652.28,ACTIVE,Operator_30
COMM08207,SATCOM_08207,61.929258,8.504232,32492.33,X,21691.97,20227.26,ACTIVE,Operator_61
COMM08208,SATCOM_08208,71.253763,-95.832175,29461.44,S,3748.26,24624.76,INACTIVE,Operator_42
COMM08209,SATCOM_08209,-22.612183,-52.912885,2907.66,Ka,28794.37,25987.54,ACTIVE,Operator_118
COMM08210,SATCOM_08210,-57.921902,-98.561534,3334.23,Ku,29956.19,5471.35,MAINTENANCE,Operator_29
COMM08211,SATCOM_08211,-78.19554,-161.133696,15815.73,X,11164.1,27511.04,MAINTENANCE,Operator_139
COMM08212,SATCOM_08212,9.016025,-113.257204,26304.05,S,1289.51,20152.16,INACTIVE,Operator_113
COMM08213,SATCOM_08213,25.896941,-97.260731,35860.16,L,22245.14,9645.81,INACTIVE,Operator_152
COMM08214,SATCOM_08214,15.095255,-51.137913,18117.67,S,14815.69,17182.98,ACTIVE,Operator_137
COMM08215,SATCOM_08215,59.17727,-62.039061,1351.46,X,25059.06,15485.61,MAINTENANCE,Operator_132
COMM08216,SATCOM_08216,54.96341,119.072968,34520.19,Ku,29139.16,7633.87,INACTIVE,Operator_194
COMM08217,SATCOM_08217,1.526092,13.580464,19492.8,Ka,20182.06,13918.2,INACTIVE,Operator_114
COMM08218,SATCOM_08218,66.452907,125.788339,8267.12,C,9264.44,3915.82,MAINTENANCE,Operator_140
COMM08219,SATCOM_08219,19.913612,-134.853536,9410.77,Ka,19226.73,27796.83,MAINTENANCE,Operator_207
COMM08220,SATCOM_08220,82.011403,130.164786,30472.23,S,21532.72,2123.26,INACTIVE,Operator_58
COMM08221,SATCOM_08221,-73.114143,-170.046408,19383.09,L,11343.54,13329.49,ACTIVE,Operator_217
COMM08222,SATCOM_08222,68.388658,-179.029919,10707.08,X,10676.72,10848.24,MAINTENANCE,Operator_248
COMM08223,SATCOM_08223,-50.160033,53.289904,26777.42,L,14319.99,24894.71,INACTIVE,Operator_138
COMM08224,SATCOM_08224,-55.868003,77.511629,13280.2,X,1246.03,7423.47,INACTIVE,Operator_248
COMM08225,SATCOM_08225,19.438099,-54.605075,9812.4,Ku,4236.09,12626.41,INACTIVE,Operator_14
COMM08226,SATCOM_08226,-14.247149,-177.205216,5620.75,Ka,28062.15,20977.95,INACTIVE,Operator_99
COMM08227,SATCOM_08227,-4.344148,28.673628,7801.57,C,26733.98,19132.95,INACTIVE,Operator_248
COMM08228,SATCOM_08228,-15.876082,-87.651002,18900.05,Ku,23531.82,14500.55,INACTIVE,Operator_124
COMM08229,SATCOM_08229,-32.006923,39.220328,29624.3,Ku,1445.04,19233.49,MAINTENANCE,Operator_72
COMM08230,SATCOM_08230,85.759112,-147.6882,26938.12,Ka,28883.62,19980.45,ACTIVE,Operator_186
COMM08231,SATCOM_08231,9.706235,-108.970091,24963.2,L,26960.05,27853.47,INACTIVE,Operator_124
COMM08232,SATCOM_08232,-5.91595,3.682749,27566.69,Ka,11183.93,15068.02,ACTIVE,Operator_17
COMM08233,SATCOM_08233,-34.412167,113.587382,1580.87,X,8200.75,25593.75,ACTIVE,Operator_3
COMM08234,SATCOM_08234,24.298518,143.624853,19029.96,L,19712.24,6239.7,MAINTENANCE,Operator_236
COMM08235,SATCOM_08235,-1.274513,-133.704425,24076.84,L,27762.21,23336.58,ACTIVE,Operator_165
COMM08236,SATCOM_08236,-17.386508,-97.676605,24001.7,C,9158.91,5180.15,MAINTENANCE,Operator_235
COMM08237,SATCOM_08237,-75.741451,-53.524162,10272.24,X,29435.98,2837.38,ACTIVE,Operator_167
COMM08238,SATCOM_08238,-75.985719,160.951229,10017.97,Ku,19785.35,23056.91,ACTIVE,Operator_10
COMM08239,SATCOM_08239,-33.934841,177.9129,7585.93,L,7429.4,24158.7,INACTIVE,Operator_118
COMM08240,SATCOM_08240,-62.933696,22.292162,430.69,L,16818.76,8605.8,INACTIVE,Operator_77
COMM08241,SATCOM_08241,-2.731921,-174.854668,2494.5,S,29481.35,4602.23,MAINTENANCE,Operator_92
COMM08242,SATCOM_08242,76.459902,132.892081,15278.31,C,28059.33,8198.2,MAINTENANCE,Operator_157
COMM08243,SATCOM_08243,-33.442959,128.025094,26707.29,X,12840.67,25028.17,ACTIVE,Operator_60
COMM08244,SATCOM_08244,21.262037,90.747959,14013.17,X,3373.55,13711.62,MAINTENANCE,Operator_64
COMM08245,SATCOM_08245,-38.157966,-60.340589,817.53,Ka,16527.17,28703.46,ACTIVE,Operator_115
COMM08246,SATCOM_08246,-85.270615,61.778004,8353.7,Ku,4867.79,1357.36,MAINTENANCE,Operator_240
COMM08247,SATCOM_08247,-55.531628,26.492487,26114.93,X,21836.59,20609.5,MAINTENANCE,Operator_62
COMM08248,SATCOM_08248,26.551929,154.760035,20441.35,Ka,21122.59,9759.1,MAINTENANCE,Operator_100
COMM08249,SATCOM_08249,1.681677,-113.660624,34623.45,Ku,10052.49,24015.67,INACTIVE,Operator_88
COMM08250,SATCOM_08250,-23.58865,45.309692,7145.47,L,18172.45,26454.41,MAINTENANCE,Operator_232
COMM08251,SATCOM_08251,-80.175613,-150.695035,16109.11,S,21056.41,2991.43,MAINTENANCE,Operator_110
COMM08252,SATCOM_08252,-36.189676,-69.101125,32608.39,Ka,2039.75,29831.0,INACTIVE,Operator_224
COMM08253,SATCOM_08253,-89.816482,16.876681,19617.12,Ka,10161.8,29863.42,INACTIVE,Operator_164
COMM08254,SATCOM_08254,77.900334,-83.922229,22425.16,X,20879.6,13921.12,ACTIVE,Operator_243
COMM08255,SATCOM_08255,-19.456271,-38.293114,29043.04,C,9634.12,21915.84,MAINTENANCE,Operator_94
COMM08256,SATCOM_08256,-52.475683,148.864751,20505.58,L,11693.74,9558.57,MAINTENANCE,Operator_29
COMM08257,SATCOM_08257,-54.407937,-36.826,4234.39,X,6050.13,5372.93,MAINTENANCE,Operator_205
COMM08258,SATCOM_08258,5.592463,46.468284,6403.11,X,8902.91,2686.75,INACTIVE,Operator_181
COMM08259,SATCOM_08259,46.478606,62.259715,18614.59,Ka,29986.73,22493.0,INACTIVE,Operator_8
COMM08260,SATCOM_08260,81.617641,84.427951,12571.36,X,21767.17,5219.43,MAINTENANCE,Operator_46
COMM08261,SATCOM_08261,-1.984198,87.446489,17138.26,Ku,23229.79,26161.18,MAINTENANCE,Operator_65
COMM08262,SATCOM_08262,-77.361986,-97.470407,29687.72,C,13641.56,14351.79,INACTIVE,Operator_102
COMM08263,SATCOM_08263,18.276744,121.09578,5078.4,Ka,14316.0,20251.1,MAINTENANCE,Operator_185
COMM08264,SATCOM_08264,-53.727959,-92.566907,4156.51,X,11347.66,2887.62,MAINTENANCE,Operator_103
COMM08265,SATCOM_08265,-70.999891,-149.194388,26888.85,X,24728.02,9844.29,ACTIVE,Operator_225
COMM08266,SATCOM_08266,-62.740602,-28.472941,30085.14,L,25589.78,22250.23,INACTIVE,Operator_152
COMM08267,SATCOM_08267,60.683568,-27.494091,12391.29,L,10337.55,17849.9,ACTIVE,Operator_115
COMM08268,SATCOM_08268,-11.681329,124.463225,25825.33,Ka,10264.2,24647.58,INACTIVE,Operator_171
COMM08269,SATCOM_08269,-67.521651,-34.305379,2458.03,L,13971.5,12805.72,ACTIVE,Operator_179
COMM08270,SATCOM_08270,37.777208,-20.509767,27302.67,Ka,25309.92,20579.7,INACTIVE,Operator_43
COMM08271,SATCOM_08271,-10.818677,58.311891,28391.51,Ka,6160.29,26955.51,MAINTENANCE,Operator_207
COMM08272,SATCOM_08272,45.724855,29.125464,2035.79,L,23721.75,19090.14,ACTIVE,Operator_27
COMM08273,SATCOM_08273,71.498858,-116.48399,32006.95,Ku,19293.89,22185.99,INACTIVE,Operator_207
COMM08274,SATCOM_08274,51.507607,-70.060515,19027.79,C,9610.37,11453.7,INACTIVE,Operator_36
COMM08275,SATCOM_08275,-24.341562,-35.059401,3961.86,C,9308.69,5079.96,INACTIVE,Operator_64
COMM08276,SATCOM_08276,76.343431,-115.958722,9382.3,Ka,11478.79,21511.21,MAINTENANCE,Operator_174
COMM08277,SATCOM_08277,51.565267,41.945879,23170.86,Ku,17258.13,26219.29,ACTIVE,Operator_178
COMM08278,SATCOM_08278,40.069288,-79.806718,27222.17,X,9555.64,17107.36,MAINTENANCE,Operator_115
COMM08279,SATCOM_08279,69.082355,60.004639,27380.07,X,22383.73,28234.38,ACTIVE,Operator_177
COMM08280,SATCOM_08280,34.717657,141.585061,25300.75,S,24295.84,6893.21,MAINTENANCE,Operator_70
COMM08281,SATCOM_08281,22.321762,144.304657,3896.26,Ka,4057.23,22443.58,MAINTENANCE,Operator_24
COMM08282,SATCOM_08282,86.906417,93.590916,6409.6,S,22959.58,24305.98,MAINTENANCE,Operator_240
COMM08283,SATCOM_08283,79.626135,-80.582646,18382.33,Ka,16799.85,23478.48,INACTIVE,Operator_244
COMM08284,SATCOM_08284,11.774814,-8.044131,32064.26,L,26430.91,5720.16,ACTIVE,Operator_56
COMM08285,SATCOM_08285,-59.876324,118.494182,6096.55,Ka,15237.91,16292.17,MAINTENANCE,Operator_16
COMM08286,SATCOM_08286,51.317032,52.897349,29420.96,L,11018.19,26837.17,INACTIVE,Operator_105
COMM08287,SATCOM_08287,27.293203,-45.84816,11434.71,Ka,22351.9,25443.84,MAINTENANCE,Operator_110
COMM08288,SATCOM_08288,-35.967049,-68.989045,6423.86,Ka,4075.15,5492.1,INACTIVE,Operator_188
COMM08289,SATCOM_08289,18.594194,-124.648232,20605.86,Ku,18173.96,3367.53,INACTIVE,Operator_119
COMM08290,SATCOM_08290,35.273888,36.915322,14857.34,C,6679.6,5613.61,MAINTENANCE,Operator_210
COMM08291,SATCOM_08291,3.442215,-166.894078,26452.4,Ku,4424.88,2787.29,MAINTENANCE,Operator_56
COMM08292,SATCOM_08292,-30.549734,60.729111,1227.03,X,14068.51,15368.95,MAINTENANCE,Operator_95
COMM08293,SATCOM_08293,-4.964798,-45.958623,6754.71,Ku,18727.43,4840.83,MAINTENANCE,Operator_60
COMM08294,SATCOM_08294,-48.461828,64.817689,2527.6,Ku,15501.59,6099.31,MAINTENANCE,Operator_211
COMM08295,SATCOM_08295,54.961953,-29.749254,7377.48,L,19546.8,6258.94,ACTIVE,Operator_170
COMM08296,SATCOM_08296,59.706204,68.584423,19623.49,C,10239.58,23058.68,MAINTENANCE,Operator_173
COMM08297,SATCOM_08297,-43.765173,-155.593182,25748.73,X,3463.1,28452.02,ACTIVE,Operator_5
COMM08298,SATCOM_08298,74.59159,-178.274404,1219.16,Ka,17905.43,24065.54,INACTIVE,Operator_179
COMM08299,SATCOM_08299,56.354192,-62.827909,30561.38,L,21115.33,14264.02,INACTIVE,Operator_48
COMM08300,SATCOM_08300,4.248576,97.401723,17734.28,S,18730.57,16734.82,ACTIVE,Operator_30
COMM08301,SATCOM_08301,86.432538,23.63701,9856.36,X,11766.2,16896.46,ACTIVE,Operator_24
COMM08302,SATCOM_08302,-79.289908,-9.759928,5584.93,S,15457.17,5169.21,ACTIVE,Operator_80
COMM08303,SATCOM_08303,-83.400091,35.223193,599.89,C,2992.33,19274.46,ACTIVE,Operator_126
COMM08304,SATCOM_08304,49.385195,-10.034023,29165.45,Ku,1471.22,19560.19,MAINTENANCE,Operator_183
COMM08305,SATCOM_08305,77.025624,163.425755,15779.56,Ka,9920.35,29258.68,MAINTENANCE,Operator_213
COMM08306,SATCOM_08306,-26.136867,21.541439,7553.31,L,24733.54,10874.22,ACTIVE,Operator_34
COMM08307,SATCOM_08307,54.576848,28.273593,26315.15,S,20887.13,6690.91,INACTIVE,Operator_147
COMM08308,SATCOM_08308,-40.197389,149.857967,29316.16,S,14545.96,16698.22,MAINTENANCE,Operator_73
COMM08309,SATCOM_08309,-54.62528,-86.893887,18341.05,Ka,21329.63,1593.14,INACTIVE,Operator_107
COMM08310,SATCOM_08310,70.653683,-113.323374,9379.03,S,26839.01,13796.65,MAINTENANCE,Operator_44
COMM08311,SATCOM_08311,-41.224524,-175.480607,23029.61,Ka,29102.7,10591.68,INACTIVE,Operator_205
COMM08312,SATCOM_08312,-2.881067,-143.209986,12650.37,S,4322.27,25388.95,INACTIVE,Operator_174
COMM08313,SATCOM_08313,9.231458,33.055067,25853.25,S,16093.33,26166.72,INACTIVE,Operator_84
COMM08314,SATCOM_08314,81.744006,-7.40288,402.74,C,28921.16,2199.15,ACTIVE,Operator_211
COMM08315,SATCOM_08315,14.47888,171.131306,22912.9,X,3557.43,14541.77,ACTIVE,Operator_181
COMM08316,SATCOM_08316,-11.63362,-27.752357,10301.72,C,1327.58,6870.72,MAINTENANCE,Operator_69
COMM08317,SATCOM_08317,-75.864239,-66.167819,11869.06,S,13054.13,22694.93,INACTIVE,Operator_39
COMM08318,SATCOM_08318,45.007364,-70.788105,26255.35,X,25891.51,19781.48,INACTIVE,Operator_19
COMM08319,SATCOM_08319,21.780332,178.535288,20187.58,Ka,15897.59,29695.38,MAINTENANCE,Operator_27
COMM08320,SATCOM_08320,2.242241,61.662463,30032.54,Ku,3379.12,11869.62,ACTIVE,Operator_24
COMM08321,SATCOM_08321,-4.905858,-45.121135,20668.49,Ku,4541.78,17231.36,INACTIVE,Operator_222
COMM08322,SATCOM_08322,74.058288,-11.913611,19961.49,X,2908.79,16867.98,INACTIVE,Operator_107
COMM08323,SATCOM_08323,-38.316795,115.442853,27995.67,Ku,27344.51,6744.17,INACTIVE,Operator_45
COMM08324,SATCOM_08324,87.829255,140.455191,26039.89,C,8331.03,17562.36,INACTIVE,Operator_121
COMM08325,SATCOM_08325,80.147778,-41.426502,32189.25,C,6111.99,25486.62,MAINTENANCE,Operator_116
COMM08326,SATCOM_08326,77.129786,-39.388055,3333.42,Ku,23173.74,8052.96,INACTIVE,Operator_73
COMM08327,SATCOM_08327,89.511054,106.727553,31967.45,L,3928.02,10565.68,INACTIVE,Operator_12
COMM08328,SATCOM_08328,55.641643,71.485006,31876.37,Ka,19177.4,28384.88,ACTIVE,Operator_249
COMM08329,SATCOM_08329,14.221073,155.78683,27845.6,S,12749.96,23630.76,INACTIVE,Operator_114
COMM08330,SATCOM_08330,81.688088,-124.85471,16252.92,L,8506.53,21835.42,ACTIVE,Operator_77
COMM08331,SATCOM_08331,-70.604247,170.195717,33984.62,X,10666.51,8828.46,INACTIVE,Operator_167
COMM08332,SATCOM_08332,80.349546,-13.341342,23245.41,S,24462.32,2410.16,ACTIVE,Operator_146
COMM08333,SATCOM_08333,-20.2716,68.878326,16823.46,C,17967.65,25274.47,ACTIVE,Operator_242
COMM08334,SATCOM_08334,53.468867,-121.143342,12696.8,X,28855.72,14862.91,MAINTENANCE,Operator_158
COMM08335,SATCOM_08335,15.451654,-100.103144,23920.54,C,25607.01,18779.02,ACTIVE,Operator_83
COMM08336,SATCOM_08336,-2.262137,178.379662,25572.3,Ku,19232.73,3719.31,INACTIVE,Operator_114
COMM08337,SATCOM_08337,-51.268612,-70.202005,24632.3,X,2926.33,17596.98,ACTIVE,Operator_192
COMM08338,SATCOM_08338,-39.068925,-47.342105,12170.13,Ku,18015.93,4604.47,INACTIVE,Operator_206
COMM08339,SATCOM_08339,-14.722978,-134.148941,8042.69,X,16854.74,20503.11,MAINTENANCE,Operator_218
COMM08340,SATCOM_08340,83.610701,-153.761722,21360.26,S,3817.24,6528.82,ACTIVE,Operator_24
COMM08341,SATCOM_08341,50.821218,-121.386407,12257.48,L,8263.7,21225.69,ACTIVE,Operator_149
COMM08342,SATCOM_08342,58.287032,79.475294,30414.68,X,14656.07,25148.97,INACTIVE,Operator_33
COMM08343,SATCOM_08343,53.175943,152.468759,8280.36,Ku,2840.46,19640.36,MAINTENANCE,Operator_219
COMM08344,SATCOM_08344,13.859723,30.246119,7560.13,C,6971.44,15111.86,MAINTENANCE,Operator_30
COMM08345,SATCOM_08345,86.679993,146.504343,1057.41,S,3613.44,10417.26,ACTIVE,Operator_112
COMM08346,SATCOM_08346,-41.184424,126.31808,25668.3,C,27681.07,19144.38,ACTIVE,Operator_36
COMM08347,SATCOM_08347,-23.021706,63.118756,10286.62,S,6252.45,1694.14,ACTIVE,Operator_217
COMM08348,SATCOM_08348,10.174517,-170.762616,35537.6,L,15301.05,25791.14,INACTIVE,Operator_23
COMM08349,SATCOM_08349,-4.207063,-7.140654,5502.99,S,26884.36,26098.06,ACTIVE,Operator_242
COMM08350,SATCOM_08350,-69.792639,-128.349826,32267.52,C,20335.92,10197.56,MAINTENANCE,Operator_146
COMM08351,SATCOM_08351,13.385909,-75.411021,32231.48,X,6274.2,2693.81,ACTIVE,Operator_105
COMM08352,SATCOM_08352,19.158721,-117.698538,8893.57,Ku,18353.48,5642.62,ACTIVE,Operator_34
COMM08353,SATCOM_08353,-39.039697,3.997396,32187.36,L,18224.33,8613.31,INACTIVE,Operator_225
COMM08354,SATCOM_08354,42.955864,-76.405374,28931.82,X,17492.89,7001.72,INACTIVE,Operator_222
COMM08355,SATCOM_08355,19.299984,143.789508,25789.49,X,12559.83,3302.91,ACTIVE,Operator_21
COMM08356,SATCOM_08356,-66.037203,24.982795,19320.9,X,13891.07,11539.27,MAINTENANCE,Operator_236
COMM08357,SATCOM_08357,14.258713,72.671494,8828.88,L,10764.08,16520.02,INACTIVE,Operator_192
COMM08358,SATCOM_08358,-77.05783,-57.993863,35878.47,L,24614.93,14875.04,MAINTENANCE,Operator_154
COMM08359,SATCOM_08359,27.472771,-109.057836,17860.12,X,9482.79,25968.97,INACTIVE,Operator_248
COMM08360,SATCOM_08360,44.492057,33.392746,10368.21,Ku,12998.65,20003.27,MAINTENANCE,Operator_110
COMM08361,SATCOM_08361,-21.000277,116.543318,23075.69,C,20612.28,25161.06,MAINTENANCE,Operator_206
COMM08362,SATCOM_08362,23.495812,42.536836,13562.91,C,5012.93,1820.45,ACTIVE,Operator_21
COMM08363,SATCOM_08363,-45.058394,-21.763932,15860.24,C,1810.49,29215.4,ACTIVE,Operator_201
COMM08364,SATCOM_08364,-14.461441,47.600264,10671.7,Ka,21891.91,20229.08,ACTIVE,Operator_203
COMM08365,SATCOM_08365,-59.852694,89.294377,30903.36,Ku,16218.45,3487.1,ACTIVE,Operator_91
COMM08366,SATCOM_08366,-86.866114,-175.669476,15211.55,Ku,14839.05,9689.24,ACTIVE,Operator_187
COMM08367,SATCOM_08367,76.225133,-136.604588,29041.12,S,5774.92,25882.09,MAINTENANCE,Operator_30
COMM08368,SATCOM_08368,-31.272974,63.852593,9976.89,Ka,13702.17,15371.97,INACTIVE,Operator_17
COMM08369,SATCOM_08369,-12.129512,63.740469,26266.8,S,1938.2,24538.29,INACTIVE,Operator_1
COMM08370,SATCOM_08370,-29.584456,113.798924,14869.5,L,14271.44,29816.18,MAINTENANCE,Operator_93
COMM08371,SATCOM_08371,-83.888133,53.951872,26428.88,Ka,19860.58,24924.78,ACTIVE,Operator_21
COMM08372,SATCOM_08372,33.573969,41.195557,19961.96,C,6253.57,10909.78,ACTIVE,Operator_17
COMM08373,SATCOM_08373,43.767176,133.617024,19180.24,X,24633.97,12324.56,ACTIVE,Operator_21
COMM08374,SATCOM_08374,78.094422,-8.744267,34060.2,X,26216.11,1317.71,INACTIVE,Operator_239
COMM08375,SATCOM_08375,78.53233,152.960624,8080.78,Ku,25717.62,8651.42,ACTIVE,Operator_52
COMM08376,SATCOM_08376,-24.125231,147.55772,30654.67,Ka,11103.38,16619.97,INACTIVE,Operator_61
COMM08377,SATCOM_08377,-54.009029,-140.542672,3468.99,C,14732.88,17802.31,INACTIVE,Operator_123
COMM08378,SATCOM_08378,32.623438,179.260922,24383.03,S,8000.98,11822.07,MAINTENANCE,Operator_97
COMM08379,SATCOM_08379,-79.245253,-147.276962,10206.48,Ku,18137.48,15333.27,MAINTENANCE,Operator_140
COMM08380,SATCOM_08380,26.296211,32.301833,12112.8,X,6471.09,13596.69,ACTIVE,Operator_8
COMM08381,SATCOM_08381,31.192532,144.484513,35312.57,Ka,25407.73,25565.99,ACTIVE,Operator_140
COMM08382,SATCOM_08382,86.693912,144.467199,23732.43,Ku,11990.25,7828.59,INACTIVE,Operator_57
COMM08383,SATCOM_08383,-71.476614,-160.344359,11090.01,S,8672.56,26071.82,INACTIVE,Operator_230
COMM08384,SATCOM_08384,-69.82121,147.437456,10642.63,L,3204.99,5533.67,INACTIVE,Operator_75
COMM08385,SATCOM_08385,24.008453,16.049618,26409.33,L,15137.54,26275.46,INACTIVE,Operator_1
COMM08386,SATCOM_08386,-70.810085,78.172861,23268.17,C,24985.91,18678.26,INACTIVE,Operator_239
COMM08387,SATCOM_08387,81.067179,81.074686,381.1,Ku,12830.58,5730.22,ACTIVE,Operator_115
COMM08388,SATCOM_08388,66.739807,-51.180226,21325.04,X,1656.17,22132.63,INACTIVE,Operator_106
COMM08389,SATCOM_08389,-46.26026,89.970116,20775.44,Ku,7301.94,29129.28,ACTIVE,Operator_247
COMM08390,SATCOM_08390,72.744467,-104.556927,18029.61,Ku,25451.59,21617.26,MAINTENANCE,Operator_91
COMM08391,SATCOM_08391,25.982376,147.464679,34258.07,L,23682.05,10266.36,ACTIVE,Operator_44
COMM08392,SATCOM_08392,16.296778,-82.250389,16161.57,L,25136.23,23295.58,MAINTENANCE,Operator_179
COMM08393,SATCOM_08393,-10.177005,-121.096628,23840.25,C,23517.69,21170.57,ACTIVE,Operator_87
COMM08394,SATCOM_08394,-56.087617,15.431567,12540.21,X,3384.39,2140.25,MAINTENANCE,Operator_139
COMM08395,SATCOM_08395,-40.462497,133.856586,33128.57,C,21167.45,5319.42,ACTIVE,Operator_110
COMM08396,SATCOM_08396,-53.203725,114.07036,21661.57,Ku,12718.9,27790.34,ACTIVE,Operator_87
COMM08397,SATCOM_08397,55.942708,-172.851031,31027.37,X,10164.95,12029.81,ACTIVE,Operator_53
COMM08398,SATCOM_08398,45.256108,57.246813,33007.02,S,17236.6,11253.28,ACTIVE,Operator_112
COMM08399,SATCOM_08399,13.880906,154.814886,18162.28,C,20494.76,25768.35,ACTIVE,Operator_241
COMM08400,SATCOM_08400,72.221427,123.191142,5087.61,Ka,14469.48,9195.48,MAINTENANCE,Operator_31
COMM08401,SATCOM_08401,25.781961,88.066372,20117.52,Ku,8704.6,3885.48,ACTIVE,Operator_217
COMM08402,SATCOM_08402,-84.646958,11.900382,33129.51,Ku,18014.24,17366.76,MAINTENANCE,Operator_117
COMM08403,SATCOM_08403,-51.934773,-67.429637,25844.59,Ku,25483.01,6471.99,MAINTENANCE,Operator_246
COMM08404,SATCOM_08404,21.7377,-110.851851,1086.11,X,14925.79,23550.91,ACTIVE,Operator_47
COMM08405,SATCOM_08405,53.723874,-78.428699,6193.67,Ka,20385.6,19232.87,MAINTENANCE,Operator_232
COMM08406,SATCOM_08406,76.531891,79.707015,34709.19,S,9023.22,17777.04,ACTIVE,Operator_67
COMM08407,SATCOM_08407,28.966669,-34.396798,32817.69,C,12627.92,25694.28,MAINTENANCE,Operator_155
COMM08408,SATCOM_08408,-9.43638,-94.494505,28468.83,L,8187.9,5307.82,INACTIVE,Operator_61
COMM08409,SATCOM_08409,43.516846,77.974862,34709.59,L,10091.84,27559.24,ACTIVE,Operator_23
COMM08410,SATCOM_08410,-56.494227,129.648598,12642.67,X,3913.84,12922.76,MAINTENANCE,Operator_91
COMM08411,SATCOM_08411,-9.584333,30.768547,22888.78,L,1207.55,2681.05,ACTIVE,Operator_221
COMM08412,SATCOM_08412,0.668348,47.525746,24428.05,S,22067.05,19491.04,INACTIVE,Operator_180
COMM08413,SATCOM_08413,41.875788,-124.74383,29055.67,L,15222.96,22713.4,ACTIVE,Operator_186
COMM08414,SATCOM_08414,-67.113192,0.677285,17639.2,S,26008.15,5404.0,ACTIVE,Operator_80
COMM08415,SATCOM_08415,59.610932,11.17867,25441.72,C,17589.92,3244.31,MAINTENANCE,Operator_35
COMM08416,SATCOM_08416,34.850161,99.399481,34134.23,L,25867.11,8232.26,MAINTENANCE,Operator_103
COMM08417,SATCOM_08417,-12.459973,137.904487,9452.13,X,2993.74,28283.61,MAINTENANCE,Operator_63
COMM08418,SATCOM_08418,38.374948,-150.285853,12792.32,L,20657.21,4900.34,ACTIVE,Operator_147
COMM08419,SATCOM_08419,9.346957,-116.905599,20115.06,C,19341.96,4206.66,INACTIVE,Operator_24
COMM08420,SATCOM_08420,17.059259,-49.723533,20743.46,S,5391.1,17057.77,INACTIVE,Operator_17
COMM08421,SATCOM_08421,-71.15153,-114.30505,24908.74,X,4560.34,6956.25,INACTIVE,Operator_83
COMM08422,SATCOM_08422,86.274721,55.84967,9446.39,L,18176.11,9861.43,MAINTENANCE,Operator_130
COMM08423,SATCOM_08423,36.718841,-101.062288,33483.44,L,15077.28,25745.09,MAINTENANCE,Operator_150
COMM08424,SATCOM_08424,50.954918,54.839937,3742.96,Ka,12296.37,7116.33,ACTIVE,Operator_56
COMM08425,SATCOM_08425,-51.995673,20.335438,20260.48,X,19742.11,4981.23,ACTIVE,Operator_10
COMM08426,SATCOM_08426,-9.263223,127.522856,34530.84,L,13149.59,8852.12,ACTIVE,Operator_20
COMM08427,SATCOM_08427,4.74068,156.507519,31396.59,C,12208.48,3108.18,ACTIVE,Operator_247
COMM08428,SATCOM_08428,-7.272968,-141.874235,16417.88,Ka,24179.74,2646.89,ACTIVE,Operator_173
COMM08429,SATCOM_08429,33.251255,92.571031,8243.87,L,2622.36,23152.76,INACTIVE,Operator_27
COMM08430,SATCOM_08430,-3.389384,-124.180528,23339.34,Ku,2913.88,17473.22,INACTIVE,Operator_125
COMM08431,SATCOM_08431,70.371793,-140.717941,31022.21,X,1207.31,20517.64,INACTIVE,Operator_153
COMM08432,SATCOM_08432,-85.699407,58.710949,18212.15,L,17625.18,24750.49,ACTIVE,Operator_112
COMM08433,SATCOM_08433,88.945921,-73.487891,19160.06,S,21414.42,4486.63,INACTIVE,Operator_239
COMM08434,SATCOM_08434,-0.674267,-135.867549,30712.4,S,12288.45,9675.4,MAINTENANCE,Operator_20
COMM08435,SATCOM_08435,-31.69592,-53.562623,35270.49,S,1360.72,29038.17,MAINTENANCE,Operator_69
COMM08436,SATCOM_08436,-34.856327,99.324487,10732.14,C,27622.69,14233.47,ACTIVE,Operator_157
COMM08437,SATCOM_08437,-48.513152,6.40069,10332.63,L,3279.79,13633.57,INACTIVE,Operator_115
COMM08438,SATCOM_08438,-61.479497,-140.83299,18232.45,C,13592.4,1625.34,MAINTENANCE,Operator_206
COMM08439,SATCOM_08439,-27.541088,-75.486619,15466.69,X,22652.41,5848.09,ACTIVE,Operator_93
COMM08440,SATCOM_08440,63.06254,-44.828963,5108.37,X,3371.75,13502.65,INACTIVE,Operator_19
COMM08441,SATCOM_08441,0.165721,-2.64594,35439.92,Ka,14643.72,27671.41,ACTIVE,Operator_163
COMM08442,SATCOM_08442,10.614655,-55.923791,1896.22,Ka,15358.91,23672.12,MAINTENANCE,Operator_204
COMM08443,SATCOM_08443,-29.676286,-23.458455,14175.35,C,20258.17,26686.31,INACTIVE,Operator_204
COMM08444,SATCOM_08444,-63.129159,116.229259,21349.27,X,5363.3,29713.38,INACTIVE,Operator_115
COMM08445,SATCOM_08445,-81.164833,-159.336004,13856.84,X,16211.18,7711.43,INACTIVE,Operator_143
COMM08446,SATCOM_08446,35.040193,-151.52358,8263.87,X,21380.93,3699.13,INACTIVE,Operator_64
COMM08447,SATCOM_08447,63.932804,-87.263688,14791.13,Ku,21130.21,26383.53,INACTIVE,Operator_236
COMM08448,SATCOM_08448,-35.662419,124.597585,14039.41,L,4446.4,7062.29,INACTIVE,Operator_169
COMM08449,SATCOM_08449,78.704067,-88.983606,14064.56,X,9031.81,15461.85,ACTIVE,Operator_111
COMM08450,SATCOM_08450,64.318541,-65.628274,23594.19,C,25824.76,19863.07,INACTIVE,Operator_16
COMM08451,SATCOM_08451,-81.90429,-19.036258,17472.48,Ku,7293.68,19729.09,INACTIVE,Operator_46
COMM08452,SATCOM_08452,14.594205,-109.769832,27980.92,L,21571.03,3947.01,INACTIVE,Operator_89
COMM08453,SATCOM_08453,36.522598,22.115325,32371.42,C,1223.3,21103.26,ACTIVE,Operator_223
COMM08454,SATCOM_08454,40.148179,-79.224497,28355.03,X,7417.64,15503.32,MAINTENANCE,Operator_172
COMM08455,SATCOM_08455,-9.450985,-98.298549,1305.52,Ka,2219.62,15344.19,MAINTENANCE,Operator_150
COMM08456,SATCOM_08456,7.377043,-137.159808,28120.31,L,7437.42,22822.11,MAINTENANCE,Operator_130
COMM08457,SATCOM_08457,69.449589,-147.107707,1887.32,X,1848.42,18484.51,ACTIVE,Operator_190
COMM08458,SATCOM_08458,-78.313488,116.177686,35871.47,C,24151.71,11583.27,INACTIVE,Operator_164
COMM08459,SATCOM_08459,-54.332901,153.757866,21456.72,C,27993.83,20133.84,ACTIVE,Operator_131
COMM08460,SATCOM_08460,49.232761,2.079954,7796.67,S,20935.4,16057.47,ACTIVE,Operator_11
COMM08461,SATCOM_08461,56.097392,112.025201,34756.62,Ku,29868.56,25644.02,INACTIVE,Operator_237
COMM08462,SATCOM_08462,-81.385154,63.284538,34980.62,S,22201.16,24160.51,MAINTENANCE,Operator_32
COMM08463,SATCOM_08463,79.688496,-22.793043,11675.28,Ka,20316.06,24746.11,MAINTENANCE,Operator_124
COMM08464,SATCOM_08464,4.354059,-58.6636,5890.78,L,7008.35,23072.7,INACTIVE,Operator_76
COMM08465,SATCOM_08465,63.19537,126.228013,3737.78,Ka,14124.21,25424.94,INACTIVE,Operator_46
COMM08466,SATCOM_08466,-32.561005,118.941521,17409.35,C,19261.67,7143.15,INACTIVE,Operator_181
COMM08467,SATCOM_08467,16.39713,-51.605017,26666.6,C,12638.3,5915.12,INACTIVE,Operator_128
COMM08468,SATCOM_08468,-21.56935,-68.320286,34697.29,S,20965.84,4988.37,INACTIVE,Operator_188
COMM08469,SATCOM_08469,-83.920982,114.853638,32379.83,Ku,16783.01,5359.97,ACTIVE,Operator_35
COMM08470,SATCOM_08470,40.276838,165.89647,620.2,S,15581.62,2347.12,ACTIVE,Operator_221
COMM08471,SATCOM_08471,63.538371,93.546968,24278.9,S,3353.55,8286.32,INACTIVE,Operator_188
COMM08472,SATCOM_08472,52.07186,61.869637,26929.96,Ka,18745.14,25047.78,ACTIVE,Operator_66
COMM08473,SATCOM_08473,60.61452,-176.693002,11327.65,Ka,14502.78,11661.44,MAINTENANCE,Operator_194
COMM08474,SATCOM_08474,-27.041539,18.106495,34479.52,L,18280.34,27280.67,INACTIVE,Operator_245
COMM08475,SATCOM_08475,82.563992,93.872455,20631.12,Ka,6728.67,24001.92,MAINTENANCE,Operator_169
COMM08476,SATCOM_08476,24.73691,96.906812,17319.94,C,27023.7,7574.53,ACTIVE,Operator_232
COMM08477,SATCOM_08477,79.161536,-145.752182,3287.28,L,15247.53,23747.33,MAINTENANCE,Operator_232
COMM08478,SATCOM_08478,-88.490894,-72.267627,8986.1,X,17132.09,14840.98,MAINTENANCE,Operator_20
COMM08479,SATCOM_08479,-42.895681,-157.608341,24671.03,S,29966.96,7356.56,INACTIVE,Operator_11
COMM08480,SATCOM_08480,44.224066,-28.032987,21492.41,C,20301.38,7834.05,INACTIVE,Operator_148
COMM08481,SATCOM_08481,79.10187,176.310722,30665.19,L,29166.72,15349.7,ACTIVE,Operator_148
COMM08482,SATCOM_08482,0.7924,-128.538284,29511.6,C,20440.63,10415.47,MAINTENANCE,Operator_71
COMM08483,SATCOM_08483,-88.156079,142.281501,22896.06,Ka,24917.51,9605.99,INACTIVE,Operator_117
COMM08484,SATCOM_08484,33.735083,111.547614,31662.65,L,3416.61,20401.45,INACTIVE,Operator_114
COMM08485,SATCOM_08485,6.124816,-140.772957,28376.17,L,13197.71,29185.87,MAINTENANCE,Operator_18
COMM08486,SATCOM_08486,53.933572,78.932022,7848.28,S,10954.18,8289.05,INACTIVE,Operator_104
COMM08487,SATCOM_08487,82.393603,-139.950223,15950.15,X,6568.65,24250.81,ACTIVE,Operator_210
COMM08488,SATCOM_08488,-2.590212,-21.908046,2866.87,L,29802.21,18985.24,MAINTENANCE,Operator_75
COMM08489,SATCOM_08489,35.977468,28.297439,34102.54,S,27093.69,23639.34,MAINTENANCE,Operator_87
COMM08490,SATCOM_08490,-77.218878,-117.368136,34803.75,C,1453.07,6323.5,ACTIVE,Operator_239
COMM08491,SATCOM_08491,-25.168882,-137.650036,22182.31,X,28456.2,15193.96,ACTIVE,Operator_23
COMM08492,SATCOM_08492,-2.466438,19.482483,10917.92,Ka,26710.56,4270.0,MAINTENANCE,Operator_200
COMM08493,SATCOM_08493,-72.964517,-164.227186,10934.65,C,5670.05,1314.24,ACTIVE,Operator_206
COMM08494,SATCOM_08494,-13.270617,-122.050984,23930.55,S,12442.19,21491.81,MAINTENANCE,Operator_62
COMM08495,SATCOM_08495,60.705595,171.535523,6084.72,C,12847.03,20719.11,ACTIVE,Operator_111
COMM08496,SATCOM_08496,58.698457,152.230694,3250.8,L,8869.84,7360.75,MAINTENANCE,Operator_211
COMM08497,SATCOM_08497,-58.377987,-69.66758,1050.05,Ku,15874.08,27073.31,ACTIVE,Operator_227
COMM08498,SATCOM_08498,68.012066,-124.151465,26150.18,Ku,19523.55,1470.99,INACTIVE,Operator_153
COMM08499,SATCOM_08499,60.07933,-88.958509,8562.83,Ka,11169.49,25521.31,MAINTENANCE,Operator_239
COMM08500,SATCOM_08500,20.464046,128.549921,1144.52,Ka,24486.03,21465.23,INACTIVE,Operator_246
COMM08501,SATCOM_08501,-67.958612,-78.613953,14943.22,C,1041.19,19209.7,ACTIVE,Operator_90
COMM08502,SATCOM_08502,62.128805,69.428833,3141.15,Ka,26084.59,27701.3,MAINTENANCE,Operator_97
COMM08503,SATCOM_08503,-1.404433,-40.67058,22592.48,C,17996.65,7102.78,INACTIVE,Operator_78
COMM08504,SATCOM_08504,-71.718407,169.838724,30129.83,X,8897.76,4569.41,MAINTENANCE,Operator_194
COMM08505,SATCOM_08505,-39.354841,-159.81229,17434.24,L,27783.63,1103.24,MAINTENANCE,Operator_16
COMM08506,SATCOM_08506,82.631793,-19.271864,11478.54,C,18230.58,27555.94,INACTIVE,Operator_66
COMM08507,SATCOM_08507,-22.647407,-115.126328,5027.27,L,17578.42,17318.83,INACTIVE,Operator_44
COMM08508,SATCOM_08508,10.213552,-38.552746,34635.96,L,7449.02,10290.49,MAINTENANCE,Operator_116
COMM08509,SATCOM_08509,-69.181143,-90.748258,29944.65,Ka,5689.42,9251.66,ACTIVE,Operator_98
COMM08510,SATCOM_08510,-18.303916,93.326425,32308.84,C,22395.17,14796.56,INACTIVE,Operator_242
COMM08511,SATCOM_08511,-24.803931,-75.442627,20707.08,X,22986.42,19233.17,INACTIVE,Operator_207
COMM08512,SATCOM_08512,-61.630837,-35.564525,10231.87,Ku,6966.22,12245.27,INACTIVE,Operator_231
COMM08513,SATCOM_08513,-83.090168,-151.283261,2094.17,L,24865.78,1994.31,INACTIVE,Operator_179
COMM08514,SATCOM_08514,58.411216,167.659087,33309.55,L,17381.07,26470.71,MAINTENANCE,Operator_47
COMM08515,SATCOM_08515,13.011623,69.094569,24464.04,Ka,5595.52,18382.51,MAINTENANCE,Operator_207
COMM08516,SATCOM_08516,47.440051,47.991709,8479.14,Ku,1334.04,9664.75,MAINTENANCE,Operator_17
COMM08517,SATCOM_08517,7.188242,34.16569,30852.44,Ku,4418.57,25841.75,MAINTENANCE,Operator_9
COMM08518,SATCOM_08518,27.012463,-124.375226,16200.35,L,1663.45,9723.87,MAINTENANCE,Operator_92
COMM08519,SATCOM_08519,28.577108,92.102666,10524.81,X,10856.66,8903.35,INACTIVE,Operator_42
COMM08520,SATCOM_08520,-27.734342,82.81518,19869.04,C,24443.89,23704.84,INACTIVE,Operator_37
COMM08521,SATCOM_08521,-67.49913,-43.880896,33505.28,X,27783.93,13372.0,INACTIVE,Operator_39
COMM08522,SATCOM_08522,38.261486,161.555783,748.87,L,19099.15,8144.24,INACTIVE,Operator_13
COMM08523,SATCOM_08523,47.85385,-63.062266,35163.35,L,26996.34,13395.58,INACTIVE,Operator_5
COMM08524,SATCOM_08524,-9.448483,134.830728,5109.3,C,23912.01,19523.49,INACTIVE,Operator_166
COMM08525,SATCOM_08525,-72.021036,80.190405,9425.16,Ku,24081.02,5110.98,INACTIVE,Operator_36
COMM08526,SATCOM_08526,-11.572371,-164.198956,35847.15,Ka,9713.23,5851.9,MAINTENANCE,Operator_227
COMM08527,SATCOM_08527,-9.211105,128.891107,6088.66,X,2970.46,6840.43,INACTIVE,Operator_48
COMM08528,SATCOM_08528,-63.119674,-111.223801,34618.34,C,1037.33,18748.43,INACTIVE,Operator_11
COMM08529,SATCOM_08529,-76.186645,-124.957111,7378.3,L,2408.14,2088.01,MAINTENANCE,Operator_198
COMM08530,SATCOM_08530,-16.443076,155.732566,20653.11,L,20228.52,14334.46,MAINTENANCE,Operator_86
COMM08531,SATCOM_08531,17.211176,80.79402,23300.8,Ku,23237.88,14509.44,ACTIVE,Operator_70
COMM08532,SATCOM_08532,19.289593,52.441419,35289.18,Ka,9463.52,23488.15,MAINTENANCE,Operator_181
COMM08533,SATCOM_08533,65.674597,-97.32309,26032.94,C,10673.48,11325.21,INACTIVE,Operator_230
COMM08534,SATCOM_08534,24.048087,-156.127148,6394.73,Ku,24755.05,5659.41,INACTIVE,Operator_198
COMM08535,SATCOM_08535,25.108954,4.830151,23104.64,Ka,23302.22,13667.43,MAINTENANCE,Operator_118
COMM08536,SATCOM_08536,-80.230111,-20.845129,30508.06,L,1293.57,10760.36,INACTIVE,Operator_229
COMM08537,SATCOM_08537,-9.800459,99.533377,34886.08,C,26554.35,27922.78,ACTIVE,Operator_249
COMM08538,SATCOM_08538,-41.531376,125.627048,17960.26,Ku,28182.96,3974.26,ACTIVE,Operator_161
COMM08539,SATCOM_08539,11.086358,178.529124,13943.14,Ku,2151.64,12164.77,INACTIVE,Operator_165
COMM08540,SATCOM_08540,-87.21829,87.643351,16195.43,Ka,12280.02,28950.09,ACTIVE,Operator_230
COMM08541,SATCOM_08541,-39.996185,163.37644,25876.6,Ka,1665.32,5048.28,ACTIVE,Operator_19
COMM08542,SATCOM_08542,34.472542,-53.201025,19336.95,Ku,10668.4,28819.5,ACTIVE,Operator_34
COMM08543,SATCOM_08543,60.100908,136.791681,28621.64,X,12770.79,16994.38,MAINTENANCE,Operator_225
COMM08544,SATCOM_08544,-62.504003,115.666124,404.66,L,23292.5,4348.65,INACTIVE,Operator_242
COMM08545,SATCOM_08545,74.902814,-36.097244,2411.44,L,13000.86,14958.15,MAINTENANCE,Operator_50
COMM08546,SATCOM_08546,72.813796,52.956414,33406.04,C,21357.08,19604.04,ACTIVE,Operator_79
COMM08547,SATCOM_08547,59.555141,-13.35993,19382.02,S,10106.89,20679.99,ACTIVE,Operator_178
COMM08548,SATCOM_08548,-34.282395,60.912566,26914.61,S,17238.44,25716.2,ACTIVE,Operator_40
COMM08549,SATCOM_08549,26.11439,38.492187,35397.99,C,14564.66,13252.77,ACTIVE,Operator_173
COMM08550,SATCOM_08550,33.02379,-70.479109,5062.02,Ku,17537.83,21551.62,INACTIVE,Operator_64
COMM08551,SATCOM_08551,10.30053,-123.32122,24874.43,S,8578.63,5714.9,INACTIVE,Operator_105
COMM08552,SATCOM_08552,59.822678,-40.235215,18279.42,Ka,7373.59,9211.74,ACTIVE,Operator_168
COMM08553,SATCOM_08553,-62.750458,14.268145,12042.69,Ku,23036.51,6799.06,MAINTENANCE,Operator_212
COMM08554,SATCOM_08554,68.401416,-97.01567,8683.81,X,3153.69,7754.33,MAINTENANCE,Operator_68
COMM08555,SATCOM_08555,-66.207276,-106.776617,34614.11,Ku,24059.15,6793.46,ACTIVE,Operator_161
COMM08556,SATCOM_08556,38.985139,-152.16834,32352.12,L,25768.4,25785.53,INACTIVE,Operator_62
COMM08557,SATCOM_08557,-55.383959,-110.247321,11170.76,L,10703.29,11700.76,ACTIVE,Operator_241
COMM08558,SATCOM_08558,64.713763,17.964292,10304.75,S,22251.26,20735.76,ACTIVE,Operator_78
COMM08559,SATCOM_08559,-81.475334,49.818941,19260.08,S,26046.26,13989.22,ACTIVE,Operator_85
COMM08560,SATCOM_08560,-31.408772,39.398108,25556.6,Ka,16969.76,29380.69,INACTIVE,Operator_221
COMM08561,SATCOM_08561,-64.951554,-57.727579,10891.03,S,7967.22,8746.77,INACTIVE,Operator_43
COMM08562,SATCOM_08562,-79.338358,145.72589,32311.84,Ka,15479.7,23291.85,ACTIVE,Operator_81
COMM08563,SATCOM_08563,-20.968486,97.139977,31069.89,S,12621.64,11630.54,ACTIVE,Operator_29
COMM08564,SATCOM_08564,-34.831062,-5.119334,3321.6,X,5082.98,11451.52,MAINTENANCE,Operator_51
COMM08565,SATCOM_08565,83.55813,-176.360126,13277.58,X,15651.49,11550.25,MAINTENANCE,Operator_127
COMM08566,SATCOM_08566,45.029186,-75.341589,5487.06,L,12286.32,29021.04,MAINTENANCE,Operator_81
COMM08567,SATCOM_08567,-79.087416,-62.040252,20607.01,Ku,29353.07,14378.72,ACTIVE,Operator_188
COMM08568,SATCOM_08568,24.332762,146.725845,30559.12,C,9728.15,5443.16,INACTIVE,Operator_225
COMM08569,SATCOM_08569,-80.138876,35.269994,15023.88,C,19577.96,10472.36,INACTIVE,Operator_72
COMM08570,SATCOM_08570,-58.897066,-49.43567,4314.37,Ku,20682.27,5316.88,INACTIVE,Operator_241
COMM08571,SATCOM_08571,-81.9492,-173.655098,3437.73,S,25541.73,29146.47,INACTIVE,Operator_137
COMM08572,SATCOM_08572,32.009361,147.266839,20401.43,X,10774.5,3420.7,INACTIVE,Operator_247
COMM08573,SATCOM_08573,53.312694,150.251853,12947.29,C,14810.53,19589.28,ACTIVE,Operator_22
COMM08574,SATCOM_08574,27.193522,6.26269,29955.12,C,15193.59,24796.49,INACTIVE,Operator_192
COMM08575,SATCOM_08575,73.691331,41.685826,20877.25,S,23279.86,17771.05,INACTIVE,Operator_75
COMM08576,SATCOM_08576,70.320705,87.615474,11132.5,Ka,11881.5,20754.67,INACTIVE,Operator_87
COMM08577,SATCOM_08577,-23.093158,-99.514092,25631.96,C,26912.17,5357.43,ACTIVE,Operator_94
COMM08578,SATCOM_08578,44.820646,-13.277211,24579.56,Ku,23242.27,7577.48,MAINTENANCE,Operator_94
COMM08579,SATCOM_08579,59.601884,67.894474,8108.47,Ka,27718.79,4534.63,MAINTENANCE,Operator_118
COMM08580,SATCOM_08580,-14.353762,162.099208,15665.77,X,14959.6,8176.81,MAINTENANCE,Operator_16
COMM08581,SATCOM_08581,-16.666198,-172.613376,26562.4,C,6018.93,16749.65,MAINTENANCE,Operator_217
COMM08582,SATCOM_08582,-85.061695,-47.317851,3920.44,Ku,5121.68,2159.47,ACTIVE,Operator_230
COMM08583,SATCOM_08583,-29.743904,13.440312,30892.72,Ka,26327.54,29926.6,INACTIVE,Operator_196
COMM08584,SATCOM_08584,-55.289419,-76.59796,14239.78,Ka,17172.92,16474.92,MAINTENANCE,Operator_199
COMM08585,SATCOM_08585,-65.337369,-101.839013,807.84,Ka,9117.96,16924.8,MAINTENANCE,Operator_150
COMM08586,SATCOM_08586,7.497169,-67.249615,20281.38,L,3751.43,28617.23,MAINTENANCE,Operator_175
COMM08587,SATCOM_08587,-68.446195,-55.410502,31148.91,L,3010.85,10491.84,INACTIVE,Operator_183
COMM08588,SATCOM_08588,53.25388,107.101548,1277.83,Ku,2297.95,6644.34,MAINTENANCE,Operator_52
COMM08589,SATCOM_08589,-8.0249,87.274252,3320.4,Ku,6709.44,12142.02,MAINTENANCE,Operator_115
COMM08590,SATCOM_08590,36.886625,121.250405,5048.91,Ku,28204.48,1166.24,INACTIVE,Operator_125
COMM08591,SATCOM_08591,-74.901364,-83.396312,32530.75,Ka,12464.29,17169.7,ACTIVE,Operator_76
COMM08592,SATCOM_08592,-12.600254,-157.100793,21726.59,X,11737.64,16570.94,INACTIVE,Operator_121
COMM08593,SATCOM_08593,-40.033821,139.669449,27904.84,X,11941.63,15671.95,INACTIVE,Operator_217
COMM08594,SATCOM_08594,-49.075319,71.781367,34480.71,Ku,1961.7,12921.24,MAINTENANCE,Operator_197
COMM08595,SATCOM_08595,-83.751661,-17.726849,4073.63,X,14162.5,11674.87,ACTIVE,Operator_119
COMM08596,SATCOM_08596,-30.247938,-178.182761,31940.21,L,6927.44,15366.97,INACTIVE,Operator_221
COMM08597,SATCOM_08597,-67.485288,46.066588,8866.21,Ka,26341.4,24407.63,ACTIVE,Operator_176
COMM08598,SATCOM_08598,-13.345053,-179.527533,24176.75,X,7998.41,11519.8,INACTIVE,Operator_132
COMM08599,SATCOM_08599,55.905239,167.055934,3224.64,S,2217.77,22256.47,INACTIVE,Operator_73
COMM08600,SATCOM_08600,31.81203,99.794272,35575.03,S,22989.05,19788.82,MAINTENANCE,Operator_90
COMM08601,SATCOM_08601,-35.862395,5.792851,12388.25,Ku,9652.52,5852.47,MAINTENANCE,Operator_86
COMM08602,SATCOM_08602,49.400153,-109.01996,23708.95,Ku,24339.83,15620.57,ACTIVE,Operator_96
COMM08603,SATCOM_08603,-78.832056,72.3036,1051.8,L,23565.76,6363.73,ACTIVE,Operator_222
COMM08604,SATCOM_08604,-76.748303,63.315765,29878.62,S,22658.85,14995.47,ACTIVE,Operator_140
COMM08605,SATCOM_08605,14.935099,-94.652625,29345.8,X,22495.88,14871.62,INACTIVE,Operator_23
COMM08606,SATCOM_08606,83.298497,137.543618,15624.93,C,24326.01,20732.69,MAINTENANCE,Operator_62
COMM08607,SATCOM_08607,-22.81562,18.07829,2468.14,Ku,12339.78,20216.6,MAINTENANCE,Operator_22
COMM08608,SATCOM_08608,58.194076,71.680937,12168.84,Ku,15619.46,10628.06,ACTIVE,Operator_201
COMM08609,SATCOM_08609,-40.650903,-53.225569,12518.12,C,8447.19,15372.01,INACTIVE,Operator_27
COMM08610,SATCOM_08610,50.954423,98.57988,13740.91,L,20913.76,24671.33,MAINTENANCE,Operator_56
COMM08611,SATCOM_08611,12.934075,-79.741148,10573.45,S,27798.16,17434.75,ACTIVE,Operator_244
COMM08612,SATCOM_08612,6.242799,59.597939,4726.38,L,9202.43,12241.68,MAINTENANCE,Operator_244
COMM08613,SATCOM_08613,10.802622,-51.09444,17933.94,Ka,1710.84,26490.41,ACTIVE,Operator_208
COMM08614,SATCOM_08614,-47.473894,175.922245,19108.56,X,16779.28,28934.27,INACTIVE,Operator_19
COMM08615,SATCOM_08615,32.616642,83.641841,7154.83,L,7418.1,29637.51,MAINTENANCE,Operator_194
COMM08616,SATCOM_08616,72.158448,-60.668037,1675.01,Ka,9204.34,20236.13,MAINTENANCE,Operator_2
COMM08617,SATCOM_08617,-53.678343,100.734614,14572.3,C,5653.94,27879.21,ACTIVE,Operator_4
COMM08618,SATCOM_08618,-36.114959,-77.546594,17214.98,Ka,25716.39,12316.71,ACTIVE,Operator_232
COMM08619,SATCOM_08619,43.342544,141.92378,9613.08,L,10704.13,21117.03,INACTIVE,Operator_60
COMM08620,SATCOM_08620,-53.263404,-172.883479,34850.17,Ku,22311.33,23291.28,MAINTENANCE,Operator_236
COMM08621,SATCOM_08621,36.947747,172.307044,10279.79,S,18205.34,21762.5,MAINTENANCE,Operator_194
COMM08622,SATCOM_08622,73.018462,-9.457101,15330.39,S,7384.22,19881.8,INACTIVE,Operator_75
COMM08623,SATCOM_08623,5.451938,54.875399,14169.73,C,1198.12,19581.19,ACTIVE,Operator_144
COMM08624,SATCOM_08624,23.508917,25.238025,18972.5,Ku,8493.05,23262.29,MAINTENANCE,Operator_34
COMM08625,SATCOM_08625,-12.44302,91.848748,23636.41,X,6861.75,21773.26,ACTIVE,Operator_184
COMM08626,SATCOM_08626,-54.717424,-77.121959,35462.81,L,14408.65,18160.09,MAINTENANCE,Operator_188
COMM08627,SATCOM_08627,24.351144,-92.904311,29068.67,X,5241.83,17677.98,MAINTENANCE,Operator_233
COMM08628,SATCOM_08628,21.69328,1.703925,30802.62,X,22160.21,27403.85,MAINTENANCE,Operator_182
COMM08629,SATCOM_08629,-75.548778,-64.264861,25715.53,X,5515.24,19892.69,MAINTENANCE,Operator_143
COMM08630,SATCOM_08630,-26.222361,-37.677354,16300.92,S,27662.88,18086.25,MAINTENANCE,Operator_149
COMM08631,SATCOM_08631,-42.50504,148.537609,766.97,Ka,9519.34,23224.73,INACTIVE,Operator_16
COMM08632,SATCOM_08632,28.927166,102.531059,20864.02,L,23972.59,19169.4,MAINTENANCE,Operator_88
COMM08633,SATCOM_08633,-60.633643,119.438849,17391.29,S,25961.47,14996.54,ACTIVE,Operator_129
COMM08634,SATCOM_08634,-72.708065,-73.845803,6016.74,C,6670.47,25266.46,ACTIVE,Operator_217
COMM08635,SATCOM_08635,4.36146,175.334969,2759.15,L,20741.07,17625.87,ACTIVE,Operator_8
COMM08636,SATCOM_08636,39.388192,-122.693569,29123.79,S,28989.28,9292.1,ACTIVE,Operator_35
COMM08637,SATCOM_08637,48.534957,76.599728,34366.19,Ka,24311.4,14027.66,INACTIVE,Operator_14
COMM08638,SATCOM_08638,4.438192,-61.43199,31097.69,X,9892.34,9460.62,INACTIVE,Operator_89
COMM08639,SATCOM_08639,62.836625,122.744799,422.56,L,19071.16,12626.65,INACTIVE,Operator_93
COMM08640,SATCOM_08640,7.020249,-85.818238,10677.11,L,5919.31,26768.01,INACTIVE,Operator_134
COMM08641,SATCOM_08641,4.312426,103.618694,5706.49,C,23041.72,22943.6,MAINTENANCE,Operator_170
COMM08642,SATCOM_08642,20.481698,-1.932734,17530.02,C,13892.45,29798.34,ACTIVE,Operator_199
COMM08643,SATCOM_08643,-17.15507,118.015365,11855.0,Ku,14657.95,19271.58,MAINTENANCE,Operator_157
COMM08644,SATCOM_08644,32.342377,-5.915546,5373.38,Ku,15256.81,1141.98,ACTIVE,Operator_227
COMM08645,SATCOM_08645,0.128003,-168.527067,18354.73,C,28618.6,12786.93,INACTIVE,Operator_220
COMM08646,SATCOM_08646,-37.445034,-118.526504,3779.37,C,26164.85,7126.85,ACTIVE,Operator_139
COMM08647,SATCOM_08647,-76.220765,-165.236284,22966.62,X,19096.14,26196.74,ACTIVE,Operator_200
COMM08648,SATCOM_08648,88.824737,156.276034,33309.57,C,1078.31,19249.06,ACTIVE,Operator_217
COMM08649,SATCOM_08649,37.420831,-9.565543,31715.72,S,4489.02,15587.41,MAINTENANCE,Operator_58
COMM08650,SATCOM_08650,35.929886,-84.287618,32754.77,Ka,16102.54,29381.75,MAINTENANCE,Operator_55
COMM08651,SATCOM_08651,-23.839283,-107.280806,12376.87,S,15293.97,1397.78,MAINTENANCE,Operator_185
COMM08652,SATCOM_08652,63.358742,-1.29359,17443.03,Ku,12197.21,18002.37,ACTIVE,Operator_52
COMM08653,SATCOM_08653,9.344093,-105.365673,26932.54,L,17917.67,14182.32,ACTIVE,Operator_152
COMM08654,SATCOM_08654,-67.777116,-130.596271,2962.28,L,28225.43,10637.81,INACTIVE,Operator_62
COMM08655,SATCOM_08655,47.82808,21.758182,33598.41,C,21204.73,10503.45,MAINTENANCE,Operator_2
COMM08656,SATCOM_08656,-63.732676,24.295145,18994.3,L,26496.83,10922.55,MAINTENANCE,Operator_11
COMM08657,SATCOM_08657,21.46961,131.63323,27552.25,L,1645.52,1565.02,INACTIVE,Operator_17
COMM08658,SATCOM_08658,-20.316255,-90.711886,28207.85,L,23352.37,20698.58,INACTIVE,Operator_117
COMM08659,SATCOM_08659,62.260363,-19.8875,407.71,L,1769.31,11536.0,MAINTENANCE,Operator_36
COMM08660,SATCOM_08660,-49.614391,41.6349,34230.16,C,12118.7,10191.27,MAINTENANCE,Operator_27
COMM08661,SATCOM_08661,-46.268401,-45.311488,24771.49,X,11835.57,24970.12,MAINTENANCE,Operator_201
COMM08662,SATCOM_08662,-15.985837,63.439603,23913.15,S,3971.57,9873.1,INACTIVE,Operator_235
COMM08663,SATCOM_08663,77.994755,-0.408788,5299.42,C,19107.97,6316.65,ACTIVE,Operator_171
COMM08664,SATCOM_08664,-61.192264,-94.804292,31680.19,S,9947.88,12236.56,ACTIVE,Operator_31
COMM08665,SATCOM_08665,-18.468518,-166.611632,9878.97,L,8345.38,12325.32,INACTIVE,Operator_80
COMM08666,SATCOM_08666,-2.006927,29.838714,21309.31,Ka,10352.46,26872.61,INACTIVE,Operator_26
COMM08667,SATCOM_08667,-56.230973,-72.923174,10545.21,Ka,10570.67,25622.83,MAINTENANCE,Operator_116
COMM08668,SATCOM_08668,8.778098,123.84035,21559.83,C,27662.73,10418.81,MAINTENANCE,Operator_38
COMM08669,SATCOM_08669,-65.448175,-20.039833,2312.24,S,5552.56,25399.3,ACTIVE,Operator_18
COMM08670,SATCOM_08670,-62.604351,-107.834912,28878.92,C,11737.94,12364.44,ACTIVE,Operator_153
COMM08671,SATCOM_08671,-56.834397,-83.975124,17955.36,X,27780.6,4657.85,ACTIVE,Operator_166
COMM08672,SATCOM_08672,27.185445,89.08771,17219.17,L,2188.03,15006.01,MAINTENANCE,Operator_106
COMM08673,SATCOM_08673,-6.371423,-132.121179,15321.74,Ku,10637.92,21455.92,ACTIVE,Operator_126
COMM08674,SATCOM_08674,-26.072277,107.75099,28257.31,Ka,25371.3,13686.7,MAINTENANCE,Operator_118
COMM08675,SATCOM_08675,-60.791103,80.49604,12271.65,Ku,26127.28,5713.3,ACTIVE,Operator_189
COMM08676,SATCOM_08676,-82.469209,-42.887496,11120.69,L,18393.86,16174.04,INACTIVE,Operator_11
COMM08677,SATCOM_08677,45.598278,-137.223987,34061.07,S,15527.28,26092.81,ACTIVE,Operator_90
COMM08678,SATCOM_08678,-75.632426,-149.576728,770.52,S,12440.41,4346.24,INACTIVE,Operator_8
COMM08679,SATCOM_08679,12.021456,54.824359,7342.11,Ku,5661.25,25617.39,INACTIVE,Operator_29
COMM08680,SATCOM_08680,77.005687,163.401838,25777.37,L,18179.52,22787.43,MAINTENANCE,Operator_102
COMM08681,SATCOM_08681,-33.647284,-96.126703,10955.26,Ku,28542.0,18516.83,ACTIVE,Operator_54
COMM08682,SATCOM_08682,-15.748919,102.85088,15763.18,Ku,19070.58,2925.96,INACTIVE,Operator_168
COMM08683,SATCOM_08683,-72.4024,-14.28722,14329.12,Ku,17263.0,13009.37,ACTIVE,Operator_211
COMM08684,SATCOM_08684,-32.237932,21.81299,7158.14,L,8732.94,9060.22,MAINTENANCE,Operator_175
COMM08685,SATCOM_08685,-88.609734,130.585502,30871.42,S,22501.49,21145.23,MAINTENANCE,Operator_125
COMM08686,SATCOM_08686,87.263369,35.166739,23262.42,C,21401.47,1311.71,MAINTENANCE,Operator_111
COMM08687,SATCOM_08687,53.554537,29.708027,29616.53,X,2686.0,8687.31,ACTIVE,Operator_20
COMM08688,SATCOM_08688,-39.012501,-61.896604,2238.84,Ku,4815.15,8480.39,MAINTENANCE,Operator_150
COMM08689,SATCOM_08689,29.698529,-42.003616,3325.52,Ku,14758.84,19297.02,INACTIVE,Operator_220
COMM08690,SATCOM_08690,-41.891865,-176.387417,16174.5,C,21276.78,8779.38,INACTIVE,Operator_222
COMM08691,SATCOM_08691,8.974899,-93.921593,4616.19,S,21844.05,14449.18,INACTIVE,Operator_229
COMM08692,SATCOM_08692,-29.819716,-136.91221,23551.78,L,7526.25,8681.14,ACTIVE,Operator_132
COMM08693,SATCOM_08693,0.215858,161.62166,26645.75,C,16978.2,25738.25,ACTIVE,Operator_58
COMM08694,SATCOM_08694,78.614837,153.017386,24978.86,X,16795.61,1371.7,MAINTENANCE,Operator_139
COMM08695,SATCOM_08695,-33.297177,155.495792,8993.29,X,28007.8,18646.13,INACTIVE,Operator_143
COMM08696,SATCOM_08696,21.399395,-162.206766,4918.09,X,25246.03,5394.35,MAINTENANCE,Operator_149
COMM08697,SATCOM_08697,-86.269807,-24.249766,35286.81,Ka,7110.67,7165.59,ACTIVE,Operator_216
COMM08698,SATCOM_08698,-55.651951,35.275651,21529.92,C,13459.25,17014.37,ACTIVE,Operator_193
COMM08699,SATCOM_08699,-55.759476,-58.312882,21861.46,Ku,8145.51,19667.19,INACTIVE,Operator_15
COMM08700,SATCOM_08700,-8.043685,80.197078,9236.27,X,7361.4,28291.49,MAINTENANCE,Operator_154
COMM08701,SATCOM_08701,19.807419,31.310019,29465.57,C,4213.82,19065.34,INACTIVE,Operator_114
COMM08702,SATCOM_08702,35.04588,-170.728056,15455.88,X,27684.68,8735.36,MAINTENANCE,Operator_180
COMM08703,SATCOM_08703,13.965064,-171.068001,17344.09,L,6253.91,21153.16,ACTIVE,Operator_113
COMM08704,SATCOM_08704,61.548981,131.34838,10465.25,S,24116.27,16733.19,MAINTENANCE,Operator_180
COMM08705,SATCOM_08705,78.639294,157.329659,23045.66,C,28439.51,19031.22,ACTIVE,Operator_225
COMM08706,SATCOM_08706,-10.082419,-25.543758,1566.08,X,18295.4,1324.92,ACTIVE,Operator_17
COMM08707,SATCOM_08707,18.000695,-27.81752,25913.61,Ka,16964.78,13743.53,MAINTENANCE,Operator_113
COMM08708,SATCOM_08708,-28.522187,74.874438,14984.74,X,8643.88,24333.55,INACTIVE,Operator_232
COMM08709,SATCOM_08709,48.762752,-165.806504,30360.41,L,1404.19,10750.18,ACTIVE,Operator_128
COMM08710,SATCOM_08710,-6.796315,-92.554119,21160.31,Ka,23302.53,26469.47,INACTIVE,Operator_11
COMM08711,SATCOM_08711,-54.698977,37.655044,33323.83,S,17693.82,18626.49,INACTIVE,Operator_78
COMM08712,SATCOM_08712,64.85587,-127.720999,9640.95,S,19356.96,13575.67,MAINTENANCE,Operator_122
COMM08713,SATCOM_08713,-26.692391,-136.207108,8579.06,Ka,18694.81,28913.53,ACTIVE,Operator_231
COMM08714,SATCOM_08714,69.322225,-67.107232,18481.74,Ka,26821.64,12250.29,ACTIVE,Operator_95
COMM08715,SATCOM_08715,-80.696829,-179.969775,9335.82,Ku,12909.87,12368.83,ACTIVE,Operator_187
COMM08716,SATCOM_08716,70.270242,-32.28099,19433.3,Ku,28141.29,9722.77,ACTIVE,Operator_25
COMM08717,SATCOM_08717,-11.090572,-165.050169,29481.31,X,17399.47,18407.73,INACTIVE,Operator_129
COMM08718,SATCOM_08718,60.605782,69.165677,29342.65,C,24515.36,7680.98,INACTIVE,Operator_124
COMM08719,SATCOM_08719,-75.19994,81.533012,10043.51,X,2116.24,7429.71,INACTIVE,Operator_65
COMM08720,SATCOM_08720,54.839349,-19.186357,17094.23,S,12765.01,20437.41,INACTIVE,Operator_10
COMM08721,SATCOM_08721,45.739794,-50.868498,22295.19,L,29710.99,7441.23,ACTIVE,Operator_160
COMM08722,SATCOM_08722,-28.553192,-72.230638,35581.44,Ku,4120.1,21315.62,ACTIVE,Operator_190
COMM08723,SATCOM_08723,-5.328797,24.471395,32731.26,L,22186.25,5611.95,ACTIVE,Operator_115
COMM08724,SATCOM_08724,-15.580996,96.548252,10746.21,X,7202.36,19149.76,ACTIVE,Operator_183
COMM08725,SATCOM_08725,31.520789,109.558391,21240.71,Ka,2892.97,29501.07,INACTIVE,Operator_26
COMM08726,SATCOM_08726,9.529664,-46.366037,15916.12,C,3959.75,17475.59,INACTIVE,Operator_78
COMM08727,SATCOM_08727,-22.516592,-36.545623,24711.16,S,13839.62,20355.22,MAINTENANCE,Operator_22
COMM08728,SATCOM_08728,-27.585156,-129.434163,14010.57,L,28833.92,11416.17,ACTIVE,Operator_18
COMM08729,SATCOM_08729,-65.166013,-57.288334,29986.39,X,11747.11,11056.99,MAINTENANCE,Operator_36
COMM08730,SATCOM_08730,72.114996,-34.671627,20381.73,C,19875.67,22089.8,MAINTENANCE,Operator_135
COMM08731,SATCOM_08731,52.313606,72.320677,32213.0,L,6674.73,29944.97,ACTIVE,Operator_212
COMM08732,SATCOM_08732,-77.956994,87.799268,22141.16,Ka,28807.75,27821.92,MAINTENANCE,Operator_58
COMM08733,SATCOM_08733,30.528805,-154.264768,24342.67,X,19426.33,17153.07,MAINTENANCE,Operator_78
COMM08734,SATCOM_08734,87.374747,-96.045545,24080.16,S,28569.34,2396.39,MAINTENANCE,Operator_39
COMM08735,SATCOM_08735,-87.692535,177.474933,31114.16,Ku,26527.67,20074.62,MAINTENANCE,Operator_145
COMM08736,SATCOM_08736,-29.105851,24.296507,16213.1,C,26582.07,2816.56,MAINTENANCE,Operator_139
COMM08737,SATCOM_08737,29.165691,54.436053,27293.35,Ku,9362.81,21836.74,INACTIVE,Operator_244
COMM08738,SATCOM_08738,-0.089211,-79.81615,34697.79,Ka,16517.71,22116.74,INACTIVE,Operator_174
COMM08739,SATCOM_08739,18.132,111.672559,21484.86,C,13926.43,7297.69,MAINTENANCE,Operator_177
COMM08740,SATCOM_08740,-44.704401,-80.878499,16912.52,X,23489.51,6124.58,INACTIVE,Operator_67
COMM08741,SATCOM_08741,-78.718048,-63.664652,19690.42,X,2645.45,24815.55,INACTIVE,Operator_196
COMM08742,SATCOM_08742,-77.164215,3.415457,7955.8,L,29914.2,28700.19,MAINTENANCE,Operator_132
COMM08743,SATCOM_08743,-18.0939,-155.537097,31217.58,X,12107.86,11813.87,ACTIVE,Operator_188
COMM08744,SATCOM_08744,-32.8817,-121.054925,10130.32,C,5763.08,13791.18,MAINTENANCE,Operator_240
COMM08745,SATCOM_08745,-30.326247,62.794366,14965.42,Ku,7910.52,22674.73,INACTIVE,Operator_202
COMM08746,SATCOM_08746,38.727704,157.723452,13986.21,Ka,22368.98,29590.71,MAINTENANCE,Operator_239
COMM08747,SATCOM_08747,-66.001804,9.26703,33192.38,Ku,9385.9,11093.97,MAINTENANCE,Operator_227
COMM08748,SATCOM_08748,-89.471531,30.338429,9832.23,Ka,5282.9,1107.5,INACTIVE,Operator_27
COMM08749,SATCOM_08749,-33.291903,-1.348361,31024.99,L,23072.81,7776.58,ACTIVE,Operator_121
COMM08750,SATCOM_08750,53.540187,-97.53302,9025.29,X,26204.85,28705.57,MAINTENANCE,Operator_14
COMM08751,SATCOM_08751,77.13725,-126.915953,3035.4,X,6527.65,5868.51,ACTIVE,Operator_177
COMM08752,SATCOM_08752,-43.490659,63.72717,8538.76,L,16308.83,21515.34,ACTIVE,Operator_211
COMM08753,SATCOM_08753,30.573033,-91.032129,24685.75,Ku,5408.09,11358.77,MAINTENANCE,Operator_89
COMM08754,SATCOM_08754,-74.219158,-31.618785,8609.52,Ku,15977.54,14216.69,INACTIVE,Operator_232
COMM08755,SATCOM_08755,7.219887,175.437143,12147.48,X,3455.59,11840.87,ACTIVE,Operator_55
COMM08756,SATCOM_08756,23.656637,-103.604528,25314.38,L,25526.38,18070.83,MAINTENANCE,Operator_127
COMM08757,SATCOM_08757,45.622561,62.134836,24785.46,C,21996.7,8988.4,INACTIVE,Operator_207
COMM08758,SATCOM_08758,-52.254926,85.51618,23858.79,Ku,21549.11,8460.05,MAINTENANCE,Operator_68
COMM08759,SATCOM_08759,68.865538,122.289322,23099.9,Ka,22424.87,11882.7,INACTIVE,Operator_150
COMM08760,SATCOM_08760,-14.200591,-41.982826,3049.88,Ku,20911.55,1487.76,MAINTENANCE,Operator_235
COMM08761,SATCOM_08761,-33.488123,-106.214881,27307.25,S,2256.01,28429.45,MAINTENANCE,Operator_2
COMM08762,SATCOM_08762,-83.855894,-85.921152,12468.52,S,4852.74,28105.47,ACTIVE,Operator_4
COMM08763,SATCOM_08763,-65.347814,114.698851,14753.24,C,28654.06,26560.43,MAINTENANCE,Operator_117
COMM08764,SATCOM_08764,-75.115242,150.809872,14525.18,X,20065.41,26060.86,MAINTENANCE,Operator_79
COMM08765,SATCOM_08765,48.226785,29.538074,10196.18,C,8315.02,9988.37,INACTIVE,Operator_136
COMM08766,SATCOM_08766,50.845241,-167.716482,34094.4,L,10771.05,16677.29,MAINTENANCE,Operator_89
COMM08767,SATCOM_08767,76.55306,-64.221453,19080.88,Ku,14267.03,19457.19,MAINTENANCE,Operator_124
COMM08768,SATCOM_08768,-54.506318,17.354672,13457.38,L,29302.32,20370.31,ACTIVE,Operator_143
COMM08769,SATCOM_08769,-21.914223,-29.564686,1741.26,C,7788.76,22539.11,MAINTENANCE,Operator_38
COMM08770,SATCOM_08770,-1.996245,-30.301889,26800.31,Ku,15359.72,8546.98,MAINTENANCE,Operator_77
COMM08771,SATCOM_08771,-75.903409,19.620995,13515.5,L,28937.42,18419.01,ACTIVE,Operator_32
COMM08772,SATCOM_08772,-48.10919,-117.659537,14496.68,C,24761.75,22083.51,INACTIVE,Operator_200
COMM08773,SATCOM_08773,25.405397,-47.731179,9721.3,S,22345.88,24178.62,INACTIVE,Operator_34
COMM08774,SATCOM_08774,-81.992378,-63.355762,17446.71,C,27683.04,21092.08,ACTIVE,Operator_121
COMM08775,SATCOM_08775,-2.73391,-13.152289,1164.41,X,9195.33,4574.72,INACTIVE,Operator_11
COMM08776,SATCOM_08776,66.684647,78.214074,6483.38,L,11180.74,23202.54,MAINTENANCE,Operator_65
COMM08777,SATCOM_08777,-29.374941,-117.065811,528.48,L,23598.6,20711.0,INACTIVE,Operator_192
COMM08778,SATCOM_08778,-53.024477,87.335055,2975.49,X,26260.77,3631.57,MAINTENANCE,Operator_197
COMM08779,SATCOM_08779,62.576498,9.837937,3060.1,Ka,21198.16,7927.51,MAINTENANCE,Operator_150
COMM08780,SATCOM_08780,-38.661603,-126.960697,17078.04,C,23004.2,11742.91,MAINTENANCE,Operator_189
COMM08781,SATCOM_08781,-64.826891,-61.838635,20801.85,L,8028.05,26647.0,MAINTENANCE,Operator_126
COMM08782,SATCOM_08782,29.746173,-177.991697,24594.32,L,8431.68,8962.22,ACTIVE,Operator_99
COMM08783,SATCOM_08783,23.757939,131.452351,3568.96,L,4018.52,15997.24,ACTIVE,Operator_39
COMM08784,SATCOM_08784,-85.789065,-77.030844,18556.33,L,8585.17,17288.13,MAINTENANCE,Operator_50
COMM08785,SATCOM_08785,-68.234668,-46.196516,24342.07,Ka,5437.18,4065.72,MAINTENANCE,Operator_115
COMM08786,SATCOM_08786,15.195855,98.211638,9356.21,X,5101.85,24278.74,MAINTENANCE,Operator_31
COMM08787,SATCOM_08787,-32.42059,-14.657059,3894.39,Ku,2881.63,17661.9,ACTIVE,Operator_159
COMM08788,SATCOM_08788,-58.692109,-76.892359,34266.15,X,9346.44,11398.84,INACTIVE,Operator_134
COMM08789,SATCOM_08789,63.246233,61.643592,6069.97,L,14063.98,29278.89,MAINTENANCE,Operator_184
COMM08790,SATCOM_08790,61.386933,-15.565825,28946.46,L,8598.39,4362.99,ACTIVE,Operator_139
COMM08791,SATCOM_08791,72.273578,-53.909286,11679.08,S,3571.41,14907.2,INACTIVE,Operator_21
COMM08792,SATCOM_08792,72.969013,143.146499,22684.46,S,12790.95,19309.0,INACTIVE,Operator_26
COMM08793,SATCOM_08793,-61.264148,-100.366984,7608.63,L,9353.92,23026.93,ACTIVE,Operator_140
COMM08794,SATCOM_08794,80.960817,-71.763295,11509.83,X,11779.59,8763.96,ACTIVE,Operator_161
COMM08795,SATCOM_08795,-84.982383,179.815256,18385.7,X,28323.21,7336.06,ACTIVE,Operator_217
COMM08796,SATCOM_08796,9.30713,150.827329,29416.24,Ku,2906.18,3403.92,INACTIVE,Operator_10
COMM08797,SATCOM_08797,-43.512442,178.737711,34428.05,L,27239.66,14896.45,INACTIVE,Operator_164
COMM08798,SATCOM_08798,-61.861225,-38.580405,19096.92,L,5173.91,4637.06,ACTIVE,Operator_45
COMM08799,SATCOM_08799,-4.098968,110.648535,8932.63,L,20408.17,20809.8,ACTIVE,Operator_231
COMM08800,SATCOM_08800,45.077164,4.853307,1196.15,X,21404.2,24321.17,ACTIVE,Operator_37
COMM08801,SATCOM_08801,-65.097772,84.14693,21479.8,L,29170.22,6227.44,INACTIVE,Operator_141
COMM08802,SATCOM_08802,14.716141,-151.494721,26402.63,C,7616.25,23807.31,ACTIVE,Operator_166
COMM08803,SATCOM_08803,-80.872798,73.750998,13859.88,Ka,10044.3,15723.96,MAINTENANCE,Operator_112
COMM08804,SATCOM_08804,44.058933,160.657253,9341.59,C,6954.42,25948.08,ACTIVE,Operator_187
COMM08805,SATCOM_08805,62.584195,139.743109,19660.81,L,26465.95,2275.4,MAINTENANCE,Operator_245
COMM08806,SATCOM_08806,-7.672687,-177.968383,30292.11,C,3579.87,3801.08,ACTIVE,Operator_192
COMM08807,SATCOM_08807,37.624932,72.488857,16014.59,S,8440.62,4018.12,ACTIVE,Operator_44
COMM08808,SATCOM_08808,-8.436445,-141.969849,6224.13,C,14482.06,27566.95,MAINTENANCE,Operator_124
COMM08809,SATCOM_08809,-64.316573,123.524772,35060.63,S,19493.17,10951.34,ACTIVE,Operator_227
COMM08810,SATCOM_08810,-20.489197,-170.259263,18446.72,Ka,20686.7,15192.16,MAINTENANCE,Operator_196
COMM08811,SATCOM_08811,-76.8711,-58.961606,34813.92,Ku,23227.14,21288.53,ACTIVE,Operator_33
COMM08812,SATCOM_08812,-66.72784,106.935623,15451.34,L,26426.21,13133.7,ACTIVE,Operator_229
COMM08813,SATCOM_08813,52.034424,-133.770181,24592.26,X,22397.9,25953.22,MAINTENANCE,Operator_227
COMM08814,SATCOM_08814,88.350374,129.798418,28627.14,Ku,12272.19,4549.04,ACTIVE,Operator_161
COMM08815,SATCOM_08815,72.55823,35.313736,29475.18,S,27612.5,11247.0,INACTIVE,Operator_186
COMM08816,SATCOM_08816,-16.087159,-154.426003,12654.34,Ka,27088.13,5495.77,MAINTENANCE,Operator_189
COMM08817,SATCOM_08817,24.90127,8.299714,1307.27,Ka,3421.96,9789.78,INACTIVE,Operator_235
COMM08818,SATCOM_08818,89.472757,-79.180052,15339.74,L,10172.52,21210.71,ACTIVE,Operator_172
COMM08819,SATCOM_08819,8.220092,4.081247,11156.51,X,12052.44,17295.05,ACTIVE,Operator_226
COMM08820,SATCOM_08820,21.212758,28.868464,22138.59,X,11888.43,3744.17,INACTIVE,Operator_108
COMM08821,SATCOM_08821,-73.981847,-121.635604,33053.23,L,3771.55,20709.95,ACTIVE,Operator_215
COMM08822,SATCOM_08822,60.839457,165.041342,10911.43,Ku,26026.35,29005.72,INACTIVE,Operator_181
COMM08823,SATCOM_08823,15.715508,80.786914,20291.33,Ka,27068.84,13735.82,MAINTENANCE,Operator_142
COMM08824,SATCOM_08824,-82.884119,-39.564599,11542.45,X,13363.21,16829.85,INACTIVE,Operator_121
COMM08825,SATCOM_08825,-65.680843,-54.430852,7099.6,S,9288.4,16616.46,MAINTENANCE,Operator_86
COMM08826,SATCOM_08826,-41.680491,143.471615,26243.86,L,7093.91,6790.01,ACTIVE,Operator_236
COMM08827,SATCOM_08827,-50.524817,-11.80088,26988.21,X,25715.88,23941.35,MAINTENANCE,Operator_167
COMM08828,SATCOM_08828,21.8235,-115.487406,19322.58,L,20535.29,27649.1,MAINTENANCE,Operator_58
COMM08829,SATCOM_08829,78.310381,-127.080521,27457.93,C,21226.71,3272.97,INACTIVE,Operator_184
COMM08830,SATCOM_08830,-71.801168,38.163646,8259.29,Ka,13418.54,13990.05,ACTIVE,Operator_115
COMM08831,SATCOM_08831,-8.949805,-121.219476,539.2,Ku,23877.58,4762.58,INACTIVE,Operator_114
COMM08832,SATCOM_08832,-53.823244,-17.689844,3604.36,L,4407.76,12941.34,ACTIVE,Operator_43
COMM08833,SATCOM_08833,-22.687214,57.511629,21490.79,L,26295.91,11914.9,MAINTENANCE,Operator_39
COMM08834,SATCOM_08834,30.22289,-118.783762,29160.77,Ku,1738.5,6860.66,ACTIVE,Operator_33
COMM08835,SATCOM_08835,-57.127024,58.002597,23742.96,L,9376.12,10422.18,MAINTENANCE,Operator_130
COMM08836,SATCOM_08836,-3.491006,89.903978,9390.51,L,14414.18,22808.02,MAINTENANCE,Operator_108
COMM08837,SATCOM_08837,65.72822,179.887311,5800.25,L,20262.49,1148.91,INACTIVE,Operator_215
COMM08838,SATCOM_08838,-79.806611,-2.682907,3876.12,Ka,18569.95,9798.6,ACTIVE,Operator_117
COMM08839,SATCOM_08839,-3.598221,36.592675,8356.4,Ku,21737.68,7807.74,ACTIVE,Operator_99
COMM08840,SATCOM_08840,58.734127,-8.248705,18297.66,L,19881.81,11204.55,MAINTENANCE,Operator_86
COMM08841,SATCOM_08841,11.294293,5.417858,11617.73,L,23351.08,6337.22,MAINTENANCE,Operator_140
COMM08842,SATCOM_08842,-73.441741,95.980817,35276.0,Ka,7112.79,17831.78,INACTIVE,Operator_160
COMM08843,SATCOM_08843,16.569693,-154.201844,2836.88,L,20564.92,22272.27,INACTIVE,Operator_187
COMM08844,SATCOM_08844,33.460176,-164.687556,973.88,S,14070.52,28169.72,MAINTENANCE,Operator_79
COMM08845,SATCOM_08845,83.141295,-167.427607,4849.8,X,13718.76,23395.73,INACTIVE,Operator_149
COMM08846,SATCOM_08846,43.137718,-147.924248,31844.13,C,6142.67,20910.47,INACTIVE,Operator_162
COMM08847,SATCOM_08847,-25.774494,-153.199302,19579.7,L,12344.76,25496.9,MAINTENANCE,Operator_149
COMM08848,SATCOM_08848,-33.415258,169.148402,30982.78,C,9704.36,7721.79,ACTIVE,Operator_132
COMM08849,SATCOM_08849,32.201089,-5.062875,28250.05,X,4271.53,13435.3,ACTIVE,Operator_137
COMM08850,SATCOM_08850,35.227633,72.267849,15764.61,L,27669.05,26386.49,INACTIVE,Operator_2
COMM08851,SATCOM_08851,87.771965,122.530667,25133.89,Ka,11682.3,15883.71,ACTIVE,Operator_124
COMM08852,SATCOM_08852,-1.78887,9.130257,20774.16,Ku,28601.53,28056.96,ACTIVE,Operator_171
COMM08853,SATCOM_08853,-71.050134,-158.163761,18737.18,C,5866.86,7272.62,MAINTENANCE,Operator_139
COMM08854,SATCOM_08854,7.852791,164.536713,23196.72,Ka,1529.52,19907.22,INACTIVE,Operator_89
COMM08855,SATCOM_08855,-82.877971,-53.840689,468.3,C,28779.8,29454.85,MAINTENANCE,Operator_237
COMM08856,SATCOM_08856,60.538255,-179.094703,9014.41,S,9801.58,13748.17,ACTIVE,Operator_38
COMM08857,SATCOM_08857,41.993785,-51.220679,5182.55,S,10163.25,26126.31,MAINTENANCE,Operator_233
COMM08858,SATCOM_08858,-67.684145,-101.370216,21178.73,Ku,19895.65,19412.42,MAINTENANCE,Operator_60
COMM08859,SATCOM_08859,-59.029721,-153.593667,22535.91,Ku,16320.1,25804.62,MAINTENANCE,Operator_141
COMM08860,SATCOM_08860,24.85393,139.277464,26989.66,X,12999.42,12188.4,INACTIVE,Operator_219
COMM08861,SATCOM_08861,85.459715,35.390857,25379.61,S,7887.64,18498.24,ACTIVE,Operator_34
COMM08862,SATCOM_08862,-15.399119,141.880488,4865.87,C,21207.85,8893.24,ACTIVE,Operator_125
COMM08863,SATCOM_08863,-24.893554,97.637198,8150.93,C,22598.81,16449.45,ACTIVE,Operator_92
COMM08864,SATCOM_08864,3.794982,17.046659,9470.38,C,7984.45,13842.08,ACTIVE,Operator_76
COMM08865,SATCOM_08865,16.261546,-57.415448,4354.24,X,21276.67,17055.92,ACTIVE,Operator_135
COMM08866,SATCOM_08866,10.084957,94.279402,13503.47,Ka,1682.66,7871.7,MAINTENANCE,Operator_15
COMM08867,SATCOM_08867,-71.402353,18.877541,1087.08,S,3401.8,22299.89,MAINTENANCE,Operator_234
COMM08868,SATCOM_08868,-0.960567,-7.904862,8808.9,C,2087.04,17149.68,MAINTENANCE,Operator_100
COMM08869,SATCOM_08869,-28.590005,115.751881,26382.94,S,10975.24,14497.92,MAINTENANCE,Operator_228
COMM08870,SATCOM_08870,-15.725773,1.600947,25644.23,C,29843.67,22624.74,MAINTENANCE,Operator_248
COMM08871,SATCOM_08871,25.566678,-9.684198,34433.55,X,15376.84,20215.7,MAINTENANCE,Operator_66
COMM08872,SATCOM_08872,-82.282927,74.892869,3025.75,S,8018.2,18823.25,ACTIVE,Operator_141
COMM08873,SATCOM_08873,24.696752,7.069162,7068.83,Ka,8722.24,27073.61,MAINTENANCE,Operator_139
COMM08874,SATCOM_08874,84.758033,-48.028511,24684.75,Ka,12506.98,19430.77,INACTIVE,Operator_101
COMM08875,SATCOM_08875,-66.685046,13.035711,22365.26,L,26615.85,18265.22,MAINTENANCE,Operator_246
COMM08876,SATCOM_08876,-41.831437,30.67601,33279.48,X,28742.59,4068.53,ACTIVE,Operator_83
COMM08877,SATCOM_08877,-13.781281,7.010283,8257.89,S,6806.01,14829.95,ACTIVE,Operator_15
COMM08878,SATCOM_08878,-49.721317,53.363773,14739.0,S,9423.63,2773.66,INACTIVE,Operator_48
COMM08879,SATCOM_08879,19.216347,-31.308683,14486.94,Ka,3158.49,26677.83,INACTIVE,Operator_89
COMM08880,SATCOM_08880,40.326243,104.459611,30177.06,S,27217.71,17725.08,ACTIVE,Operator_218
COMM08881,SATCOM_08881,-56.931217,68.042863,4730.76,Ku,1317.37,11146.13,ACTIVE,Operator_113
COMM08882,SATCOM_08882,-18.280189,137.110112,380.94,X,4707.45,1659.81,MAINTENANCE,Operator_127
COMM08883,SATCOM_08883,-23.461222,-131.741344,31421.12,Ka,1776.61,2802.99,ACTIVE,Operator_161
COMM08884,SATCOM_08884,-54.182683,-5.741373,7620.17,S,4830.66,10865.04,MAINTENANCE,Operator_110
COMM08885,SATCOM_08885,-84.801513,-30.292926,7848.33,S,15542.03,16237.87,ACTIVE,Operator_7
COMM08886,SATCOM_08886,36.95372,-132.522659,25288.32,C,11878.18,3574.96,MAINTENANCE,Operator_52
COMM08887,SATCOM_08887,-57.067246,-130.713425,11054.57,S,23175.67,28379.98,INACTIVE,Operator_90
COMM08888,SATCOM_08888,-40.598954,92.186484,34747.05,C,26705.67,12327.41,ACTIVE,Operator_68
COMM08889,SATCOM_08889,-13.652593,-69.806744,6435.17,Ku,21768.45,25072.92,INACTIVE,Operator_200
COMM08890,SATCOM_08890,65.801586,-53.866349,12066.63,Ku,4137.86,22989.29,INACTIVE,Operator_72
COMM08891,SATCOM_08891,89.616415,-84.461766,35964.37,X,1385.21,24378.88,ACTIVE,Operator_204
COMM08892,SATCOM_08892,-42.619857,42.538253,675.11,X,15294.48,13437.07,ACTIVE,Operator_43
COMM08893,SATCOM_08893,20.373543,169.685077,3413.42,Ka,28312.11,25267.33,ACTIVE,Operator_50
COMM08894,SATCOM_08894,-66.212792,29.301064,34035.95,Ka,11804.11,18776.04,ACTIVE,Operator_68
COMM08895,SATCOM_08895,-73.705601,-19.45965,5028.85,X,29052.43,13588.5,MAINTENANCE,Operator_62
COMM08896,SATCOM_08896,85.818449,107.605817,9713.69,X,14620.34,21520.65,ACTIVE,Operator_160
COMM08897,SATCOM_08897,-28.569242,-154.856292,18927.18,C,19536.05,12189.76,INACTIVE,Operator_78
COMM08898,SATCOM_08898,-45.316022,45.931489,21103.04,Ka,2905.23,23704.04,ACTIVE,Operator_244
COMM08899,SATCOM_08899,-16.63571,105.051364,4295.27,X,1133.09,20906.01,MAINTENANCE,Operator_60
COMM08900,SATCOM_08900,23.735958,59.166353,18646.67,Ku,8674.91,1117.78,INACTIVE,Operator_72
COMM08901,SATCOM_08901,39.822842,50.769587,9792.4,Ka,2298.68,3490.12,INACTIVE,Operator_226
COMM08902,SATCOM_08902,89.92095,-20.164082,10694.24,X,15479.65,5952.36,INACTIVE,Operator_240
COMM08903,SATCOM_08903,47.749013,20.148674,8202.62,S,13054.27,26795.91,MAINTENANCE,Operator_117
COMM08904,SATCOM_08904,65.43172,164.648683,25574.75,Ka,12562.28,3261.58,MAINTENANCE,Operator_2
COMM08905,SATCOM_08905,8.157451,39.904481,4898.57,S,15810.18,16679.9,ACTIVE,Operator_129
COMM08906,SATCOM_08906,0.297838,59.917462,17070.44,L,26797.47,1898.08,ACTIVE,Operator_53
COMM08907,SATCOM_08907,-4.707671,-90.648736,21613.28,L,28273.8,7295.63,INACTIVE,Operator_77
COMM08908,SATCOM_08908,-53.198649,73.680208,16423.17,Ka,7709.08,15975.06,ACTIVE,Operator_191
COMM08909,SATCOM_08909,-55.553057,94.91797,2164.41,Ku,7422.08,12688.75,MAINTENANCE,Operator_84
COMM08910,SATCOM_08910,27.157405,72.320897,32127.71,Ku,21076.89,9374.51,MAINTENANCE,Operator_60
COMM08911,SATCOM_08911,-13.999595,-114.020184,32949.47,X,6953.02,25555.73,INACTIVE,Operator_231
COMM08912,SATCOM_08912,52.558769,-87.061203,29582.61,Ku,28442.65,3213.03,MAINTENANCE,Operator_48
COMM08913,SATCOM_08913,-51.521923,-150.316649,19860.41,Ka,10059.06,25547.09,MAINTENANCE,Operator_66
COMM08914,SATCOM_08914,79.44689,145.577719,15078.24,S,5152.5,9547.08,MAINTENANCE,Operator_85
COMM08915,SATCOM_08915,-36.102753,80.867302,308.48,S,26445.29,2635.74,MAINTENANCE,Operator_49
COMM08916,SATCOM_08916,81.015663,-83.80213,252.04,X,29169.27,18430.36,MAINTENANCE,Operator_234
COMM08917,SATCOM_08917,-39.686335,-19.785131,26619.62,Ku,20179.98,19280.98,MAINTENANCE,Operator_21
COMM08918,SATCOM_08918,-2.817232,-80.158713,13487.92,S,3498.23,12353.82,ACTIVE,Operator_145
COMM08919,SATCOM_08919,52.165351,131.83469,2876.57,S,22154.43,29765.42,INACTIVE,Operator_217
COMM08920,SATCOM_08920,11.599004,-51.293984,17588.14,X,23684.39,19504.8,INACTIVE,Operator_230
COMM08921,SATCOM_08921,-21.74771,93.195726,32327.79,C,3834.28,15894.9,INACTIVE,Operator_240
COMM08922,SATCOM_08922,72.420477,57.419088,33253.41,C,19092.04,11146.22,INACTIVE,Operator_110
COMM08923,SATCOM_08923,13.156311,81.328554,6106.75,L,25492.49,28478.31,INACTIVE,Operator_175
COMM08924,SATCOM_08924,-64.198627,3.197137,17701.49,S,24374.52,28796.99,ACTIVE,Operator_230
COMM08925,SATCOM_08925,-22.800805,-148.139622,1284.27,L,21974.13,27224.72,INACTIVE,Operator_73
COMM08926,SATCOM_08926,-54.037103,-39.911957,8103.61,C,27959.25,17936.99,INACTIVE,Operator_165
COMM08927,SATCOM_08927,-53.09997,172.785453,5131.17,L,10531.46,23863.41,INACTIVE,Operator_200
COMM08928,SATCOM_08928,18.372203,41.729526,23842.26,X,28755.56,23304.88,INACTIVE,Operator_98
COMM08929,SATCOM_08929,-9.784591,28.136022,30298.75,Ku,16004.14,9322.04,MAINTENANCE,Operator_22
COMM08930,SATCOM_08930,-37.570157,104.533179,26079.37,L,26968.05,23491.17,INACTIVE,Operator_108
COMM08931,SATCOM_08931,-79.679766,-108.959236,14736.77,X,25651.31,27601.49,ACTIVE,Operator_118
COMM08932,SATCOM_08932,-25.948745,-140.057021,30312.03,X,29349.89,27909.43,INACTIVE,Operator_134
COMM08933,SATCOM_08933,15.407091,-24.291935,15695.9,L,8635.17,26797.05,INACTIVE,Operator_116
COMM08934,SATCOM_08934,57.26256,-78.854888,23895.97,C,17134.38,3324.74,ACTIVE,Operator_75
COMM08935,SATCOM_08935,23.120937,-134.353407,17532.85,S,19637.81,29657.66,MAINTENANCE,Operator_118
COMM08936,SATCOM_08936,29.140356,148.610915,13947.91,X,23447.98,15113.42,INACTIVE,Operator_124
COMM08937,SATCOM_08937,-55.760746,31.703035,11429.89,S,7946.94,10857.15,INACTIVE,Operator_178
COMM08938,SATCOM_08938,-59.51624,-173.137792,12073.69,Ka,26525.37,2091.65,MAINTENANCE,Operator_102
COMM08939,SATCOM_08939,-67.242663,173.547597,4761.1,L,9589.37,6673.18,ACTIVE,Operator_51
COMM08940,SATCOM_08940,88.541094,38.923101,14466.81,Ka,3113.37,10292.7,ACTIVE,Operator_235
COMM08941,SATCOM_08941,33.405125,-106.624373,32110.44,Ka,10914.18,28458.05,INACTIVE,Operator_235
COMM08942,SATCOM_08942,52.321517,-31.050246,24916.74,S,9135.19,8399.0,ACTIVE,Operator_22
COMM08943,SATCOM_08943,-44.860257,-149.53845,30329.67,Ku,16043.58,29046.71,INACTIVE,Operator_14
COMM08944,SATCOM_08944,27.351553,176.628766,33467.03,Ku,12862.24,16966.63,MAINTENANCE,Operator_120
COMM08945,SATCOM_08945,-63.669558,102.364681,1746.16,C,24768.51,14397.51,MAINTENANCE,Operator_226
COMM08946,SATCOM_08946,46.595108,-68.945332,31070.59,Ka,14116.17,20825.54,MAINTENANCE,Operator_210
COMM08947,SATCOM_08947,33.560255,-144.870268,22239.02,Ku,5231.28,18952.5,ACTIVE,Operator_99
COMM08948,SATCOM_08948,-42.050147,-65.888236,11002.65,X,8367.57,24792.65,ACTIVE,Operator_158
COMM08949,SATCOM_08949,-12.464568,62.149331,34279.8,C,20041.63,22019.59,ACTIVE,Operator_241
COMM08950,SATCOM_08950,-26.84385,173.394707,9114.88,L,29446.61,27595.38,ACTIVE,Operator_174
COMM08951,SATCOM_08951,88.604965,167.968671,16134.34,L,13399.47,5197.34,ACTIVE,Operator_45
COMM08952,SATCOM_08952,28.857927,17.369746,27315.64,Ku,13289.3,1758.17,MAINTENANCE,Operator_149
COMM08953,SATCOM_08953,8.789771,-152.386092,24636.69,X,29444.68,21685.7,INACTIVE,Operator_224
COMM08954,SATCOM_08954,85.804186,126.44243,30667.24,Ku,24575.11,22181.86,MAINTENANCE,Operator_156
COMM08955,SATCOM_08955,-27.8937,129.614202,20511.43,Ku,11015.55,9297.1,MAINTENANCE,Operator_194
COMM08956,SATCOM_08956,-6.280476,164.832578,27782.06,S,4319.37,28446.07,MAINTENANCE,Operator_67
COMM08957,SATCOM_08957,14.216327,139.802059,9776.5,C,29264.28,3955.21,ACTIVE,Operator_85
COMM08958,SATCOM_08958,-46.427003,-94.67845,3546.61,Ka,20133.13,21392.55,MAINTENANCE,Operator_193
COMM08959,SATCOM_08959,-82.013637,83.574795,10529.26,X,25259.07,10512.78,MAINTENANCE,Operator_222
COMM08960,SATCOM_08960,76.240136,14.091738,35446.32,S,26154.91,18498.57,MAINTENANCE,Operator_114
COMM08961,SATCOM_08961,-16.795607,106.756037,25689.63,Ku,9268.45,20629.96,ACTIVE,Operator_18
COMM08962,SATCOM_08962,47.109222,78.330974,9393.76,S,25107.07,25492.26,MAINTENANCE,Operator_129
COMM08963,SATCOM_08963,3.996358,-128.326868,16178.97,L,20460.25,21089.01,ACTIVE,Operator_200
COMM08964,SATCOM_08964,-70.793277,5.135019,26591.23,S,12258.98,27591.9,ACTIVE,Operator_233
COMM08965,SATCOM_08965,72.189797,-117.808683,32400.83,C,14203.92,5658.16,MAINTENANCE,Operator_137
COMM08966,SATCOM_08966,-19.222527,76.235086,7441.5,L,1000.85,15964.59,ACTIVE,Operator_140
COMM08967,SATCOM_08967,-85.144467,122.390364,30308.16,L,19298.38,6287.73,INACTIVE,Operator_183
COMM08968,SATCOM_08968,15.481522,98.191276,13596.41,L,21072.56,2426.86,INACTIVE,Operator_107
COMM08969,SATCOM_08969,84.837439,169.153963,23336.34,Ku,14020.1,19564.72,MAINTENANCE,Operator_76
COMM08970,SATCOM_08970,88.183543,81.544694,24419.29,C,26619.56,12725.98,INACTIVE,Operator_42
COMM08971,SATCOM_08971,-14.585527,68.743755,16870.08,C,2303.12,17635.34,MAINTENANCE,Operator_229
COMM08972,SATCOM_08972,-48.588458,120.529943,31134.24,Ka,19344.99,25958.11,MAINTENANCE,Operator_209
COMM08973,SATCOM_08973,29.571346,86.043911,10346.76,Ku,23884.0,4320.4,ACTIVE,Operator_121
COMM08974,SATCOM_08974,37.262099,-12.070424,8598.34,Ku,13664.87,19520.48,MAINTENANCE,Operator_28
COMM08975,SATCOM_08975,-32.177654,158.661995,19575.06,Ka,24778.37,2329.6,INACTIVE,Operator_15
COMM08976,SATCOM_08976,58.669754,63.141134,4148.58,X,28084.93,5400.79,INACTIVE,Operator_101
COMM08977,SATCOM_08977,89.337577,155.24293,35789.73,L,16517.38,19650.69,INACTIVE,Operator_51
COMM08978,SATCOM_08978,-55.856896,-96.388851,33675.87,Ka,15125.38,26529.79,INACTIVE,Operator_81
COMM08979,SATCOM_08979,29.097133,-143.877157,35917.5,X,24266.09,13156.03,ACTIVE,Operator_76
COMM08980,SATCOM_08980,-59.035021,-131.762744,13981.76,C,7729.34,2989.56,ACTIVE,Operator_241
COMM08981,SATCOM_08981,-8.958953,163.644158,21571.89,L,23984.2,22514.78,MAINTENANCE,Operator_62
COMM08982,SATCOM_08982,-48.162818,-78.382919,15141.71,X,18922.89,7365.75,ACTIVE,Operator_163
COMM08983,SATCOM_08983,-16.675878,110.677212,29808.8,L,14977.26,9046.29,ACTIVE,Operator_49
COMM08984,SATCOM_08984,-64.126112,-51.250227,14983.39,Ka,9119.92,17658.59,INACTIVE,Operator_83
COMM08985,SATCOM_08985,13.832353,135.52356,7446.8,S,28651.46,23891.11,INACTIVE,Operator_103
COMM08986,SATCOM_08986,-76.736063,103.455022,28549.95,L,9994.09,17606.37,INACTIVE,Operator_165
COMM08987,SATCOM_08987,59.991949,109.974612,5138.01,Ku,8782.91,25835.75,INACTIVE,Operator_49
COMM08988,SATCOM_08988,22.012861,-72.668471,34834.9,Ku,15212.57,15438.54,MAINTENANCE,Operator_177
COMM08989,SATCOM_08989,-44.916175,27.105507,16783.56,Ka,7501.83,23331.67,ACTIVE,Operator_138
COMM08990,SATCOM_08990,-41.327932,-40.318892,5510.84,X,3331.48,2641.26,ACTIVE,Operator_36
COMM08991,SATCOM_08991,88.38524,102.726269,23505.76,Ku,12381.52,23247.17,MAINTENANCE,Operator_8
COMM08992,SATCOM_08992,-39.513986,154.549451,16958.33,Ka,13739.16,18472.36,ACTIVE,Operator_93
COMM08993,SATCOM_08993,-20.323034,-153.786122,19259.96,Ku,21880.01,10701.39,ACTIVE,Operator_16
COMM08994,SATCOM_08994,-1.117074,-77.806645,12827.45,S,2760.21,17383.67,MAINTENANCE,Operator_129
COMM08995,SATCOM_08995,-62.650005,-172.558384,18458.43,S,22568.13,24010.41,ACTIVE,Operator_179
COMM08996,SATCOM_08996,56.023151,-52.704883,25858.36,S,6235.33,5165.12,MAINTENANCE,Operator_80
COMM08997,SATCOM_08997,-15.757861,62.974398,32436.85,C,24574.51,18061.21,MAINTENANCE,Operator_227
COMM08998,SATCOM_08998,77.029092,-57.245267,6310.54,S,11112.53,6123.8,ACTIVE,Operator_67
COMM08999,SATCOM_08999,37.785724,9.374704,3437.18,X,20849.56,21676.71,MAINTENANCE,Operator_119
COMM09000,SATCOM_09000,12.295495,49.574118,26443.04,X,13856.63,7606.22,MAINTENANCE,Operator_60
COMM09001,SATCOM_09001,3.700503,-38.293376,12970.95,C,3775.77,13610.91,ACTIVE,Operator_97
COMM09002,SATCOM_09002,-70.949551,89.187973,23376.61,C,17877.26,21373.68,ACTIVE,Operator_39
COMM09003,SATCOM_09003,78.906604,-53.321999,8789.06,Ku,2577.85,29596.81,MAINTENANCE,Operator_45
COMM09004,SATCOM_09004,-17.443198,122.031635,15792.54,C,9184.18,21097.6,MAINTENANCE,Operator_130
COMM09005,SATCOM_09005,-8.193207,-40.56454,5163.07,L,3178.0,7315.35,MAINTENANCE,Operator_176
COMM09006,SATCOM_09006,27.031298,113.428637,14166.4,C,14232.96,3138.88,INACTIVE,Operator_131
COMM09007,SATCOM_09007,47.819752,-77.220271,35759.04,L,28214.47,25241.71,MAINTENANCE,Operator_155
COMM09008,SATCOM_09008,-1.142069,62.594162,2893.41,Ka,17292.43,25192.84,INACTIVE,Operator_152
COMM09009,SATCOM_09009,74.704412,-57.139606,20512.01,Ku,10420.4,14128.13,MAINTENANCE,Operator_173
COMM09010,SATCOM_09010,-24.724836,-95.971338,32898.02,Ku,25548.81,13581.02,ACTIVE,Operator_95
COMM09011,SATCOM_09011,76.896212,139.597891,15417.05,X,13328.72,2917.29,INACTIVE,Operator_46
COMM09012,SATCOM_09012,-38.124199,-76.424842,12569.76,X,17571.85,21992.1,ACTIVE,Operator_153
COMM09013,SATCOM_09013,-87.86755,152.093071,5120.12,C,22519.68,23012.07,MAINTENANCE,Operator_55
COMM09014,SATCOM_09014,-69.095843,102.670496,30878.24,X,22880.36,3203.5,MAINTENANCE,Operator_6
COMM09015,SATCOM_09015,-10.261442,-111.355903,15081.37,C,9475.48,20460.71,ACTIVE,Operator_73
COMM09016,SATCOM_09016,25.177853,-149.602826,9470.73,Ka,1826.88,15743.06,INACTIVE,Operator_70
COMM09017,SATCOM_09017,69.801901,42.382614,25495.08,S,7714.86,27598.16,ACTIVE,Operator_177
COMM09018,SATCOM_09018,-59.845239,45.411651,33942.63,C,11806.71,15310.19,INACTIVE,Operator_50
COMM09019,SATCOM_09019,-47.39145,-143.821005,1063.55,C,14638.66,27475.56,MAINTENANCE,Operator_189
COMM09020,SATCOM_09020,58.021173,-114.82301,19927.34,C,4090.83,18941.23,ACTIVE,Operator_220
COMM09021,SATCOM_09021,61.776994,53.554171,16227.04,L,2402.55,9909.29,INACTIVE,Operator_58
COMM09022,SATCOM_09022,-82.905836,31.756096,21992.46,C,11097.65,21896.09,INACTIVE,Operator_151
COMM09023,SATCOM_09023,-34.488951,-42.034919,10255.85,X,26305.97,20314.04,MAINTENANCE,Operator_240
COMM09024,SATCOM_09024,77.758852,169.52057,2928.73,Ku,14623.24,27437.39,MAINTENANCE,Operator_234
COMM09025,SATCOM_09025,17.981017,144.941642,15833.71,C,4134.46,7467.15,MAINTENANCE,Operator_218
COMM09026,SATCOM_09026,-70.14995,42.327981,1098.72,X,3248.03,25645.05,ACTIVE,Operator_250
COMM09027,SATCOM_09027,-56.401885,173.14124,15690.39,L,12821.97,4039.77,ACTIVE,Operator_197
COMM09028,SATCOM_09028,51.180754,-41.583452,4375.19,Ku,12068.91,6045.44,ACTIVE,Operator_15
COMM09029,SATCOM_09029,27.208627,-114.235122,26596.17,S,10390.09,18467.91,MAINTENANCE,Operator_109
COMM09030,SATCOM_09030,59.414577,72.85243,14576.89,L,4092.85,16593.84,MAINTENANCE,Operator_209
COMM09031,SATCOM_09031,-11.957636,66.368048,32636.52,L,23711.04,29510.84,MAINTENANCE,Operator_39
COMM09032,SATCOM_09032,80.29974,-17.533446,19391.36,Ku,22670.08,26282.46,INACTIVE,Operator_214
COMM09033,SATCOM_09033,-89.850906,-39.870394,13906.73,L,19417.29,16798.46,INACTIVE,Operator_233
COMM09034,SATCOM_09034,36.170759,60.656665,5398.35,Ku,19401.8,23386.14,MAINTENANCE,Operator_50
COMM09035,SATCOM_09035,-59.161685,-105.755353,20832.55,Ka,26330.4,9067.31,INACTIVE,Operator_39
COMM09036,SATCOM_09036,40.394544,118.472297,10970.59,L,21160.79,8471.72,MAINTENANCE,Operator_58
COMM09037,SATCOM_09037,72.533498,63.186567,32974.64,Ka,24517.63,1598.11,INACTIVE,Operator_206
COMM09038,SATCOM_09038,22.533815,148.310627,15059.48,C,11377.42,20647.03,MAINTENANCE,Operator_186
COMM09039,SATCOM_09039,51.296854,138.20829,13287.51,C,19359.66,14969.55,INACTIVE,Operator_136
COMM09040,SATCOM_09040,-78.942421,-150.430687,4462.51,X,6364.97,13566.39,ACTIVE,Operator_98
COMM09041,SATCOM_09041,-72.73102,-146.741233,17252.05,L,14848.66,2233.87,INACTIVE,Operator_238
COMM09042,SATCOM_09042,-70.759493,30.886383,17122.84,L,19586.45,29270.32,ACTIVE,Operator_153
COMM09043,SATCOM_09043,29.159363,118.662394,10440.07,Ka,28641.77,26936.95,ACTIVE,Operator_122
COMM09044,SATCOM_09044,-67.499981,107.519032,11842.1,S,29630.6,25940.57,INACTIVE,Operator_87
COMM09045,SATCOM_09045,-85.902526,-99.745726,21468.21,X,9895.57,4582.79,ACTIVE,Operator_211
COMM09046,SATCOM_09046,77.104264,32.908109,17141.5,Ka,12511.69,22882.77,INACTIVE,Operator_187
COMM09047,SATCOM_09047,26.180831,-98.072976,18942.51,Ku,14208.7,19954.76,INACTIVE,Operator_14
COMM09048,SATCOM_09048,-27.376302,24.559366,24673.93,Ka,19490.55,26587.44,MAINTENANCE,Operator_182
COMM09049,SATCOM_09049,28.703104,-142.969952,6425.37,Ku,22570.52,8342.02,ACTIVE,Operator_168
COMM09050,SATCOM_09050,27.862307,-37.838746,10909.25,C,2809.96,1292.52,ACTIVE,Operator_156
COMM09051,SATCOM_09051,-22.707097,-117.479686,12398.96,S,5968.39,20480.26,ACTIVE,Operator_39
COMM09052,SATCOM_09052,-48.475865,21.649528,31892.61,L,24763.86,18610.91,ACTIVE,Operator_5
COMM09053,SATCOM_09053,77.595301,-96.10307,19811.31,C,4996.02,21972.59,INACTIVE,Operator_249
COMM09054,SATCOM_09054,83.721954,-178.276737,10339.1,Ka,9852.51,11030.93,MAINTENANCE,Operator_185
COMM09055,SATCOM_09055,-85.337334,175.937656,35304.6,L,6275.98,9818.94,INACTIVE,Operator_44
COMM09056,SATCOM_09056,-9.650975,-42.59384,18518.63,Ku,7994.15,10277.59,MAINTENANCE,Operator_42
COMM09057,SATCOM_09057,19.094846,82.132335,22499.08,S,11194.64,10827.86,MAINTENANCE,Operator_67
COMM09058,SATCOM_09058,-75.482033,61.700001,22343.82,C,16290.4,27915.29,MAINTENANCE,Operator_183
COMM09059,SATCOM_09059,-67.357788,-171.780828,28703.24,C,6293.82,25858.34,MAINTENANCE,Operator_246
COMM09060,SATCOM_09060,75.244079,-12.246863,5428.66,Ku,10903.0,14408.17,INACTIVE,Operator_182
COMM09061,SATCOM_09061,-12.20847,132.11855,33496.72,Ku,19940.25,20419.65,MAINTENANCE,Operator_78
COMM09062,SATCOM_09062,44.073246,-30.679314,5967.14,Ka,27462.36,17089.46,ACTIVE,Operator_122
COMM09063,SATCOM_09063,-89.797817,-124.174186,32165.95,C,7910.84,28075.62,ACTIVE,Operator_45
COMM09064,SATCOM_09064,-43.755779,-143.73706,32315.79,L,16940.79,8572.13,MAINTENANCE,Operator_37
COMM09065,SATCOM_09065,39.663035,103.831535,7091.88,C,18441.02,25343.77,MAINTENANCE,Operator_118
COMM09066,SATCOM_09066,-0.004072,113.15141,13296.33,S,7712.18,24177.22,INACTIVE,Operator_11
COMM09067,SATCOM_09067,41.341884,28.662339,28556.01,Ka,18689.38,27261.12,INACTIVE,Operator_6
COMM09068,SATCOM_09068,87.758583,-140.018943,12056.12,X,3690.06,22095.89,MAINTENANCE,Operator_55
COMM09069,SATCOM_09069,-39.172951,127.604161,31613.2,S,19053.58,27348.36,INACTIVE,Operator_82
COMM09070,SATCOM_09070,1.975823,-165.721836,27571.98,Ku,18693.77,16411.63,ACTIVE,Operator_179
COMM09071,SATCOM_09071,-14.350008,133.475756,32927.67,Ku,21928.92,27779.58,MAINTENANCE,Operator_126
COMM09072,SATCOM_09072,-86.644715,79.954659,31425.04,X,1093.69,4960.81,INACTIVE,Operator_21
COMM09073,SATCOM_09073,-86.364138,-130.465714,35651.38,X,15451.75,2682.32,ACTIVE,Operator_41
COMM09074,SATCOM_09074,-63.220878,-107.974182,610.57,S,15491.18,26934.63,INACTIVE,Operator_12
COMM09075,SATCOM_09075,-72.021706,-79.384273,32357.74,X,25291.02,10327.75,INACTIVE,Operator_236
COMM09076,SATCOM_09076,-68.602155,-108.526106,17044.54,L,7731.65,8607.9,MAINTENANCE,Operator_121
COMM09077,SATCOM_09077,-34.315487,167.397218,18847.34,C,11199.18,18579.48,INACTIVE,Operator_222
COMM09078,SATCOM_09078,-75.553945,74.923788,2013.33,X,17447.7,22181.69,ACTIVE,Operator_112
COMM09079,SATCOM_09079,-16.698953,62.408759,33620.93,S,14100.69,26263.25,INACTIVE,Operator_213
COMM09080,SATCOM_09080,-4.469645,-77.492931,14806.46,L,3847.7,27739.33,INACTIVE,Operator_12
COMM09081,SATCOM_09081,-12.683131,7.829769,2849.97,C,13349.43,17414.21,ACTIVE,Operator_7
COMM09082,SATCOM_09082,-36.158285,-143.12887,5015.19,Ka,9411.57,15174.37,ACTIVE,Operator_148
COMM09083,SATCOM_09083,20.488157,-132.094005,18345.43,S,16682.49,10024.08,MAINTENANCE,Operator_85
COMM09084,SATCOM_09084,81.775398,83.763455,7313.6,S,26747.4,9350.91,INACTIVE,Operator_157
COMM09085,SATCOM_09085,89.115296,-83.451994,13872.88,C,7459.14,25271.48,INACTIVE,Operator_190
COMM09086,SATCOM_09086,-31.906642,-74.537015,11086.65,X,20822.3,23332.04,ACTIVE,Operator_7
COMM09087,SATCOM_09087,3.600353,-121.189712,28738.24,C,23500.28,18984.33,INACTIVE,Operator_88
COMM09088,SATCOM_09088,22.309212,-147.359693,16907.16,Ku,15051.66,21170.81,MAINTENANCE,Operator_218
COMM09089,SATCOM_09089,23.002119,160.024664,14153.83,S,27532.97,2039.14,ACTIVE,Operator_28
COMM09090,SATCOM_09090,7.15703,-106.310631,33040.92,S,18594.97,8309.42,INACTIVE,Operator_244
COMM09091,SATCOM_09091,-4.23174,92.153098,28772.21,C,5485.55,14469.08,ACTIVE,Operator_53
COMM09092,SATCOM_09092,49.591351,15.274115,22108.63,L,25399.82,28592.25,MAINTENANCE,Operator_247
COMM09093,SATCOM_09093,70.171049,-107.54889,26389.97,Ku,23475.33,20363.04,INACTIVE,Operator_38
COMM09094,SATCOM_09094,-83.065987,-169.420705,3830.18,X,22831.66,18619.99,ACTIVE,Operator_191
COMM09095,SATCOM_09095,26.397151,153.224038,9641.27,L,19888.17,18812.02,ACTIVE,Operator_169
COMM09096,SATCOM_09096,-10.668831,-54.542258,34746.0,X,28875.11,3440.22,ACTIVE,Operator_179
COMM09097,SATCOM_09097,46.266175,167.817151,16041.17,S,1023.67,24150.41,INACTIVE,Operator_176
COMM09098,SATCOM_09098,77.506639,-18.447767,26518.08,Ku,16692.13,17241.27,MAINTENANCE,Operator_218
COMM09099,SATCOM_09099,33.929314,30.475776,20268.68,S,29861.51,28853.81,INACTIVE,Operator_218
COMM09100,SATCOM_09100,62.851178,-104.634641,19923.09,Ku,10360.92,13401.33,INACTIVE,Operator_137
COMM09101,SATCOM_09101,34.165995,-60.761828,18158.06,S,24093.2,11471.76,INACTIVE,Operator_36
COMM09102,SATCOM_09102,-58.964242,32.643684,20261.73,C,22616.7,5418.22,ACTIVE,Operator_56
COMM09103,SATCOM_09103,-22.827954,-26.423343,27285.16,Ku,14457.19,22719.29,INACTIVE,Operator_46
COMM09104,SATCOM_09104,-64.268207,102.399838,1686.28,X,4570.51,15003.31,INACTIVE,Operator_73
COMM09105,SATCOM_09105,10.556244,7.620885,7807.12,Ka,12370.91,19599.19,INACTIVE,Operator_244
COMM09106,SATCOM_09106,-16.013455,-151.442053,28904.62,Ka,25001.06,21198.07,MAINTENANCE,Operator_129
COMM09107,SATCOM_09107,42.152053,-96.509036,32010.11,C,12950.37,6450.24,ACTIVE,Operator_76
COMM09108,SATCOM_09108,32.070529,45.896169,9286.2,L,14741.66,28761.71,ACTIVE,Operator_193
COMM09109,SATCOM_09109,77.476451,-117.94297,9575.38,C,4800.65,28199.44,MAINTENANCE,Operator_79
COMM09110,SATCOM_09110,-20.02941,30.592253,15502.88,S,16525.49,25106.03,INACTIVE,Operator_110
COMM09111,SATCOM_09111,-61.53028,8.159303,25104.31,Ka,14705.65,11427.55,INACTIVE,Operator_138
COMM09112,SATCOM_09112,8.344157,169.770468,29925.74,C,22464.39,12259.21,INACTIVE,Operator_132
COMM09113,SATCOM_09113,3.745007,103.215167,25336.59,S,1677.94,12063.1,INACTIVE,Operator_31
COMM09114,SATCOM_09114,-17.012052,-113.303489,10518.91,S,28014.18,29799.93,ACTIVE,Operator_183
COMM09115,SATCOM_09115,-59.149622,45.347253,3093.92,C,14487.2,14542.23,MAINTENANCE,Operator_196
COMM09116,SATCOM_09116,61.069307,-47.760764,9185.37,Ku,25876.11,19271.12,ACTIVE,Operator_22
COMM09117,SATCOM_09117,13.099065,-35.733405,23415.99,C,12424.52,29770.62,ACTIVE,Operator_146
COMM09118,SATCOM_09118,12.116852,26.859543,35292.67,Ka,15625.37,1457.31,INACTIVE,Operator_137
COMM09119,SATCOM_09119,14.550583,141.245376,24232.47,X,24115.93,19875.01,INACTIVE,Operator_191
COMM09120,SATCOM_09120,-35.436659,-168.992551,530.87,Ku,29457.94,8680.13,INACTIVE,Operator_111
COMM09121,SATCOM_09121,8.884702,140.13537,7135.72,Ku,14084.42,18300.18,ACTIVE,Operator_196
COMM09122,SATCOM_09122,-37.270925,124.634629,19095.22,X,25661.28,9736.83,MAINTENANCE,Operator_120
COMM09123,SATCOM_09123,70.254216,-167.655182,14800.9,S,22131.42,7138.92,INACTIVE,Operator_160
COMM09124,SATCOM_09124,26.204533,67.968481,28925.08,S,13352.32,25360.0,ACTIVE,Operator_156
COMM09125,SATCOM_09125,31.494529,-17.95235,12430.91,X,18309.41,3045.58,INACTIVE,Operator_186
COMM09126,SATCOM_09126,58.507084,-161.664315,30166.76,S,21821.26,20625.94,INACTIVE,Operator_204
COMM09127,SATCOM_09127,-25.171263,80.441387,32087.56,S,16452.74,11748.77,ACTIVE,Operator_3
COMM09128,SATCOM_09128,54.979017,69.54421,2309.37,C,15693.43,16552.05,MAINTENANCE,Operator_134
COMM09129,SATCOM_09129,-83.871258,-112.25147,21316.52,L,19648.9,29349.36,ACTIVE,Operator_198
COMM09130,SATCOM_09130,-84.852778,112.187791,33119.31,X,26477.08,8892.98,MAINTENANCE,Operator_154
COMM09131,SATCOM_09131,88.862172,86.404592,9414.19,C,15993.67,10622.34,ACTIVE,Operator_89
COMM09132,SATCOM_09132,-8.667147,125.530621,24260.69,Ka,25777.7,8043.63,INACTIVE,Operator_98
COMM09133,SATCOM_09133,37.728164,156.002632,23388.2,S,28732.71,28221.97,MAINTENANCE,Operator_69
COMM09134,SATCOM_09134,-34.377485,-52.203802,15695.18,S,25914.03,5524.77,INACTIVE,Operator_233
COMM09135,SATCOM_09135,67.455405,83.496371,35496.44,L,29609.96,6822.78,INACTIVE,Operator_183
COMM09136,SATCOM_09136,30.221159,-76.828691,27620.08,Ka,3523.85,23479.75,INACTIVE,Operator_215
COMM09137,SATCOM_09137,-14.479309,99.611154,26358.92,X,8722.25,11585.94,ACTIVE,Operator_153
COMM09138,SATCOM_09138,-45.89267,150.65083,24286.3,Ku,15801.31,16071.67,INACTIVE,Operator_115
COMM09139,SATCOM_09139,23.178084,-156.268621,29530.65,L,1041.85,11997.36,INACTIVE,Operator_55
COMM09140,SATCOM_09140,-82.260316,-46.238398,17700.39,L,13376.71,6335.24,ACTIVE,Operator_77
COMM09141,SATCOM_09141,16.670094,-104.478329,21195.18,Ka,21980.16,25767.93,ACTIVE,Operator_178
COMM09142,SATCOM_09142,-38.741684,-31.184826,12994.28,C,8754.65,21975.72,ACTIVE,Operator_155
COMM09143,SATCOM_09143,71.228355,91.794707,28861.58,X,8219.24,25728.47,INACTIVE,Operator_112
COMM09144,SATCOM_09144,81.291424,-98.278225,2666.58,C,22864.52,2639.45,MAINTENANCE,Operator_60
COMM09145,SATCOM_09145,-82.106123,12.068185,6897.23,C,3634.47,28727.38,INACTIVE,Operator_80
COMM09146,SATCOM_09146,11.583011,-151.677565,35349.94,C,4169.58,3970.55,MAINTENANCE,Operator_182
COMM09147,SATCOM_09147,-68.544019,-154.310491,7103.65,C,11269.81,1145.91,INACTIVE,Operator_38
COMM09148,SATCOM_09148,-19.937228,-50.079273,26992.47,S,1983.47,24100.15,INACTIVE,Operator_15
COMM09149,SATCOM_09149,68.418115,-59.068486,28831.36,Ka,23711.78,2591.02,ACTIVE,Operator_230
COMM09150,SATCOM_09150,-27.510932,51.730572,1398.92,Ku,14214.74,27863.6,MAINTENANCE,Operator_87
COMM09151,SATCOM_09151,52.419995,-50.169743,25619.32,S,25544.65,2635.26,INACTIVE,Operator_174
COMM09152,SATCOM_09152,60.778874,57.36451,30290.45,C,8602.31,4400.66,ACTIVE,Operator_99
COMM09153,SATCOM_09153,67.265478,-161.332335,3756.63,Ku,16494.52,26702.16,ACTIVE,Operator_6
COMM09154,SATCOM_09154,-27.033737,-166.822291,13371.59,C,29271.8,19961.9,INACTIVE,Operator_129
COMM09155,SATCOM_09155,58.462206,45.437084,13905.52,C,19604.48,18346.29,MAINTENANCE,Operator_60
COMM09156,SATCOM_09156,6.122457,73.651747,11243.53,Ku,17158.5,8643.41,INACTIVE,Operator_118
COMM09157,SATCOM_09157,42.053677,12.392302,28027.56,L,25188.53,13944.95,ACTIVE,Operator_164
COMM09158,SATCOM_09158,77.414758,123.454087,14886.71,S,27790.24,28419.98,INACTIVE,Operator_70
COMM09159,SATCOM_09159,-43.010396,57.717068,10547.95,X,8345.2,19504.08,INACTIVE,Operator_6
COMM09160,SATCOM_09160,-74.543732,171.024461,1876.73,Ka,9529.46,24013.49,MAINTENANCE,Operator_23
COMM09161,SATCOM_09161,-30.870205,-104.922594,35606.16,C,5720.27,27327.15,INACTIVE,Operator_215
COMM09162,SATCOM_09162,78.906809,-25.561747,25004.93,X,24157.49,4058.63,ACTIVE,Operator_248
COMM09163,SATCOM_09163,-57.276028,83.710721,34098.58,Ku,15915.92,13332.17,MAINTENANCE,Operator_222
COMM09164,SATCOM_09164,-2.282607,134.49166,33591.97,X,15154.65,26505.05,MAINTENANCE,Operator_221
COMM09165,SATCOM_09165,13.247002,102.127971,24781.21,L,28258.45,29380.35,ACTIVE,Operator_134
COMM09166,SATCOM_09166,-14.778071,-26.887854,33764.18,Ka,19987.78,11717.34,INACTIVE,Operator_46
COMM09167,SATCOM_09167,-61.276924,61.915575,27699.93,X,28679.29,19878.88,INACTIVE,Operator_6
COMM09168,SATCOM_09168,-7.473951,-108.976956,24777.75,L,26145.83,7423.85,INACTIVE,Operator_132
COMM09169,SATCOM_09169,-28.963687,150.420395,32085.82,S,13413.89,11525.02,INACTIVE,Operator_137
COMM09170,SATCOM_09170,-15.626624,159.714693,14154.24,Ku,20746.24,18522.03,ACTIVE,Operator_100
COMM09171,SATCOM_09171,22.339474,-67.305974,20779.32,X,13811.67,5727.57,ACTIVE,Operator_180
COMM09172,SATCOM_09172,47.669007,139.452952,28004.48,Ku,21816.62,16423.03,MAINTENANCE,Operator_37
COMM09173,SATCOM_09173,13.794999,-25.062102,6693.26,Ka,13591.6,23325.43,ACTIVE,Operator_62
COMM09174,SATCOM_09174,83.828958,-93.840459,2153.59,S,7903.06,8388.96,INACTIVE,Operator_218
COMM09175,SATCOM_09175,38.503258,-115.93827,16386.65,S,24463.89,27928.86,INACTIVE,Operator_244
COMM09176,SATCOM_09176,0.080551,-114.016135,11149.53,X,8442.42,4140.63,ACTIVE,Operator_131
COMM09177,SATCOM_09177,-78.053444,163.326231,7263.88,Ka,7670.88,9536.77,INACTIVE,Operator_198
COMM09178,SATCOM_09178,7.289875,109.111944,13656.47,Ka,15772.15,22393.83,INACTIVE,Operator_20
COMM09179,SATCOM_09179,-27.297805,-50.203181,9409.45,X,22741.81,8014.88,INACTIVE,Operator_93
COMM09180,SATCOM_09180,-47.271368,-150.585893,24438.13,L,24294.97,8689.68,ACTIVE,Operator_168
COMM09181,SATCOM_09181,78.220737,-67.277211,30606.72,L,6083.19,26096.93,MAINTENANCE,Operator_137
COMM09182,SATCOM_09182,55.500937,18.745841,17551.58,Ka,29524.91,22612.04,MAINTENANCE,Operator_211
COMM09183,SATCOM_09183,-35.965613,146.868193,3971.75,C,26868.21,23167.26,INACTIVE,Operator_109
COMM09184,SATCOM_09184,-73.910628,5.91446,27482.7,Ka,7580.79,3676.64,INACTIVE,Operator_190
COMM09185,SATCOM_09185,-25.995644,-15.300965,6522.76,C,8107.9,18196.75,INACTIVE,Operator_193
COMM09186,SATCOM_09186,28.440615,-37.191924,19104.36,X,26872.24,9936.12,MAINTENANCE,Operator_55
COMM09187,SATCOM_09187,22.893578,120.285561,28493.65,Ka,18624.64,28364.29,INACTIVE,Operator_126
COMM09188,SATCOM_09188,59.39612,-122.265535,9978.26,S,21137.53,26031.47,MAINTENANCE,Operator_197
COMM09189,SATCOM_09189,-39.250626,94.209948,6285.54,Ku,22209.33,29655.41,ACTIVE,Operator_230
COMM09190,SATCOM_09190,-70.922112,-113.590215,3303.44,Ku,4858.73,29763.27,MAINTENANCE,Operator_141
COMM09191,SATCOM_09191,85.673055,-75.460733,30854.15,S,12873.96,3600.71,INACTIVE,Operator_96
COMM09192,SATCOM_09192,-51.948409,19.302512,31064.69,L,24079.3,11153.6,ACTIVE,Operator_186
COMM09193,SATCOM_09193,-62.864665,-22.422748,7539.36,C,8361.65,3147.01,ACTIVE,Operator_113
COMM09194,SATCOM_09194,71.941611,-28.400076,12084.03,Ka,26434.56,21200.96,MAINTENANCE,Operator_233
COMM09195,SATCOM_09195,-64.032421,-37.996537,30585.65,C,18070.35,10741.13,ACTIVE,Operator_55
COMM09196,SATCOM_09196,-53.505151,126.849024,6594.69,X,14958.44,20608.62,ACTIVE,Operator_57
COMM09197,SATCOM_09197,2.884892,-170.165359,15779.76,C,11058.02,5447.86,INACTIVE,Operator_147
COMM09198,SATCOM_09198,8.191668,-51.282383,5999.32,X,19972.49,2898.4,MAINTENANCE,Operator_47
COMM09199,SATCOM_09199,55.689421,-131.847127,3815.21,C,23671.91,19039.36,INACTIVE,Operator_8
COMM09200,SATCOM_09200,73.228336,-13.098943,570.16,L,3177.49,1043.88,INACTIVE,Operator_160
COMM09201,SATCOM_09201,-3.750917,-23.492819,10026.45,C,23310.98,8204.74,INACTIVE,Operator_213
COMM09202,SATCOM_09202,31.016654,141.068634,30133.05,X,12760.13,18405.56,MAINTENANCE,Operator_142
COMM09203,SATCOM_09203,7.164524,88.790665,5765.64,L,10739.28,29365.65,ACTIVE,Operator_82
COMM09204,SATCOM_09204,-81.761694,24.876858,24290.16,Ku,24063.43,25982.14,INACTIVE,Operator_171
COMM09205,SATCOM_09205,12.273597,-28.030214,20583.24,C,4203.75,11204.54,ACTIVE,Operator_167
COMM09206,SATCOM_09206,-17.646992,-61.52313,3019.59,S,1316.55,10380.38,ACTIVE,Operator_244
COMM09207,SATCOM_09207,27.059331,-121.673368,22255.69,X,10226.55,23472.99,ACTIVE,Operator_149
COMM09208,SATCOM_09208,-73.66996,-39.035689,21125.13,S,20046.68,6121.81,INACTIVE,Operator_57
COMM09209,SATCOM_09209,-41.11587,49.749188,15389.49,L,16899.25,19473.59,ACTIVE,Operator_3
COMM09210,SATCOM_09210,64.741934,-49.962368,21348.03,L,2377.73,14259.05,MAINTENANCE,Operator_192
COMM09211,SATCOM_09211,-0.584324,36.29487,32042.17,S,22897.21,26989.89,MAINTENANCE,Operator_9
COMM09212,SATCOM_09212,52.041192,-178.995762,23281.63,X,8792.9,24374.21,MAINTENANCE,Operator_73
COMM09213,SATCOM_09213,-28.07388,165.960254,22629.13,L,24206.02,21900.22,INACTIVE,Operator_176
COMM09214,SATCOM_09214,-36.835644,37.092457,27964.75,Ku,4949.51,24665.51,ACTIVE,Operator_215
COMM09215,SATCOM_09215,-62.010275,-104.34733,24793.81,L,8405.19,21949.35,ACTIVE,Operator_76
COMM09216,SATCOM_09216,-29.702004,-131.24303,19337.05,X,17582.17,7150.48,ACTIVE,Operator_182
COMM09217,SATCOM_09217,22.266759,-109.652218,13341.59,C,11210.7,1117.11,MAINTENANCE,Operator_78
COMM09218,SATCOM_09218,82.287416,144.733079,2056.03,C,2149.22,28843.26,INACTIVE,Operator_238
COMM09219,SATCOM_09219,-28.077952,-110.070758,7989.18,C,5328.93,10963.91,MAINTENANCE,Operator_114
COMM09220,SATCOM_09220,50.674707,80.746824,18810.64,Ka,8447.43,22751.56,ACTIVE,Operator_66
COMM09221,SATCOM_09221,-67.613402,-151.212868,6252.48,Ku,14036.79,12941.55,MAINTENANCE,Operator_243
COMM09222,SATCOM_09222,49.374658,-168.616537,20552.99,S,3210.72,11668.93,INACTIVE,Operator_239
COMM09223,SATCOM_09223,-52.956575,-128.199866,6458.64,Ka,3347.46,14294.72,INACTIVE,Operator_8
COMM09224,SATCOM_09224,-79.485682,33.751084,26324.79,C,4195.27,28492.05,MAINTENANCE,Operator_12
COMM09225,SATCOM_09225,-72.11454,-116.086632,350.85,S,6700.77,14004.25,ACTIVE,Operator_121
COMM09226,SATCOM_09226,0.58494,48.500201,24491.88,S,11388.34,6365.21,MAINTENANCE,Operator_64
COMM09227,SATCOM_09227,-89.648551,5.569056,15509.3,S,16304.87,2745.05,ACTIVE,Operator_152
COMM09228,SATCOM_09228,47.697785,78.023621,11700.16,L,20391.59,28013.82,MAINTENANCE,Operator_178
COMM09229,SATCOM_09229,-57.625331,-178.418853,31461.81,S,8561.15,5941.77,INACTIVE,Operator_2
COMM09230,SATCOM_09230,0.077635,-116.575276,28234.17,S,28808.09,5690.08,INACTIVE,Operator_29
COMM09231,SATCOM_09231,-29.202398,96.339566,27266.07,X,13450.68,18042.17,INACTIVE,Operator_110
COMM09232,SATCOM_09232,17.758173,-146.404283,19991.92,X,24075.74,22761.84,MAINTENANCE,Operator_111
COMM09233,SATCOM_09233,24.167068,123.123447,1429.78,C,9111.75,9503.68,ACTIVE,Operator_72
COMM09234,SATCOM_09234,-60.676571,37.59507,32179.56,Ka,4670.62,16582.83,MAINTENANCE,Operator_61
COMM09235,SATCOM_09235,-66.168957,42.430392,12265.86,Ka,9000.0,20326.28,ACTIVE,Operator_38
COMM09236,SATCOM_09236,55.72542,-83.953978,25763.5,Ka,9386.55,15647.56,ACTIVE,Operator_231
COMM09237,SATCOM_09237,-79.221729,163.108649,28871.24,C,7791.86,8918.33,MAINTENANCE,Operator_241
COMM09238,SATCOM_09238,-35.788411,105.462625,24456.7,Ku,15861.39,1146.32,INACTIVE,Operator_181
COMM09239,SATCOM_09239,29.879332,-101.206832,24763.16,C,13217.71,17750.47,INACTIVE,Operator_93
COMM09240,SATCOM_09240,-9.298947,-76.474173,3758.61,X,25887.45,1552.85,INACTIVE,Operator_39
COMM09241,SATCOM_09241,-44.530671,-80.388914,29005.85,C,27725.86,6409.59,MAINTENANCE,Operator_88
COMM09242,SATCOM_09242,26.588594,65.289735,10985.31,Ku,14447.75,21844.42,INACTIVE,Operator_112
COMM09243,SATCOM_09243,-63.744768,-109.277283,21144.4,C,8454.11,17043.1,MAINTENANCE,Operator_201
COMM09244,SATCOM_09244,77.818285,34.279602,1799.69,S,15258.84,29662.32,MAINTENANCE,Operator_48
COMM09245,SATCOM_09245,20.918052,-123.753089,760.39,C,3830.5,26630.8,ACTIVE,Operator_195
COMM09246,SATCOM_09246,53.807002,154.99273,13389.29,C,14800.91,21638.22,INACTIVE,Operator_34
COMM09247,SATCOM_09247,-50.13229,129.805144,4623.68,S,17561.72,23496.24,ACTIVE,Operator_13
COMM09248,SATCOM_09248,-65.903629,-12.718202,34989.24,X,23079.86,5825.94,INACTIVE,Operator_145
COMM09249,SATCOM_09249,-57.647967,138.232438,25350.62,Ka,29395.37,11599.61,INACTIVE,Operator_209
COMM09250,SATCOM_09250,87.23226,94.741793,13535.11,S,10624.57,23242.75,INACTIVE,Operator_86
COMM09251,SATCOM_09251,-15.325539,-142.404782,10774.62,C,29287.42,24299.72,ACTIVE,Operator_7
COMM09252,SATCOM_09252,54.041734,-92.932791,10992.58,S,17193.39,9572.03,INACTIVE,Operator_87
COMM09253,SATCOM_09253,14.316598,7.979896,23801.19,X,22984.33,21908.63,MAINTENANCE,Operator_13
COMM09254,SATCOM_09254,72.077536,85.977661,23371.91,Ka,23718.8,12535.05,INACTIVE,Operator_141
COMM09255,SATCOM_09255,-29.274399,-12.63127,24518.81,C,7664.74,29700.68,MAINTENANCE,Operator_99
COMM09256,SATCOM_09256,24.115733,-136.72521,7844.0,L,2631.76,3551.28,MAINTENANCE,Operator_201
COMM09257,SATCOM_09257,-7.15621,134.847785,22687.15,L,4554.58,22935.9,MAINTENANCE,Operator_238
COMM09258,SATCOM_09258,34.617942,1.42696,35439.19,Ku,3324.95,4813.29,ACTIVE,Operator_59
COMM09259,SATCOM_09259,-3.335095,170.424108,29735.45,C,29034.21,22435.73,MAINTENANCE,Operator_105
COMM09260,SATCOM_09260,-25.817604,1.801614,6843.32,X,17505.31,23927.13,MAINTENANCE,Operator_217
COMM09261,SATCOM_09261,84.115778,-148.285708,3117.91,S,26957.48,5179.19,ACTIVE,Operator_42
COMM09262,SATCOM_09262,-64.302918,-93.858774,7140.31,S,29832.53,27281.62,MAINTENANCE,Operator_67
COMM09263,SATCOM_09263,57.399184,-9.28525,25955.8,Ka,11178.59,22195.47,MAINTENANCE,Operator_156
COMM09264,SATCOM_09264,-67.125864,4.752088,35682.27,Ka,9186.33,11870.57,MAINTENANCE,Operator_42
COMM09265,SATCOM_09265,-66.726972,-22.900907,9124.66,Ka,21442.73,27263.33,ACTIVE,Operator_84
COMM09266,SATCOM_09266,-29.082229,17.09609,1626.1,S,9412.82,15422.33,ACTIVE,Operator_36
COMM09267,SATCOM_09267,52.153281,-158.526467,35794.81,S,11404.4,20735.37,MAINTENANCE,Operator_155
COMM09268,SATCOM_09268,-45.274954,-167.306166,20510.52,Ku,10847.4,22856.84,MAINTENANCE,Operator_18
COMM09269,SATCOM_09269,-60.427033,91.113355,23461.29,X,28557.95,2578.09,MAINTENANCE,Operator_41
COMM09270,SATCOM_09270,-75.269952,-165.649655,21518.43,L,29459.23,14414.11,INACTIVE,Operator_105
COMM09271,SATCOM_09271,66.538378,172.20013,28540.91,C,6155.55,9660.02,ACTIVE,Operator_132
COMM09272,SATCOM_09272,13.310099,146.615023,23820.62,S,28999.62,26392.04,MAINTENANCE,Operator_211
COMM09273,SATCOM_09273,25.865431,-179.645836,27735.13,C,15714.81,17950.28,INACTIVE,Operator_157
COMM09274,SATCOM_09274,44.407224,176.645179,20295.11,S,4149.2,22632.5,INACTIVE,Operator_108
COMM09275,SATCOM_09275,18.497313,163.213695,19471.8,Ka,24922.03,9551.63,ACTIVE,Operator_209
COMM09276,SATCOM_09276,22.089508,-103.863622,18103.17,S,25496.58,2076.46,MAINTENANCE,Operator_57
COMM09277,SATCOM_09277,21.304503,135.25551,26010.22,Ka,8175.46,2318.03,ACTIVE,Operator_53
COMM09278,SATCOM_09278,-37.671211,42.170319,27841.24,C,13180.13,20448.62,INACTIVE,Operator_61
COMM09279,SATCOM_09279,-2.63848,17.449473,35408.96,C,10240.37,8632.86,INACTIVE,Operator_178
COMM09280,SATCOM_09280,45.407305,-164.705609,30758.1,X,18766.9,12241.76,ACTIVE,Operator_60
COMM09281,SATCOM_09281,80.52119,-154.933498,7429.29,C,4844.95,4803.63,INACTIVE,Operator_238
COMM09282,SATCOM_09282,-26.833,-174.725132,23755.2,X,13307.45,7437.38,ACTIVE,Operator_221
COMM09283,SATCOM_09283,1.373332,-15.111093,5137.13,C,2892.69,14612.68,ACTIVE,Operator_184
COMM09284,SATCOM_09284,28.767185,104.81621,31386.96,Ka,29747.72,27500.66,INACTIVE,Operator_174
COMM09285,SATCOM_09285,67.869347,17.726407,30205.63,S,14369.62,12647.02,INACTIVE,Operator_87
COMM09286,SATCOM_09286,89.730713,178.293507,12371.62,X,17073.61,12602.75,ACTIVE,Operator_180
COMM09287,SATCOM_09287,-2.933297,95.976861,27585.85,X,14188.77,6452.18,MAINTENANCE,Operator_25
COMM09288,SATCOM_09288,-59.15008,-114.897715,22897.7,Ka,20933.39,16182.92,INACTIVE,Operator_129
COMM09289,SATCOM_09289,65.729219,-13.758277,23627.56,Ka,27373.58,24701.94,MAINTENANCE,Operator_46
COMM09290,SATCOM_09290,-86.935486,80.074871,28266.6,X,21214.25,17492.65,ACTIVE,Operator_220
COMM09291,SATCOM_09291,18.738181,-138.010313,22958.47,L,7597.61,19631.15,INACTIVE,Operator_157
COMM09292,SATCOM_09292,-12.913931,8.977332,6591.22,C,4304.42,27382.23,MAINTENANCE,Operator_140
COMM09293,SATCOM_09293,40.764989,-156.231885,5814.68,Ku,2688.42,27379.06,INACTIVE,Operator_156
COMM09294,SATCOM_09294,19.715651,153.550838,30278.27,Ka,13627.67,21087.61,INACTIVE,Operator_36
COMM09295,SATCOM_09295,-44.063803,-171.014889,12066.87,Ka,8163.0,25499.8,MAINTENANCE,Operator_92
COMM09296,SATCOM_09296,61.421903,156.753128,626.85,C,27115.45,29910.12,ACTIVE,Operator_194
COMM09297,SATCOM_09297,-17.586221,-15.183141,18464.38,Ku,22370.9,20183.77,INACTIVE,Operator_10
COMM09298,SATCOM_09298,24.997683,6.281911,30072.75,L,15864.46,12099.7,INACTIVE,Operator_156
COMM09299,SATCOM_09299,6.842291,87.327707,18464.75,Ku,1021.37,28560.99,INACTIVE,Operator_93
COMM09300,SATCOM_09300,-81.910685,-175.243989,20071.25,Ku,1394.34,2563.78,ACTIVE,Operator_16
COMM09301,SATCOM_09301,77.405434,-138.495523,28476.64,Ka,18271.77,11367.97,MAINTENANCE,Operator_37
COMM09302,SATCOM_09302,20.778893,-72.024755,35575.42,S,7730.39,27523.87,MAINTENANCE,Operator_100
COMM09303,SATCOM_09303,-59.645733,-175.247804,13201.25,L,5279.4,13704.4,INACTIVE,Operator_220
COMM09304,SATCOM_09304,8.118929,-103.116144,34021.34,X,20538.56,26602.3,MAINTENANCE,Operator_131
COMM09305,SATCOM_09305,-76.775655,17.23433,222.07,Ka,2073.85,29918.06,MAINTENANCE,Operator_242
COMM09306,SATCOM_09306,-81.239226,-47.844596,31768.32,Ku,9619.0,24533.78,MAINTENANCE,Operator_57
COMM09307,SATCOM_09307,-60.596861,-139.569429,15299.29,Ku,25531.02,13124.24,ACTIVE,Operator_45
COMM09308,SATCOM_09308,43.734004,69.179894,27882.98,L,19583.92,16835.04,ACTIVE,Operator_183
COMM09309,SATCOM_09309,-29.216722,23.672669,10090.13,Ka,19127.56,1610.42,MAINTENANCE,Operator_201
COMM09310,SATCOM_09310,-68.075659,-75.041701,1167.61,Ka,15313.35,2374.79,INACTIVE,Operator_50
COMM09311,SATCOM_09311,-67.335785,-118.198462,12621.47,S,28187.41,22068.58,MAINTENANCE,Operator_55
COMM09312,SATCOM_09312,-10.604419,146.974647,2484.36,S,3546.63,11289.63,INACTIVE,Operator_133
COMM09313,SATCOM_09313,-44.894019,140.382477,27323.19,Ka,6235.93,20018.42,INACTIVE,Operator_47
COMM09314,SATCOM_09314,-5.489322,2.010502,761.3,C,27585.59,15078.69,INACTIVE,Operator_20
COMM09315,SATCOM_09315,-51.773826,-124.052844,22588.4,C,8669.1,27053.42,ACTIVE,Operator_60
COMM09316,SATCOM_09316,41.341664,140.404624,5031.86,Ku,20784.29,20097.1,ACTIVE,Operator_53
COMM09317,SATCOM_09317,-40.040715,46.002758,586.37,Ku,29317.7,17322.02,MAINTENANCE,Operator_125
COMM09318,SATCOM_09318,8.039951,87.708472,10951.78,Ku,12067.14,6289.82,MAINTENANCE,Operator_195
COMM09319,SATCOM_09319,39.90175,178.684575,26890.69,X,25323.93,26932.21,INACTIVE,Operator_82
COMM09320,SATCOM_09320,58.906956,102.010792,8268.56,L,8593.77,17360.04,ACTIVE,Operator_16
COMM09321,SATCOM_09321,-56.322318,83.4713,24718.72,Ka,15516.11,27243.33,ACTIVE,Operator_171
COMM09322,SATCOM_09322,78.43657,52.863122,10647.43,C,11529.69,7891.37,ACTIVE,Operator_153
COMM09323,SATCOM_09323,52.904054,-50.663323,6081.4,Ka,18179.75,16718.35,MAINTENANCE,Operator_187
COMM09324,SATCOM_09324,74.84393,-136.866662,27875.11,X,13740.37,17119.24,ACTIVE,Operator_170
COMM09325,SATCOM_09325,20.074382,139.95418,11248.85,S,3838.74,12214.57,MAINTENANCE,Operator_136
COMM09326,SATCOM_09326,-88.206855,-153.001021,16635.07,S,26367.88,3709.73,MAINTENANCE,Operator_165
COMM09327,SATCOM_09327,28.599303,-121.194055,9786.7,Ku,5520.6,15423.14,INACTIVE,Operator_59
COMM09328,SATCOM_09328,-28.46293,125.725679,19427.56,X,6134.14,4263.28,INACTIVE,Operator_215
COMM09329,SATCOM_09329,25.142487,-23.372243,6146.53,S,21567.36,7896.92,INACTIVE,Operator_76
COMM09330,SATCOM_09330,-64.53809,54.068596,26881.34,S,4862.94,22448.17,ACTIVE,Operator_182
COMM09331,SATCOM_09331,-49.176816,-45.692049,22205.53,X,14453.45,9090.64,MAINTENANCE,Operator_71
COMM09332,SATCOM_09332,11.813728,31.634748,21702.6,Ku,21498.35,28479.59,ACTIVE,Operator_244
COMM09333,SATCOM_09333,-77.91035,-144.703367,3580.72,L,15284.49,6907.08,ACTIVE,Operator_159
COMM09334,SATCOM_09334,77.425173,-13.002879,16338.02,C,16351.37,17379.31,ACTIVE,Operator_79
COMM09335,SATCOM_09335,89.391237,-176.768881,877.66,Ka,10891.59,26253.42,INACTIVE,Operator_132
COMM09336,SATCOM_09336,-42.637852,-35.694175,5953.23,S,13341.01,22127.01,INACTIVE,Operator_177
COMM09337,SATCOM_09337,-27.818643,-26.753707,767.73,Ka,24589.87,29149.74,ACTIVE,Operator_230
COMM09338,SATCOM_09338,-19.998197,-174.701116,33315.31,X,6088.96,17843.87,MAINTENANCE,Operator_215
COMM09339,SATCOM_09339,38.61712,86.696752,10898.92,S,2874.2,1582.42,ACTIVE,Operator_64
COMM09340,SATCOM_09340,-9.1603,-178.75198,12446.7,Ka,23680.05,13061.13,MAINTENANCE,Operator_38
COMM09341,SATCOM_09341,-74.221809,-34.414181,31979.9,X,12656.45,21560.03,MAINTENANCE,Operator_107
COMM09342,SATCOM_09342,54.198372,45.940389,1923.93,L,24806.96,21980.9,MAINTENANCE,Operator_242
COMM09343,SATCOM_09343,60.310318,96.931884,9182.64,C,19031.61,27056.51,MAINTENANCE,Operator_246
COMM09344,SATCOM_09344,59.204139,137.91426,8882.66,C,8059.32,21134.57,ACTIVE,Operator_83
COMM09345,SATCOM_09345,80.937319,143.557279,5694.26,Ka,2990.94,28040.41,ACTIVE,Operator_10
COMM09346,SATCOM_09346,11.371354,117.912345,4101.69,Ka,15433.42,11060.45,ACTIVE,Operator_24
COMM09347,SATCOM_09347,57.672721,-67.657315,29088.74,Ka,11355.08,2261.75,ACTIVE,Operator_64
COMM09348,SATCOM_09348,-63.992867,-68.139592,13683.47,L,26954.52,1619.6,INACTIVE,Operator_97
COMM09349,SATCOM_09349,35.81863,-51.492845,6435.31,L,25700.54,4423.42,INACTIVE,Operator_63
COMM09350,SATCOM_09350,-38.557962,2.431518,14898.03,S,28400.2,10311.48,INACTIVE,Operator_189
COMM09351,SATCOM_09351,-50.922307,-139.864701,13800.57,L,26499.79,27989.22,MAINTENANCE,Operator_102
COMM09352,SATCOM_09352,53.679998,-129.840123,4921.56,L,14624.27,8997.05,MAINTENANCE,Operator_40
COMM09353,SATCOM_09353,-43.1253,-122.314377,5700.2,Ku,25630.34,20180.07,INACTIVE,Operator_101
COMM09354,SATCOM_09354,-79.344838,-21.259625,28594.24,Ku,11959.92,10644.67,INACTIVE,Operator_230
COMM09355,SATCOM_09355,-17.73924,15.892627,15818.29,L,8329.63,16827.5,INACTIVE,Operator_95
COMM09356,SATCOM_09356,-21.067639,-104.092489,32381.36,Ka,22641.44,11973.47,INACTIVE,Operator_43
COMM09357,SATCOM_09357,-60.22181,-29.630995,35709.65,L,14849.43,28338.97,MAINTENANCE,Operator_171
COMM09358,SATCOM_09358,-49.499836,63.341077,20569.7,Ku,16516.61,15078.12,ACTIVE,Operator_90
COMM09359,SATCOM_09359,49.543149,2.728677,14345.73,S,15710.3,10763.01,INACTIVE,Operator_163
COMM09360,SATCOM_09360,-12.043569,175.788529,5502.34,X,7443.11,20980.05,MAINTENANCE,Operator_174
COMM09361,SATCOM_09361,-87.470391,-32.792588,20488.21,X,19541.92,4505.02,INACTIVE,Operator_222
COMM09362,SATCOM_09362,-52.134092,164.741211,27632.08,Ka,3431.66,2023.96,INACTIVE,Operator_179
COMM09363,SATCOM_09363,23.502842,148.426785,6618.4,Ka,19779.84,21982.24,ACTIVE,Operator_10
COMM09364,SATCOM_09364,5.561855,-147.792401,28731.43,S,19649.38,18695.7,MAINTENANCE,Operator_81
COMM09365,SATCOM_09365,-70.860939,41.500306,17174.1,Ku,23417.63,21356.57,ACTIVE,Operator_155
COMM09366,SATCOM_09366,10.690376,59.399693,13408.62,L,13092.65,28770.28,ACTIVE,Operator_235
COMM09367,SATCOM_09367,76.073063,-89.059722,10278.92,C,11987.47,5726.67,INACTIVE,Operator_173
COMM09368,SATCOM_09368,-6.972972,-91.581653,8342.7,C,16574.55,7403.41,MAINTENANCE,Operator_120
COMM09369,SATCOM_09369,50.664082,-50.752006,3524.82,Ka,13177.34,22921.89,ACTIVE,Operator_164
COMM09370,SATCOM_09370,-15.332579,-161.097875,12956.32,Ka,11121.85,14439.22,ACTIVE,Operator_11
COMM09371,SATCOM_09371,80.63703,157.741683,7716.09,X,11927.91,13526.69,ACTIVE,Operator_171
COMM09372,SATCOM_09372,-25.295744,25.358003,23750.19,L,13505.23,12016.05,MAINTENANCE,Operator_160
COMM09373,SATCOM_09373,68.85134,26.98693,33923.42,Ka,1166.92,20828.6,INACTIVE,Operator_112
COMM09374,SATCOM_09374,-84.937686,-88.486518,11777.39,Ka,7335.95,16063.01,ACTIVE,Operator_33
COMM09375,SATCOM_09375,47.456562,13.663175,5473.15,Ku,9732.48,4652.33,ACTIVE,Operator_199
COMM09376,SATCOM_09376,-60.700215,155.074417,27230.96,L,22783.2,17718.53,ACTIVE,Operator_218
COMM09377,SATCOM_09377,-4.437673,-148.584396,16835.88,C,20469.63,13260.42,MAINTENANCE,Operator_16
COMM09378,SATCOM_09378,-82.299337,111.639485,9376.35,Ka,7956.45,18010.27,MAINTENANCE,Operator_1
COMM09379,SATCOM_09379,-32.907756,-163.259995,30406.21,S,28162.45,7083.19,INACTIVE,Operator_35
COMM09380,SATCOM_09380,-68.599875,20.000006,26384.2,L,16739.07,25711.79,ACTIVE,Operator_2
COMM09381,SATCOM_09381,36.971468,-128.054429,9347.97,Ka,13894.84,5694.27,ACTIVE,Operator_79
COMM09382,SATCOM_09382,16.717649,88.505553,14826.98,Ku,1731.71,25800.29,MAINTENANCE,Operator_127
COMM09383,SATCOM_09383,-18.459195,-7.601699,17971.07,X,28505.27,11220.25,MAINTENANCE,Operator_221
COMM09384,SATCOM_09384,-53.371133,-147.865715,33451.32,Ku,6538.83,21129.42,INACTIVE,Operator_102
COMM09385,SATCOM_09385,72.017329,67.471343,5329.43,L,15059.47,8656.79,INACTIVE,Operator_134
COMM09386,SATCOM_09386,4.329472,101.884932,17072.9,C,26512.76,22136.27,INACTIVE,Operator_170
COMM09387,SATCOM_09387,-6.910548,158.061372,30727.99,S,22167.39,4847.31,ACTIVE,Operator_139
COMM09388,SATCOM_09388,-38.273241,25.639048,2587.37,Ka,29554.29,16873.17,MAINTENANCE,Operator_152
COMM09389,SATCOM_09389,30.947971,-105.739189,7764.61,L,7106.72,4332.01,ACTIVE,Operator_109
COMM09390,SATCOM_09390,47.450463,124.640439,21277.39,Ka,29780.23,8599.27,MAINTENANCE,Operator_105
COMM09391,SATCOM_09391,-30.654913,-24.264173,20265.37,Ku,8135.1,7550.25,INACTIVE,Operator_15
COMM09392,SATCOM_09392,79.713827,14.29844,17301.49,S,6772.84,11257.69,ACTIVE,Operator_22
COMM09393,SATCOM_09393,-10.550147,-150.538828,6666.36,C,12878.69,17594.16,INACTIVE,Operator_246
COMM09394,SATCOM_09394,-51.371826,-175.443921,28351.74,S,17845.1,15949.99,ACTIVE,Operator_187
COMM09395,SATCOM_09395,-76.692969,72.810043,29997.91,L,29598.2,9913.78,ACTIVE,Operator_104
COMM09396,SATCOM_09396,-40.102276,-55.360038,29133.19,L,24948.64,15801.02,INACTIVE,Operator_134
COMM09397,SATCOM_09397,22.014366,120.702059,25050.58,C,11933.03,6222.88,INACTIVE,Operator_105
COMM09398,SATCOM_09398,76.503353,143.284749,31459.75,X,1578.63,7523.57,ACTIVE,Operator_218
COMM09399,SATCOM_09399,46.79192,126.20367,21307.24,C,18557.92,15233.79,INACTIVE,Operator_81
COMM09400,SATCOM_09400,-17.066526,-168.600579,34849.66,S,28623.11,15568.92,ACTIVE,Operator_24
COMM09401,SATCOM_09401,27.445708,-166.876532,21234.92,Ka,14455.95,2782.45,ACTIVE,Operator_61
COMM09402,SATCOM_09402,59.086993,56.918983,6448.28,X,12280.57,1797.0,INACTIVE,Operator_132
COMM09403,SATCOM_09403,37.410172,122.046798,8213.83,Ka,6364.36,15703.39,MAINTENANCE,Operator_241
COMM09404,SATCOM_09404,51.980119,92.461762,2181.11,L,3107.5,22217.42,INACTIVE,Operator_191
COMM09405,SATCOM_09405,10.312994,86.945062,697.46,S,12514.66,1327.29,ACTIVE,Operator_246
COMM09406,SATCOM_09406,-38.001851,-71.441545,5817.0,X,8082.67,2272.2,MAINTENANCE,Operator_236
COMM09407,SATCOM_09407,-47.98076,104.530245,16271.71,S,26020.98,20552.4,INACTIVE,Operator_107
COMM09408,SATCOM_09408,48.309941,-60.337775,27047.98,L,13059.28,20055.69,INACTIVE,Operator_214
COMM09409,SATCOM_09409,-14.729075,-117.051956,26734.76,X,27799.36,6334.71,MAINTENANCE,Operator_103
COMM09410,SATCOM_09410,-6.536092,-114.627098,11446.75,X,27396.62,15436.01,ACTIVE,Operator_191
COMM09411,SATCOM_09411,88.119497,134.067921,18330.63,Ku,29514.53,19653.33,ACTIVE,Operator_156
COMM09412,SATCOM_09412,39.004694,141.691304,28473.22,X,6997.1,25802.6,MAINTENANCE,Operator_160
COMM09413,SATCOM_09413,13.690023,28.37321,31599.76,Ka,12092.23,9115.74,ACTIVE,Operator_152
COMM09414,SATCOM_09414,-23.93963,-146.452336,34886.09,L,7515.19,12215.74,MAINTENANCE,Operator_98
COMM09415,SATCOM_09415,30.977818,-118.83013,13137.97,Ka,18650.37,4327.0,INACTIVE,Operator_175
COMM09416,SATCOM_09416,13.250433,-35.067544,34720.75,Ku,19600.61,1891.94,INACTIVE,Operator_120
COMM09417,SATCOM_09417,-37.438153,59.7804,34202.41,S,23475.37,23971.43,INACTIVE,Operator_183
COMM09418,SATCOM_09418,-38.868887,19.795838,1110.11,Ku,12262.16,11859.92,INACTIVE,Operator_106
COMM09419,SATCOM_09419,64.32722,25.395477,34738.88,X,7936.87,26418.42,MAINTENANCE,Operator_133
COMM09420,SATCOM_09420,-17.459973,141.826516,32527.72,Ka,9680.33,13809.81,ACTIVE,Operator_8
COMM09421,SATCOM_09421,66.402062,-130.47652,10042.74,L,2357.5,29663.06,MAINTENANCE,Operator_123
COMM09422,SATCOM_09422,42.993122,-40.116549,9244.52,S,27997.88,1907.43,ACTIVE,Operator_42
COMM09423,SATCOM_09423,70.534684,-70.405374,7199.46,Ku,9831.41,1322.09,INACTIVE,Operator_247
COMM09424,SATCOM_09424,43.712791,-2.293105,33586.71,S,15188.98,19822.79,MAINTENANCE,Operator_116
COMM09425,SATCOM_09425,-74.745562,177.993161,1533.44,Ka,10683.07,15725.94,INACTIVE,Operator_94
COMM09426,SATCOM_09426,-73.071555,22.628198,14332.9,X,13110.04,15662.3,ACTIVE,Operator_76
COMM09427,SATCOM_09427,10.360221,51.57311,30193.82,Ku,8456.96,25210.68,ACTIVE,Operator_230
COMM09428,SATCOM_09428,8.957536,123.533199,12263.53,C,2468.18,15068.36,MAINTENANCE,Operator_16
COMM09429,SATCOM_09429,-59.424929,-29.240512,8513.97,L,15963.77,8048.89,ACTIVE,Operator_133
COMM09430,SATCOM_09430,38.364919,-1.138395,25476.24,C,26379.97,24194.83,MAINTENANCE,Operator_52
COMM09431,SATCOM_09431,67.32546,38.103336,33104.79,S,7281.95,12100.45,MAINTENANCE,Operator_91
COMM09432,SATCOM_09432,-65.809508,38.395955,25569.2,S,26751.91,18954.43,ACTIVE,Operator_222
COMM09433,SATCOM_09433,18.022241,142.44573,31515.19,S,7973.73,12393.24,INACTIVE,Operator_169
COMM09434,SATCOM_09434,-21.510208,-166.852782,30093.24,L,5299.49,4240.77,INACTIVE,Operator_160
COMM09435,SATCOM_09435,17.769657,80.135204,18721.89,X,7478.75,22775.67,ACTIVE,Operator_155
COMM09436,SATCOM_09436,-5.338457,84.021716,2867.12,C,18169.7,13075.0,ACTIVE,Operator_28
COMM09437,SATCOM_09437,61.173319,-47.604387,461.46,Ka,25222.61,2534.29,INACTIVE,Operator_41
COMM09438,SATCOM_09438,24.463776,-110.056001,14722.25,X,16017.4,9772.28,ACTIVE,Operator_210
COMM09439,SATCOM_09439,16.445137,-9.935596,259.58,Ka,15812.25,7486.64,MAINTENANCE,Operator_63
COMM09440,SATCOM_09440,-55.44027,-73.620186,772.96,X,11011.37,3719.39,ACTIVE,Operator_78
COMM09441,SATCOM_09441,-1.161376,33.018828,28203.8,C,20890.41,18839.79,MAINTENANCE,Operator_10
COMM09442,SATCOM_09442,-85.793368,5.252934,34996.65,S,24774.36,25191.12,ACTIVE,Operator_85
COMM09443,SATCOM_09443,75.309162,-168.273569,18151.25,C,9163.85,14081.25,MAINTENANCE,Operator_221
COMM09444,SATCOM_09444,31.565828,95.672857,5480.15,S,26703.92,9360.93,ACTIVE,Operator_154
COMM09445,SATCOM_09445,-73.726585,-17.831821,33605.83,Ka,11963.48,15670.82,ACTIVE,Operator_109
COMM09446,SATCOM_09446,77.398401,150.39229,32359.74,X,3900.68,3925.74,MAINTENANCE,Operator_49
COMM09447,SATCOM_09447,66.135022,-173.429664,22843.56,L,19915.5,24715.23,ACTIVE,Operator_143
COMM09448,SATCOM_09448,15.341623,-125.718186,3406.93,Ku,8743.14,24537.42,MAINTENANCE,Operator_200
COMM09449,SATCOM_09449,-26.502833,-2.703933,26659.53,Ka,27501.64,3887.87,MAINTENANCE,Operator_176
COMM09450,SATCOM_09450,88.73104,92.302843,28304.88,X,12983.56,4809.31,INACTIVE,Operator_109
COMM09451,SATCOM_09451,43.415208,55.328434,28801.41,Ka,25696.81,2337.02,INACTIVE,Operator_102
COMM09452,SATCOM_09452,-89.865963,-81.941548,5222.51,C,15183.68,10726.41,ACTIVE,Operator_161
COMM09453,SATCOM_09453,-15.233406,128.333199,17642.79,L,17303.83,20556.14,ACTIVE,Operator_45
COMM09454,SATCOM_09454,-16.910752,-67.008695,18806.17,C,5521.3,1647.42,ACTIVE,Operator_105
COMM09455,SATCOM_09455,-49.843485,50.420562,2365.38,S,9294.2,20177.94,INACTIVE,Operator_200
COMM09456,SATCOM_09456,-43.370986,-51.537246,27765.45,X,28941.87,23943.36,MAINTENANCE,Operator_117
COMM09457,SATCOM_09457,2.564932,-138.469239,14481.82,Ku,9734.48,21887.23,ACTIVE,Operator_227
COMM09458,SATCOM_09458,81.20066,47.050306,35595.15,X,11661.31,8319.35,ACTIVE,Operator_69
COMM09459,SATCOM_09459,-86.491841,-124.882837,7922.84,X,7025.93,21922.34,ACTIVE,Operator_101
COMM09460,SATCOM_09460,9.145778,-21.915244,23944.4,C,20201.2,19911.48,INACTIVE,Operator_106
COMM09461,SATCOM_09461,-13.926057,51.189542,16035.33,Ku,6439.42,23783.26,MAINTENANCE,Operator_191
COMM09462,SATCOM_09462,27.126097,-17.356942,1238.66,C,20165.98,19342.17,MAINTENANCE,Operator_185
COMM09463,SATCOM_09463,-43.398452,-50.054645,30509.5,C,17601.25,3498.13,MAINTENANCE,Operator_78
COMM09464,SATCOM_09464,-61.492895,98.309919,1012.39,Ka,1059.6,12142.2,MAINTENANCE,Operator_133
COMM09465,SATCOM_09465,-63.81588,-111.60553,12283.1,Ka,6834.01,6892.03,INACTIVE,Operator_213
COMM09466,SATCOM_09466,68.447164,-152.023982,893.27,X,14361.52,22370.49,INACTIVE,Operator_164
COMM09467,SATCOM_09467,18.197955,81.243852,33308.09,X,18005.94,16450.16,MAINTENANCE,Operator_16
COMM09468,SATCOM_09468,84.499637,-153.562534,4039.99,Ku,11403.28,14302.81,ACTIVE,Operator_180
COMM09469,SATCOM_09469,4.164839,-11.125448,31036.51,C,21622.54,8540.01,ACTIVE,Operator_28
COMM09470,SATCOM_09470,-64.693925,101.713682,22678.63,S,18320.08,7999.78,INACTIVE,Operator_129
COMM09471,SATCOM_09471,-72.139608,83.084726,20305.56,Ka,22293.3,24284.21,MAINTENANCE,Operator_235
COMM09472,SATCOM_09472,88.152563,68.620556,1509.42,X,3111.76,12175.51,ACTIVE,Operator_47
COMM09473,SATCOM_09473,-2.540576,178.876875,28326.95,C,16354.57,29268.32,ACTIVE,Operator_170
COMM09474,SATCOM_09474,14.839427,-30.207638,2117.77,Ku,23601.82,3979.17,MAINTENANCE,Operator_203
COMM09475,SATCOM_09475,83.407854,-174.679574,14349.33,S,4725.25,7408.31,MAINTENANCE,Operator_43
COMM09476,SATCOM_09476,-48.833911,-13.999278,338.18,L,4666.31,22348.7,ACTIVE,Operator_56
COMM09477,SATCOM_09477,36.011195,160.60959,1925.35,C,14211.02,2155.4,MAINTENANCE,Operator_41
COMM09478,SATCOM_09478,-42.029165,51.407537,20443.94,S,22246.29,26166.73,INACTIVE,Operator_13
COMM09479,SATCOM_09479,11.517741,-43.23674,30160.17,Ka,9368.87,17885.99,INACTIVE,Operator_106
COMM09480,SATCOM_09480,7.919419,-13.108393,2684.98,X,17503.8,5880.96,MAINTENANCE,Operator_165
COMM09481,SATCOM_09481,62.134637,-99.78997,27631.77,S,8893.99,25942.42,ACTIVE,Operator_226
COMM09482,SATCOM_09482,60.291068,3.789687,32389.24,S,10052.8,19400.58,INACTIVE,Operator_66
COMM09483,SATCOM_09483,26.021642,2.603578,23069.35,L,20493.79,27975.55,ACTIVE,Operator_177
COMM09484,SATCOM_09484,15.202291,19.961805,11759.72,L,5106.43,27663.03,INACTIVE,Operator_31
COMM09485,SATCOM_09485,76.860995,-90.374554,25004.14,Ka,6592.44,25618.36,INACTIVE,Operator_86
COMM09486,SATCOM_09486,-59.292621,-33.227545,3159.61,X,13227.81,27555.16,MAINTENANCE,Operator_118
COMM09487,SATCOM_09487,-6.116323,84.633738,2434.85,Ka,12537.34,10421.02,INACTIVE,Operator_106
COMM09488,SATCOM_09488,-36.448266,-81.264414,1250.43,X,18980.94,21348.02,ACTIVE,Operator_235
COMM09489,SATCOM_09489,-29.773924,-73.326703,31840.09,Ka,3754.31,24613.42,MAINTENANCE,Operator_5
COMM09490,SATCOM_09490,51.721753,-137.251772,10523.96,Ku,2850.74,24819.08,INACTIVE,Operator_212
COMM09491,SATCOM_09491,-50.922594,56.908608,3540.07,C,9507.12,21867.98,INACTIVE,Operator_204
COMM09492,SATCOM_09492,-72.842378,69.820631,19730.42,Ka,24480.75,20277.85,INACTIVE,Operator_2
COMM09493,SATCOM_09493,-75.644555,84.046395,30516.61,S,16671.26,3325.51,MAINTENANCE,Operator_121
COMM09494,SATCOM_09494,57.955178,-95.985013,5500.77,L,28526.47,22054.46,MAINTENANCE,Operator_46
COMM09495,SATCOM_09495,63.667451,-29.812307,14215.31,L,22836.43,26317.35,ACTIVE,Operator_180
COMM09496,SATCOM_09496,-85.123259,-147.325631,11367.16,L,9941.64,12364.14,ACTIVE,Operator_184
COMM09497,SATCOM_09497,-34.170987,168.27979,29662.91,C,9680.66,14530.38,MAINTENANCE,Operator_87
COMM09498,SATCOM_09498,-22.406139,-28.81179,25357.11,L,4953.28,14449.91,INACTIVE,Operator_221
COMM09499,SATCOM_09499,-75.173004,-112.888235,31209.51,X,8298.35,27124.24,INACTIVE,Operator_74
COMM09500,SATCOM_09500,36.538577,146.196731,31061.62,Ku,21443.5,25675.36,ACTIVE,Operator_130
COMM09501,SATCOM_09501,15.16407,-164.464632,18056.52,S,15780.62,10342.9,ACTIVE,Operator_12
COMM09502,SATCOM_09502,88.745013,85.857263,22685.84,S,22841.52,10696.31,INACTIVE,Operator_36
COMM09503,SATCOM_09503,51.146999,58.638066,11014.82,S,7815.04,25405.86,MAINTENANCE,Operator_62
COMM09504,SATCOM_09504,62.309927,-92.592632,994.05,X,26092.76,24630.66,MAINTENANCE,Operator_160
COMM09505,SATCOM_09505,64.074649,-110.874307,21616.04,S,19898.57,14283.57,ACTIVE,Operator_201
COMM09506,SATCOM_09506,41.255829,-161.03246,8851.56,X,2925.8,19387.13,INACTIVE,Operator_87
COMM09507,SATCOM_09507,67.097333,50.619031,5299.18,S,3083.88,27273.43,ACTIVE,Operator_70
COMM09508,SATCOM_09508,-84.282194,-144.412269,32940.35,X,27256.36,16797.01,INACTIVE,Operator_99
COMM09509,SATCOM_09509,54.824808,-77.537754,22796.99,Ku,6053.95,20133.72,INACTIVE,Operator_91
COMM09510,SATCOM_09510,-23.085776,7.070114,12212.57,L,5565.83,9614.51,INACTIVE,Operator_17
COMM09511,SATCOM_09511,53.967139,-46.320065,29195.14,S,12448.59,28007.37,MAINTENANCE,Operator_115
COMM09512,SATCOM_09512,-11.333143,174.870269,2199.31,X,11034.44,7767.09,ACTIVE,Operator_11
COMM09513,SATCOM_09513,-44.615174,-109.919166,32941.87,L,1940.27,8222.9,INACTIVE,Operator_226
COMM09514,SATCOM_09514,67.510211,-100.409859,5165.64,C,12207.5,1114.77,INACTIVE,Operator_214
COMM09515,SATCOM_09515,-8.365996,-99.201412,24428.15,Ku,18966.42,7306.47,ACTIVE,Operator_55
COMM09516,SATCOM_09516,42.632221,-158.033494,11351.08,Ku,29460.5,4023.59,ACTIVE,Operator_119
COMM09517,SATCOM_09517,18.785687,104.195224,35300.84,Ka,10326.32,17893.33,ACTIVE,Operator_5
COMM09518,SATCOM_09518,6.6633,38.20085,25444.98,C,15518.25,14071.24,MAINTENANCE,Operator_152
COMM09519,SATCOM_09519,-80.109795,-111.203768,17281.69,C,12124.74,4304.15,MAINTENANCE,Operator_137
COMM09520,SATCOM_09520,7.327273,58.152079,6649.07,L,4858.07,1189.34,ACTIVE,Operator_160
COMM09521,SATCOM_09521,15.678546,-28.290966,35463.94,Ka,16482.84,7962.95,MAINTENANCE,Operator_81
COMM09522,SATCOM_09522,-77.671191,61.663947,14700.31,X,16646.05,29430.2,MAINTENANCE,Operator_233
COMM09523,SATCOM_09523,36.126086,93.751473,8911.75,Ka,8497.97,11130.49,MAINTENANCE,Operator_52
COMM09524,SATCOM_09524,24.318577,-15.334055,8143.07,X,28614.23,14348.22,MAINTENANCE,Operator_23
COMM09525,SATCOM_09525,-78.405643,101.641323,2576.52,L,14160.57,27979.43,MAINTENANCE,Operator_120
COMM09526,SATCOM_09526,-56.312798,65.268111,26468.05,Ku,25296.73,27700.8,INACTIVE,Operator_172
COMM09527,SATCOM_09527,4.89612,-122.301236,25027.88,Ku,22728.06,10293.92,MAINTENANCE,Operator_207
COMM09528,SATCOM_09528,66.013372,-28.755122,17704.52,X,29098.66,7580.61,MAINTENANCE,Operator_134
COMM09529,SATCOM_09529,-72.206431,-41.034744,3648.92,S,21131.51,7663.3,INACTIVE,Operator_199
COMM09530,SATCOM_09530,-50.897123,-179.873527,23892.78,Ka,6054.92,18099.01,MAINTENANCE,Operator_185
COMM09531,SATCOM_09531,-25.463672,-178.992957,35514.85,C,20222.93,20374.41,INACTIVE,Operator_134
COMM09532,SATCOM_09532,-65.334515,27.688245,21363.51,X,16883.56,25599.23,ACTIVE,Operator_242
COMM09533,SATCOM_09533,-78.557591,-95.413137,1064.28,X,4532.94,24238.39,MAINTENANCE,Operator_233
COMM09534,SATCOM_09534,-78.061038,-3.454135,389.88,X,5088.8,22084.91,MAINTENANCE,Operator_147
COMM09535,SATCOM_09535,19.751084,-58.377516,12752.99,X,19401.87,27835.41,ACTIVE,Operator_221
COMM09536,SATCOM_09536,71.659416,-50.722896,27182.04,L,9347.59,28145.08,ACTIVE,Operator_170
COMM09537,SATCOM_09537,45.35003,24.275098,5365.12,C,11286.81,27767.5,INACTIVE,Operator_92
COMM09538,SATCOM_09538,-57.472579,133.647938,27908.33,Ka,16808.29,26484.99,MAINTENANCE,Operator_83
COMM09539,SATCOM_09539,-81.460583,67.510548,25512.65,C,23405.81,14257.53,INACTIVE,Operator_66
COMM09540,SATCOM_09540,7.163187,101.025734,27943.07,S,2295.45,27759.45,INACTIVE,Operator_113
COMM09541,SATCOM_09541,63.991179,116.442547,15014.79,Ka,8790.14,4397.67,MAINTENANCE,Operator_140
COMM09542,SATCOM_09542,28.198066,48.621073,15526.35,Ka,13612.84,2171.86,MAINTENANCE,Operator_119
COMM09543,SATCOM_09543,-24.549444,87.367162,14784.58,C,28959.06,21917.29,INACTIVE,Operator_47
COMM09544,SATCOM_09544,-48.96204,-76.515357,6927.88,L,29899.9,29003.31,ACTIVE,Operator_245
COMM09545,SATCOM_09545,-58.472435,-171.356101,8653.89,Ka,20132.82,19915.88,MAINTENANCE,Operator_60
COMM09546,SATCOM_09546,16.696408,-37.036529,11756.89,L,1486.59,18415.78,INACTIVE,Operator_39
COMM09547,SATCOM_09547,21.186813,116.044132,34879.73,X,25425.16,4981.13,MAINTENANCE,Operator_19
COMM09548,SATCOM_09548,51.994198,43.770022,19545.31,L,4978.83,3541.14,ACTIVE,Operator_52
COMM09549,SATCOM_09549,12.720644,-162.372069,4623.8,Ku,21567.45,22238.28,ACTIVE,Operator_211
COMM09550,SATCOM_09550,-28.330459,-8.545496,30670.5,Ka,21822.88,19951.42,ACTIVE,Operator_68
COMM09551,SATCOM_09551,42.108328,113.377687,9902.77,Ku,16796.41,28686.78,ACTIVE,Operator_158
COMM09552,SATCOM_09552,50.202612,110.331468,14914.61,Ku,16857.18,27743.01,ACTIVE,Operator_95
COMM09553,SATCOM_09553,52.161433,14.760734,29421.36,X,29857.79,7255.42,ACTIVE,Operator_189
COMM09554,SATCOM_09554,67.470582,-76.117344,29085.41,Ka,18548.19,5565.98,INACTIVE,Operator_27
COMM09555,SATCOM_09555,-0.585338,-39.888401,28516.36,C,21527.02,8235.5,INACTIVE,Operator_131
COMM09556,SATCOM_09556,34.089677,25.693104,2621.51,S,27287.14,14235.74,INACTIVE,Operator_203
COMM09557,SATCOM_09557,34.219495,100.413189,35429.22,Ku,23829.3,29499.69,INACTIVE,Operator_94
COMM09558,SATCOM_09558,-35.733968,173.090318,21920.4,S,13975.0,29707.3,INACTIVE,Operator_127
COMM09559,SATCOM_09559,41.342581,-123.141012,11020.26,X,21263.9,20151.27,MAINTENANCE,Operator_23
COMM09560,SATCOM_09560,-32.150114,118.184071,23431.04,Ka,17667.98,27320.82,INACTIVE,Operator_15
COMM09561,SATCOM_09561,25.857605,-38.737309,31150.51,L,12434.54,2665.3,ACTIVE,Operator_51
COMM09562,SATCOM_09562,-51.919397,33.898021,21845.3,L,24544.31,5403.95,ACTIVE,Operator_203
COMM09563,SATCOM_09563,-62.173648,89.668556,9677.76,Ku,27280.38,22687.02,ACTIVE,Operator_21
COMM09564,SATCOM_09564,-87.417742,-149.164054,7110.12,Ka,24874.73,14740.57,ACTIVE,Operator_130
COMM09565,SATCOM_09565,9.113194,144.939873,25585.59,X,2331.11,13717.23,INACTIVE,Operator_190
COMM09566,SATCOM_09566,-28.414167,15.851796,21695.56,Ku,20848.92,19800.42,MAINTENANCE,Operator_210
COMM09567,SATCOM_09567,64.886628,-28.724527,3043.63,Ka,4139.06,26227.34,MAINTENANCE,Operator_183
COMM09568,SATCOM_09568,8.376744,92.767124,4773.4,Ka,14738.43,29351.32,ACTIVE,Operator_213
COMM09569,SATCOM_09569,66.839231,-83.494002,22340.5,X,5784.82,11452.71,ACTIVE,Operator_162
COMM09570,SATCOM_09570,76.626608,-10.808962,15527.27,Ka,8474.63,14134.65,INACTIVE,Operator_178
COMM09571,SATCOM_09571,-59.354067,-3.003691,21162.68,C,21801.54,14887.36,ACTIVE,Operator_166
COMM09572,SATCOM_09572,32.1224,-152.209527,31984.1,S,27555.91,28531.54,INACTIVE,Operator_105
COMM09573,SATCOM_09573,45.387369,-91.947105,22484.47,Ku,19346.65,1523.4,INACTIVE,Operator_149
COMM09574,SATCOM_09574,65.461365,-86.479566,12218.42,C,5349.6,19227.82,INACTIVE,Operator_67
COMM09575,SATCOM_09575,59.811397,163.25609,2107.24,Ku,21205.48,17417.04,ACTIVE,Operator_52
COMM09576,SATCOM_09576,-72.029959,67.129447,28874.52,X,26981.23,18639.46,ACTIVE,Operator_63
COMM09577,SATCOM_09577,66.862959,151.840016,23188.07,Ka,28317.44,13690.42,INACTIVE,Operator_92
COMM09578,SATCOM_09578,52.972661,138.205683,15239.81,L,28052.9,13473.98,INACTIVE,Operator_58
COMM09579,SATCOM_09579,-46.427701,-77.711548,9604.05,C,17573.49,4958.33,MAINTENANCE,Operator_203
COMM09580,SATCOM_09580,-53.805251,115.867824,5945.86,Ka,1058.55,5607.42,INACTIVE,Operator_24
COMM09581,SATCOM_09581,86.260978,61.759408,24097.24,Ka,21226.85,29352.73,MAINTENANCE,Operator_53
COMM09582,SATCOM_09582,-83.90165,90.405518,3531.61,C,10206.08,14225.67,MAINTENANCE,Operator_82
COMM09583,SATCOM_09583,-71.792479,-52.07187,22407.12,L,23212.24,11925.47,INACTIVE,Operator_212
COMM09584,SATCOM_09584,-35.501067,-12.383889,3753.06,L,19226.21,18588.71,ACTIVE,Operator_197
COMM09585,SATCOM_09585,-61.353294,158.62569,6687.03,X,23021.48,21147.37,INACTIVE,Operator_69
COMM09586,SATCOM_09586,48.31023,115.492518,28280.99,X,15953.57,21115.68,MAINTENANCE,Operator_220
COMM09587,SATCOM_09587,74.086312,-9.538402,24642.12,X,18993.06,23931.6,INACTIVE,Operator_51
COMM09588,SATCOM_09588,36.452889,-73.576633,4449.89,C,2572.93,16515.0,INACTIVE,Operator_187
COMM09589,SATCOM_09589,7.1733,98.777895,12509.91,X,11924.41,15146.85,MAINTENANCE,Operator_50
COMM09590,SATCOM_09590,-7.685496,9.850908,35875.24,L,17407.14,12224.61,ACTIVE,Operator_71
COMM09591,SATCOM_09591,53.739579,80.314906,35780.84,L,4658.18,4610.56,INACTIVE,Operator_20
COMM09592,SATCOM_09592,-65.625282,-113.764419,8274.95,Ku,16186.55,8081.79,MAINTENANCE,Operator_239
COMM09593,SATCOM_09593,9.797861,-65.928004,35143.18,L,22397.4,29061.71,INACTIVE,Operator_151
COMM09594,SATCOM_09594,75.886148,36.227267,31597.63,Ka,24858.11,1769.85,MAINTENANCE,Operator_182
COMM09595,SATCOM_09595,57.687044,-86.232406,218.93,S,1435.01,13183.69,INACTIVE,Operator_58
COMM09596,SATCOM_09596,54.355425,-102.754824,28313.43,Ku,17260.94,4319.46,MAINTENANCE,Operator_33
COMM09597,SATCOM_09597,89.031311,128.988343,5746.34,L,14913.26,11936.34,MAINTENANCE,Operator_188
COMM09598,SATCOM_09598,35.164573,48.887829,34579.65,X,2309.51,24341.51,ACTIVE,Operator_19
COMM09599,SATCOM_09599,-60.282755,-20.34485,24092.9,Ku,27303.11,16883.59,INACTIVE,Operator_16
COMM09600,SATCOM_09600,68.358807,-69.721719,16082.69,S,6417.68,5145.1,ACTIVE,Operator_117
COMM09601,SATCOM_09601,58.129045,-179.185501,9914.76,X,13963.92,4913.41,MAINTENANCE,Operator_54
COMM09602,SATCOM_09602,-87.283781,-81.846597,13040.35,L,15578.33,7337.16,ACTIVE,Operator_229
COMM09603,SATCOM_09603,-58.169254,42.080626,7271.67,S,8937.9,7126.18,MAINTENANCE,Operator_181
COMM09604,SATCOM_09604,47.55059,29.753143,2263.28,Ku,21150.69,11265.27,INACTIVE,Operator_136
COMM09605,SATCOM_09605,65.016975,117.12555,7130.13,Ku,11701.43,12267.69,MAINTENANCE,Operator_23
COMM09606,SATCOM_09606,86.792463,-172.930497,34314.91,Ku,24537.38,3742.74,ACTIVE,Operator_163
COMM09607,SATCOM_09607,82.686959,57.934105,30797.45,L,27453.45,6682.9,MAINTENANCE,Operator_75
COMM09608,SATCOM_09608,19.18281,-127.536426,27540.72,S,19987.25,2408.33,MAINTENANCE,Operator_170
COMM09609,SATCOM_09609,-25.501677,-47.851824,18151.2,S,22527.56,7790.82,INACTIVE,Operator_103
COMM09610,SATCOM_09610,-20.924185,29.254425,30615.61,Ka,27259.12,9824.19,ACTIVE,Operator_133
COMM09611,SATCOM_09611,6.074533,-95.76584,23702.8,Ku,14797.69,5330.77,MAINTENANCE,Operator_74
COMM09612,SATCOM_09612,66.887902,101.483426,14288.44,X,25197.77,15213.08,ACTIVE,Operator_110
COMM09613,SATCOM_09613,83.664372,114.044822,9395.12,C,17593.08,6666.42,MAINTENANCE,Operator_89
COMM09614,SATCOM_09614,-1.139388,-24.843399,31334.61,Ka,19763.02,17957.9,MAINTENANCE,Operator_21
COMM09615,SATCOM_09615,27.994206,176.86418,18481.75,Ku,10918.66,15020.44,INACTIVE,Operator_161
COMM09616,SATCOM_09616,-28.022501,-130.515383,19063.01,X,1982.44,7413.79,ACTIVE,Operator_13
COMM09617,SATCOM_09617,-70.532947,14.509551,23664.08,C,23588.14,22068.06,MAINTENANCE,Operator_41
COMM09618,SATCOM_09618,-55.324341,118.27286,17357.99,C,11175.92,16321.8,ACTIVE,Operator_169
COMM09619,SATCOM_09619,21.484843,-160.903536,20909.8,L,18621.66,19024.85,INACTIVE,Operator_168
COMM09620,SATCOM_09620,-39.826925,-51.455496,4232.15,C,10966.1,5541.59,MAINTENANCE,Operator_106
COMM09621,SATCOM_09621,36.146869,90.172046,34782.15,L,24523.0,16087.34,MAINTENANCE,Operator_101
COMM09622,SATCOM_09622,27.4627,43.178059,32776.34,C,7989.84,29485.71,ACTIVE,Operator_166
COMM09623,SATCOM_09623,82.160902,127.102749,20122.41,Ku,5534.84,22189.08,ACTIVE,Operator_175
COMM09624,SATCOM_09624,-8.370052,78.291545,3315.21,L,29060.61,19880.0,INACTIVE,Operator_6
COMM09625,SATCOM_09625,-82.243046,-99.526198,5763.13,X,6359.04,3539.22,INACTIVE,Operator_191
COMM09626,SATCOM_09626,1.27281,-29.462523,32495.33,X,4468.45,18293.62,INACTIVE,Operator_115
COMM09627,SATCOM_09627,-72.681995,5.975704,17786.02,X,17863.19,28387.42,MAINTENANCE,Operator_174
COMM09628,SATCOM_09628,26.743815,-116.033241,2537.39,Ka,20478.39,14739.48,ACTIVE,Operator_42
COMM09629,SATCOM_09629,28.505519,-151.38626,26839.56,Ku,21616.23,3065.2,MAINTENANCE,Operator_148
COMM09630,SATCOM_09630,-16.970424,-51.66614,3455.89,S,7338.55,5073.02,ACTIVE,Operator_130
COMM09631,SATCOM_09631,-76.918045,-153.42606,14226.02,Ka,4735.68,17284.73,MAINTENANCE,Operator_161
COMM09632,SATCOM_09632,-12.438133,-69.911732,30927.87,L,10355.92,8308.61,ACTIVE,Operator_244
COMM09633,SATCOM_09633,45.843996,-142.257626,10504.81,Ku,21533.49,5332.2,ACTIVE,Operator_105
COMM09634,SATCOM_09634,30.09309,95.979219,34588.38,Ka,1039.3,17134.93,INACTIVE,Operator_120
COMM09635,SATCOM_09635,-24.089162,3.264808,1866.18,L,13126.6,9594.26,INACTIVE,Operator_70
COMM09636,SATCOM_09636,45.331598,-43.838607,15617.21,Ku,18977.55,10453.83,ACTIVE,Operator_57
COMM09637,SATCOM_09637,73.8592,-0.457455,22504.98,S,27539.23,4185.53,MAINTENANCE,Operator_36
COMM09638,SATCOM_09638,-54.390853,-88.765296,15664.25,C,4896.74,20834.81,INACTIVE,Operator_210
COMM09639,SATCOM_09639,-67.243185,-25.049657,896.4,X,3633.6,16427.78,MAINTENANCE,Operator_7
COMM09640,SATCOM_09640,14.08791,-68.252847,1051.92,L,15390.55,8325.9,INACTIVE,Operator_158
COMM09641,SATCOM_09641,50.85083,-124.590067,35621.5,L,18331.03,11447.17,ACTIVE,Operator_120
COMM09642,SATCOM_09642,76.157174,144.860843,21990.4,C,23326.12,27626.41,INACTIVE,Operator_116
COMM09643,SATCOM_09643,70.12962,16.869295,25998.55,C,22745.93,6423.39,ACTIVE,Operator_48
COMM09644,SATCOM_09644,47.773715,-153.767549,17376.19,L,7010.24,6946.8,MAINTENANCE,Operator_2
COMM09645,SATCOM_09645,-74.522086,-28.833822,32278.32,Ka,24045.34,18264.66,INACTIVE,Operator_46
COMM09646,SATCOM_09646,62.914132,-47.374698,7326.85,S,24686.69,13326.39,ACTIVE,Operator_171
COMM09647,SATCOM_09647,-7.9221,-43.916481,16416.31,L,20547.43,26101.94,INACTIVE,Operator_151
COMM09648,SATCOM_09648,-78.428976,-26.935323,28175.55,C,21454.01,20664.16,ACTIVE,Operator_106
COMM09649,SATCOM_09649,60.376468,143.011163,5741.46,Ku,28912.51,17637.79,MAINTENANCE,Operator_84
COMM09650,SATCOM_09650,43.109149,-92.915722,35050.2,S,13394.82,28658.15,ACTIVE,Operator_146
COMM09651,SATCOM_09651,-60.729624,-53.093216,19921.9,Ku,12184.64,25912.21,ACTIVE,Operator_189
COMM09652,SATCOM_09652,-50.529115,140.463042,26490.24,X,1681.58,2273.96,MAINTENANCE,Operator_245
COMM09653,SATCOM_09653,-31.262465,-11.893094,12756.06,Ka,24361.4,3363.41,MAINTENANCE,Operator_175
COMM09654,SATCOM_09654,26.896251,179.8994,9450.15,L,4421.07,3934.1,INACTIVE,Operator_250
COMM09655,SATCOM_09655,-40.946696,161.970305,11718.3,Ka,27444.63,26984.0,ACTIVE,Operator_137
COMM09656,SATCOM_09656,-20.984169,25.489385,16825.25,C,22365.29,6532.12,INACTIVE,Operator_230
COMM09657,SATCOM_09657,72.987025,-132.487421,2000.68,Ka,5579.79,12291.06,MAINTENANCE,Operator_95
COMM09658,SATCOM_09658,55.141919,-156.484923,21383.84,C,26716.3,22680.99,INACTIVE,Operator_54
COMM09659,SATCOM_09659,-48.484122,128.421161,21833.93,L,26719.9,12467.63,MAINTENANCE,Operator_168
COMM09660,SATCOM_09660,86.051935,144.893669,31721.73,S,24904.0,13079.16,INACTIVE,Operator_33
COMM09661,SATCOM_09661,-37.498514,20.908357,6881.93,C,14595.38,14099.03,ACTIVE,Operator_88
COMM09662,SATCOM_09662,70.762735,-47.129543,25226.67,Ku,19059.96,26712.29,MAINTENANCE,Operator_198
COMM09663,SATCOM_09663,9.764019,130.852391,10797.39,C,2589.13,4437.22,ACTIVE,Operator_113
COMM09664,SATCOM_09664,21.288766,149.565706,8436.88,S,15054.09,5955.24,INACTIVE,Operator_10
COMM09665,SATCOM_09665,-68.154686,109.335129,14034.91,X,4442.04,25223.02,MAINTENANCE,Operator_148
COMM09666,SATCOM_09666,-33.188011,-145.216314,24545.1,C,3894.16,6536.11,INACTIVE,Operator_29
COMM09667,SATCOM_09667,28.918891,-1.226938,7803.12,X,20935.66,22288.9,ACTIVE,Operator_48
COMM09668,SATCOM_09668,-18.351125,24.909641,35800.46,X,28324.71,10374.83,MAINTENANCE,Operator_235
COMM09669,SATCOM_09669,-81.281892,116.831768,16640.64,Ka,22276.37,10774.17,ACTIVE,Operator_78
COMM09670,SATCOM_09670,-76.081772,-154.159098,33323.83,C,22737.47,22730.55,INACTIVE,Operator_240
COMM09671,SATCOM_09671,81.833197,125.160713,34740.29,L,18633.32,7616.26,INACTIVE,Operator_171
COMM09672,SATCOM_09672,17.777056,112.604928,33611.35,Ka,20301.01,6235.63,MAINTENANCE,Operator_144
COMM09673,SATCOM_09673,-72.420863,166.13035,32188.31,L,8557.35,5836.12,ACTIVE,Operator_77
COMM09674,SATCOM_09674,76.879676,129.547624,18625.86,L,19762.11,9595.66,INACTIVE,Operator_163
COMM09675,SATCOM_09675,45.528509,-86.165405,31114.06,L,16362.15,15845.98,ACTIVE,Operator_163
COMM09676,SATCOM_09676,-1.352399,56.806263,27892.84,L,10246.46,1346.13,INACTIVE,Operator_123
COMM09677,SATCOM_09677,-19.181286,75.110533,21600.05,L,15428.24,21069.73,INACTIVE,Operator_217
COMM09678,SATCOM_09678,20.472302,76.861093,11716.51,Ku,8568.31,15896.43,INACTIVE,Operator_212
COMM09679,SATCOM_09679,-4.026583,-163.358325,29399.28,X,24913.45,15140.64,MAINTENANCE,Operator_45
COMM09680,SATCOM_09680,17.001833,-145.164447,3210.75,Ku,6564.57,17203.98,MAINTENANCE,Operator_211
COMM09681,SATCOM_09681,-76.291673,-30.286274,19751.83,X,29096.97,18633.17,ACTIVE,Operator_245
COMM09682,SATCOM_09682,59.72478,-117.377778,35133.52,X,1724.46,7452.24,MAINTENANCE,Operator_156
COMM09683,SATCOM_09683,-31.927546,-76.040622,2393.62,L,4655.3,1309.65,INACTIVE,Operator_165
COMM09684,SATCOM_09684,15.519687,-63.580734,18068.9,Ku,26358.79,11344.17,MAINTENANCE,Operator_24
COMM09685,SATCOM_09685,77.983843,-11.911189,17866.93,X,4075.62,3607.87,MAINTENANCE,Operator_198
COMM09686,SATCOM_09686,80.432695,37.998348,7275.95,X,4010.65,15038.37,MAINTENANCE,Operator_174
COMM09687,SATCOM_09687,23.150251,53.85457,2274.01,S,18496.96,9883.87,ACTIVE,Operator_133
COMM09688,SATCOM_09688,88.651584,-165.903934,24856.39,C,1837.8,1414.32,INACTIVE,Operator_218
COMM09689,SATCOM_09689,78.967901,-42.615419,4659.14,X,19719.47,11521.8,ACTIVE,Operator_49
COMM09690,SATCOM_09690,33.423599,-151.74857,10098.37,X,20136.59,1471.49,ACTIVE,Operator_95
COMM09691,SATCOM_09691,-85.788364,83.182802,7429.34,C,3959.43,11142.75,MAINTENANCE,Operator_210
COMM09692,SATCOM_09692,-52.308229,70.435609,3761.59,C,14874.2,26814.09,INACTIVE,Operator_9
COMM09693,SATCOM_09693,42.295366,-86.916953,2577.25,L,24119.78,19509.97,MAINTENANCE,Operator_122
COMM09694,SATCOM_09694,46.975549,69.736377,5432.37,Ka,3602.22,22595.82,INACTIVE,Operator_234
COMM09695,SATCOM_09695,-2.155936,-152.028743,6765.78,S,19085.12,4086.93,MAINTENANCE,Operator_117
COMM09696,SATCOM_09696,-48.341008,35.069421,14521.18,X,19944.47,22166.58,MAINTENANCE,Operator_134
COMM09697,SATCOM_09697,6.994057,-100.865446,22928.38,Ka,20144.92,16918.53,MAINTENANCE,Operator_198
COMM09698,SATCOM_09698,31.415247,175.837373,28226.64,L,10052.52,8530.6,MAINTENANCE,Operator_79
COMM09699,SATCOM_09699,14.087735,125.228859,1607.6,Ka,28931.81,7620.9,MAINTENANCE,Operator_179
COMM09700,SATCOM_09700,83.048613,89.021145,6354.06,Ku,24543.98,7415.45,INACTIVE,Operator_70
COMM09701,SATCOM_09701,41.776127,56.603617,1365.8,S,25194.74,12138.09,ACTIVE,Operator_213
COMM09702,SATCOM_09702,89.412448,-69.63983,26341.91,S,15007.58,21366.7,INACTIVE,Operator_94
COMM09703,SATCOM_09703,14.433141,26.545684,12148.03,C,2769.52,19253.28,ACTIVE,Operator_184
COMM09704,SATCOM_09704,76.762109,50.695335,607.95,L,14943.68,25655.35,ACTIVE,Operator_210
COMM09705,SATCOM_09705,44.140739,-66.289341,20465.19,Ku,26562.16,6420.12,MAINTENANCE,Operator_63
COMM09706,SATCOM_09706,-67.447798,111.308782,13384.06,S,9419.46,14987.67,MAINTENANCE,Operator_172
COMM09707,SATCOM_09707,44.684674,-11.791874,7525.97,C,3000.34,7608.37,MAINTENANCE,Operator_35
COMM09708,SATCOM_09708,52.857062,133.805044,23827.32,Ku,16158.37,8576.95,INACTIVE,Operator_242
COMM09709,SATCOM_09709,60.700459,145.951724,27882.01,Ka,20652.55,26268.29,MAINTENANCE,Operator_31
COMM09710,SATCOM_09710,-50.640425,-5.943278,7281.66,X,26389.03,15613.91,INACTIVE,Operator_142
COMM09711,SATCOM_09711,-3.360059,-118.467416,10515.74,L,15744.25,11809.93,ACTIVE,Operator_184
COMM09712,SATCOM_09712,-58.383916,-85.188154,707.24,X,18923.92,25657.2,ACTIVE,Operator_111
COMM09713,SATCOM_09713,77.267605,-23.951787,24131.26,C,18407.6,14957.52,MAINTENANCE,Operator_119
COMM09714,SATCOM_09714,21.462191,148.046494,15435.47,S,17909.06,13173.87,ACTIVE,Operator_99
COMM09715,SATCOM_09715,40.800111,4.379971,14721.08,Ku,17156.49,21942.71,ACTIVE,Operator_164
COMM09716,SATCOM_09716,-1.592081,111.304018,6489.04,Ka,5758.79,4180.98,INACTIVE,Operator_117
COMM09717,SATCOM_09717,-83.251238,149.131566,756.93,X,10121.79,24652.22,INACTIVE,Operator_244
COMM09718,SATCOM_09718,-72.786004,142.412013,8518.3,Ku,16207.14,9091.87,MAINTENANCE,Operator_132
COMM09719,SATCOM_09719,-78.521338,-34.445154,31436.32,X,4417.63,24538.11,ACTIVE,Operator_211
COMM09720,SATCOM_09720,-87.502572,148.601806,444.22,L,20583.78,25559.17,INACTIVE,Operator_16
COMM09721,SATCOM_09721,-17.595875,-47.950461,18413.4,C,24247.58,22981.2,ACTIVE,Operator_7
COMM09722,SATCOM_09722,-73.328055,-165.477438,1618.57,L,29989.93,24394.15,MAINTENANCE,Operator_180
COMM09723,SATCOM_09723,1.360832,-128.009932,13869.16,Ka,20718.37,8482.62,ACTIVE,Operator_108
COMM09724,SATCOM_09724,6.087229,-82.790649,9144.85,X,19904.89,27400.87,MAINTENANCE,Operator_233
COMM09725,SATCOM_09725,81.219194,-88.970847,17518.12,S,17235.89,23184.94,ACTIVE,Operator_152
COMM09726,SATCOM_09726,63.819652,129.596315,10740.75,C,4507.74,13177.67,MAINTENANCE,Operator_160
COMM09727,SATCOM_09727,-5.019487,68.646107,4155.78,L,11181.06,18792.75,INACTIVE,Operator_20
COMM09728,SATCOM_09728,-39.463926,32.911454,27388.35,X,21743.68,11801.59,MAINTENANCE,Operator_34
COMM09729,SATCOM_09729,26.68218,144.208618,24505.02,Ka,24463.88,21946.56,MAINTENANCE,Operator_104
COMM09730,SATCOM_09730,-54.833076,-24.501471,14099.17,S,11984.3,26924.8,INACTIVE,Operator_70
COMM09731,SATCOM_09731,64.032848,57.456268,15893.38,C,12709.42,9150.44,ACTIVE,Operator_208
COMM09732,SATCOM_09732,70.217761,110.758038,18983.37,S,24684.24,12291.97,MAINTENANCE,Operator_49
COMM09733,SATCOM_09733,3.401286,-162.525869,2855.86,X,6258.34,3086.84,INACTIVE,Operator_129
COMM09734,SATCOM_09734,-72.567252,-169.086307,11862.35,C,19340.36,12766.96,MAINTENANCE,Operator_69
COMM09735,SATCOM_09735,-57.242223,39.621495,32131.01,L,4985.75,25206.05,MAINTENANCE,Operator_176
COMM09736,SATCOM_09736,17.002646,22.481198,1193.97,X,8259.99,21117.31,MAINTENANCE,Operator_53
COMM09737,SATCOM_09737,-20.752136,167.668812,2333.14,C,13892.43,4528.71,MAINTENANCE,Operator_220
COMM09738,SATCOM_09738,22.692877,-50.164362,26585.06,S,23594.56,17024.39,MAINTENANCE,Operator_117
COMM09739,SATCOM_09739,8.957064,127.542483,3967.05,S,28687.02,4789.02,ACTIVE,Operator_140
COMM09740,SATCOM_09740,-59.87281,171.762408,28385.41,C,15423.6,15419.32,INACTIVE,Operator_191
COMM09741,SATCOM_09741,8.968031,-58.758376,35915.16,Ku,9455.42,15520.93,ACTIVE,Operator_38
COMM09742,SATCOM_09742,-52.316972,162.380063,1953.81,S,22063.84,28331.41,MAINTENANCE,Operator_71
COMM09743,SATCOM_09743,27.275632,54.556722,23179.81,X,14642.49,17298.18,INACTIVE,Operator_193
COMM09744,SATCOM_09744,42.337514,-155.90093,14949.66,Ku,4931.89,13078.55,ACTIVE,Operator_175
COMM09745,SATCOM_09745,89.211089,-151.911184,24782.41,L,29483.48,11769.68,ACTIVE,Operator_33
COMM09746,SATCOM_09746,37.361743,95.85159,21323.41,L,8121.73,20380.66,MAINTENANCE,Operator_82
COMM09747,SATCOM_09747,-33.33875,145.830799,27012.33,X,1401.06,9905.72,INACTIVE,Operator_232
COMM09748,SATCOM_09748,-39.196037,-126.826797,8515.48,S,16145.33,13179.27,ACTIVE,Operator_147
COMM09749,SATCOM_09749,-58.66011,-70.304184,26696.37,L,16344.31,13689.14,ACTIVE,Operator_142
COMM09750,SATCOM_09750,-54.172253,166.379131,14677.37,C,12739.33,2871.51,MAINTENANCE,Operator_207
COMM09751,SATCOM_09751,-15.54008,-82.904662,35400.31,L,5296.46,4439.39,ACTIVE,Operator_32
COMM09752,SATCOM_09752,-58.07784,-34.272273,15508.05,X,2752.33,8890.07,INACTIVE,Operator_94
COMM09753,SATCOM_09753,-48.429686,-105.425979,1915.75,Ku,14052.02,10827.95,MAINTENANCE,Operator_73
COMM09754,SATCOM_09754,64.462149,17.012194,4013.06,X,7878.47,16282.86,INACTIVE,Operator_185
COMM09755,SATCOM_09755,-51.478388,89.04005,16129.53,Ka,18549.08,29553.19,INACTIVE,Operator_94
COMM09756,SATCOM_09756,88.396013,27.991413,25794.56,C,1389.09,27073.22,ACTIVE,Operator_45
COMM09757,SATCOM_09757,56.856336,-98.096436,27659.2,S,28292.63,14920.69,MAINTENANCE,Operator_10
COMM09758,SATCOM_09758,-32.876056,120.878684,30351.85,S,19199.22,24114.16,MAINTENANCE,Operator_163
COMM09759,SATCOM_09759,34.695322,-35.343019,24336.99,L,21255.36,9930.19,MAINTENANCE,Operator_224
COMM09760,SATCOM_09760,12.531639,24.422384,21570.73,Ku,21352.48,15527.78,MAINTENANCE,Operator_55
COMM09761,SATCOM_09761,-18.941452,93.803477,17439.49,X,19109.3,25104.42,ACTIVE,Operator_220
COMM09762,SATCOM_09762,56.223814,-85.047379,23179.97,Ku,5236.75,28122.47,INACTIVE,Operator_180
COMM09763,SATCOM_09763,-54.766025,33.713225,14260.71,S,9344.83,24613.95,ACTIVE,Operator_218
COMM09764,SATCOM_09764,19.10807,123.870548,34801.71,C,27804.04,25852.15,ACTIVE,Operator_63
COMM09765,SATCOM_09765,40.600596,168.785349,26329.63,S,1466.53,16181.08,ACTIVE,Operator_190
COMM09766,SATCOM_09766,39.679624,-49.672874,24232.39,X,15592.53,3679.58,MAINTENANCE,Operator_37
COMM09767,SATCOM_09767,-68.529538,-123.870298,16026.9,Ku,21660.11,29514.62,INACTIVE,Operator_106
COMM09768,SATCOM_09768,-30.411363,45.353885,23062.22,L,11512.27,2776.36,MAINTENANCE,Operator_78
COMM09769,SATCOM_09769,-0.899777,-12.661329,21133.92,Ka,19552.9,11024.15,ACTIVE,Operator_87
COMM09770,SATCOM_09770,6.105102,26.264894,17885.24,Ku,20993.05,23540.04,MAINTENANCE,Operator_85
COMM09771,SATCOM_09771,39.02381,-50.828986,1269.54,X,19885.54,10095.45,ACTIVE,Operator_238
COMM09772,SATCOM_09772,4.464605,-7.316316,17245.87,C,6031.34,12781.11,ACTIVE,Operator_61
COMM09773,SATCOM_09773,52.876327,0.382405,7090.79,X,23664.63,28760.69,MAINTENANCE,Operator_151
COMM09774,SATCOM_09774,66.180067,17.452692,23967.53,Ka,20596.2,22765.45,INACTIVE,Operator_185
COMM09775,SATCOM_09775,76.570703,4.560581,20242.3,Ka,16042.69,22553.04,MAINTENANCE,Operator_205
COMM09776,SATCOM_09776,-43.625031,-80.858157,32595.02,Ka,16092.87,7562.83,ACTIVE,Operator_66
COMM09777,SATCOM_09777,67.990181,-119.736631,1052.01,X,15123.79,11851.46,INACTIVE,Operator_63
COMM09778,SATCOM_09778,33.104384,146.069435,6967.21,Ku,14373.82,16890.57,ACTIVE,Operator_84
COMM09779,SATCOM_09779,-45.811602,-164.484396,33885.66,C,21663.13,17557.59,MAINTENANCE,Operator_76
COMM09780,SATCOM_09780,-88.709473,78.464335,19608.17,L,21264.2,9956.39,MAINTENANCE,Operator_243
COMM09781,SATCOM_09781,10.872676,-33.363445,27205.04,Ku,13719.06,10603.97,MAINTENANCE,Operator_70
COMM09782,SATCOM_09782,32.091293,60.769444,23796.52,S,11155.0,13978.33,MAINTENANCE,Operator_166
COMM09783,SATCOM_09783,-40.188167,22.306089,6326.4,C,12790.45,2463.45,MAINTENANCE,Operator_28
COMM09784,SATCOM_09784,83.161545,40.994288,3044.95,L,6745.72,23597.62,ACTIVE,Operator_103
COMM09785,SATCOM_09785,-80.557992,-21.436333,33822.33,S,6885.24,26975.04,ACTIVE,Operator_87
COMM09786,SATCOM_09786,52.008211,-64.854031,11858.99,C,10709.93,28883.91,INACTIVE,Operator_129
COMM09787,SATCOM_09787,58.711367,57.415968,19503.09,Ku,29022.49,8883.42,MAINTENANCE,Operator_225
COMM09788,SATCOM_09788,-85.428781,-98.192443,1436.6,L,1334.35,14846.43,MAINTENANCE,Operator_61
COMM09789,SATCOM_09789,-37.04519,113.147976,25151.19,S,16146.72,13901.77,ACTIVE,Operator_42
COMM09790,SATCOM_09790,55.459548,-133.719707,10193.6,Ka,4027.99,21486.67,ACTIVE,Operator_74
COMM09791,SATCOM_09791,-78.950703,-81.025713,33430.25,Ku,1249.11,9310.16,INACTIVE,Operator_230
COMM09792,SATCOM_09792,-35.331448,138.051431,7367.71,C,26468.22,9577.16,ACTIVE,Operator_148
COMM09793,SATCOM_09793,-86.223611,49.976701,212.91,Ku,28693.69,26864.34,MAINTENANCE,Operator_169
COMM09794,SATCOM_09794,-49.952929,61.756383,26935.11,S,14063.33,27057.16,INACTIVE,Operator_48
COMM09795,SATCOM_09795,20.961501,68.749472,22205.9,S,25902.45,13758.11,MAINTENANCE,Operator_211
COMM09796,SATCOM_09796,33.485366,15.49253,3536.09,Ku,19352.61,29198.58,ACTIVE,Operator_192
COMM09797,SATCOM_09797,68.605274,-47.19395,5225.87,Ka,5549.31,11797.31,INACTIVE,Operator_159
COMM09798,SATCOM_09798,87.645983,-129.034696,13478.75,Ku,25430.89,14796.25,INACTIVE,Operator_133
COMM09799,SATCOM_09799,50.601386,-159.488546,18011.34,Ka,26577.05,27218.85,ACTIVE,Operator_148
COMM09800,SATCOM_09800,-45.317488,128.309784,28223.1,Ku,13790.23,4941.8,ACTIVE,Operator_126
COMM09801,SATCOM_09801,23.16302,141.590585,27923.74,Ku,23456.54,28752.4,INACTIVE,Operator_242
COMM09802,SATCOM_09802,-59.254269,147.960128,4728.87,L,11182.03,16192.03,INACTIVE,Operator_141
COMM09803,SATCOM_09803,-59.72709,135.225743,19803.5,C,27992.98,9910.89,MAINTENANCE,Operator_18
COMM09804,SATCOM_09804,-60.907287,66.494242,12593.88,S,9478.6,9485.45,INACTIVE,Operator_66
COMM09805,SATCOM_09805,71.125393,-113.565456,14134.62,X,20271.92,19012.41,INACTIVE,Operator_74
COMM09806,SATCOM_09806,61.568556,-92.079784,19243.25,C,6503.71,20754.67,ACTIVE,Operator_60
COMM09807,SATCOM_09807,-14.863721,29.232773,34398.77,X,21414.54,7541.56,ACTIVE,Operator_20
COMM09808,SATCOM_09808,58.222432,97.076875,4190.22,C,8003.71,19243.57,INACTIVE,Operator_71
COMM09809,SATCOM_09809,55.437148,-44.512919,6991.93,Ku,23515.05,5320.23,MAINTENANCE,Operator_206
COMM09810,SATCOM_09810,44.761421,-100.742909,1148.93,Ku,24879.39,1981.51,INACTIVE,Operator_241
COMM09811,SATCOM_09811,-86.869946,-25.16213,24141.07,X,13250.5,6181.22,MAINTENANCE,Operator_170
COMM09812,SATCOM_09812,-54.678585,-21.967108,20689.64,C,17053.32,17177.02,INACTIVE,Operator_69
COMM09813,SATCOM_09813,-75.80613,16.819709,2366.35,Ka,1618.36,12354.74,ACTIVE,Operator_133
COMM09814,SATCOM_09814,57.720987,146.37696,17130.33,X,17674.61,28128.13,ACTIVE,Operator_219
COMM09815,SATCOM_09815,-28.141137,-26.675581,35321.07,X,2102.88,28757.81,MAINTENANCE,Operator_93
COMM09816,SATCOM_09816,-79.428222,-60.635594,34543.28,Ka,3886.66,7372.63,ACTIVE,Operator_10
COMM09817,SATCOM_09817,39.965174,-46.344971,24537.83,X,6028.19,20642.6,ACTIVE,Operator_92
COMM09818,SATCOM_09818,-52.426731,-27.610506,21861.01,L,17749.76,21928.36,MAINTENANCE,Operator_211
COMM09819,SATCOM_09819,73.744266,-35.182213,25103.93,Ka,9061.24,21911.2,MAINTENANCE,Operator_190
COMM09820,SATCOM_09820,50.398132,167.107936,12885.95,C,15623.99,18007.3,INACTIVE,Operator_29
COMM09821,SATCOM_09821,-57.816525,-146.093311,26695.27,Ku,26113.98,12841.26,INACTIVE,Operator_109
COMM09822,SATCOM_09822,-43.652012,-68.490995,625.21,X,21516.09,27140.65,INACTIVE,Operator_175
COMM09823,SATCOM_09823,60.260162,-70.294326,34593.32,Ku,25231.13,11618.17,MAINTENANCE,Operator_17
COMM09824,SATCOM_09824,-53.429333,39.513505,3174.05,C,24328.1,5215.23,INACTIVE,Operator_190
COMM09825,SATCOM_09825,17.822413,-84.413784,7681.38,S,14917.4,19863.71,MAINTENANCE,Operator_248
COMM09826,SATCOM_09826,65.465468,90.947568,13262.65,Ku,10060.16,21622.76,ACTIVE,Operator_152
COMM09827,SATCOM_09827,59.335705,2.813615,33990.55,S,22935.85,13622.3,ACTIVE,Operator_182
COMM09828,SATCOM_09828,9.875722,9.813122,5181.89,L,28804.05,9116.04,INACTIVE,Operator_182
COMM09829,SATCOM_09829,69.831169,142.66358,6552.47,S,7006.49,6475.9,MAINTENANCE,Operator_146
COMM09830,SATCOM_09830,-23.3052,22.901151,22570.45,Ka,25603.38,7538.4,MAINTENANCE,Operator_133
COMM09831,SATCOM_09831,42.992775,41.101518,12421.07,Ka,24263.6,2843.09,MAINTENANCE,Operator_121
COMM09832,SATCOM_09832,-50.675497,-11.93665,28664.82,X,16544.47,12404.17,MAINTENANCE,Operator_153
COMM09833,SATCOM_09833,9.060136,-16.04113,27929.09,C,27391.12,17484.89,ACTIVE,Operator_12
COMM09834,SATCOM_09834,-70.987762,-153.84802,9012.65,Ka,28800.09,7239.33,MAINTENANCE,Operator_127
COMM09835,SATCOM_09835,1.36473,166.814825,3279.97,L,3725.98,27053.86,ACTIVE,Operator_142
COMM09836,SATCOM_09836,-57.886266,-126.415669,24211.97,S,7125.54,7081.84,INACTIVE,Operator_6
COMM09837,SATCOM_09837,-14.642827,-167.492179,5668.05,Ku,22438.64,12300.69,INACTIVE,Operator_34
COMM09838,SATCOM_09838,-50.728839,-114.066311,11687.94,X,3380.58,4589.18,MAINTENANCE,Operator_172
COMM09839,SATCOM_09839,10.275506,-40.292372,6873.78,L,19465.27,22594.5,MAINTENANCE,Operator_19
COMM09840,SATCOM_09840,25.790303,42.719503,2257.89,Ka,8320.35,14757.2,INACTIVE,Operator_175
COMM09841,SATCOM_09841,48.646463,99.994868,26347.38,Ka,27597.36,27679.73,ACTIVE,Operator_77
COMM09842,SATCOM_09842,75.302945,158.613908,9582.32,L,29952.81,16978.89,INACTIVE,Operator_125
COMM09843,SATCOM_09843,-45.655866,-128.464164,22694.76,Ka,26738.61,20250.14,ACTIVE,Operator_189
COMM09844,SATCOM_09844,37.981541,-99.981808,28786.24,S,2502.88,3215.31,INACTIVE,Operator_188
COMM09845,SATCOM_09845,-74.894382,165.45019,2345.31,Ku,8971.7,29568.44,INACTIVE,Operator_71
COMM09846,SATCOM_09846,-7.213639,60.382988,12656.84,X,18047.47,28936.84,MAINTENANCE,Operator_215
COMM09847,SATCOM_09847,82.281709,-169.341033,33182.1,S,14424.93,4741.52,ACTIVE,Operator_128
COMM09848,SATCOM_09848,56.259278,-155.036091,26887.76,Ku,21000.13,1935.42,MAINTENANCE,Operator_90
COMM09849,SATCOM_09849,5.749676,151.673379,10685.89,Ku,19641.89,20504.73,MAINTENANCE,Operator_12
COMM09850,SATCOM_09850,32.539475,174.346367,33201.06,X,11329.98,7652.28,INACTIVE,Operator_188
COMM09851,SATCOM_09851,39.325225,-116.288512,3761.38,Ka,20519.89,28939.22,INACTIVE,Operator_23
COMM09852,SATCOM_09852,-27.827868,127.704297,25487.14,X,21426.56,26624.79,MAINTENANCE,Operator_61
COMM09853,SATCOM_09853,-32.487884,26.004523,35487.65,L,6683.71,28263.27,ACTIVE,Operator_172
COMM09854,SATCOM_09854,-73.882137,-174.570743,29288.78,C,21402.29,13788.94,INACTIVE,Operator_79
COMM09855,SATCOM_09855,46.354552,173.017794,12187.25,Ka,17918.31,27705.94,MAINTENANCE,Operator_18
COMM09856,SATCOM_09856,-80.592037,-178.457666,23588.73,C,2436.48,16155.83,MAINTENANCE,Operator_85
COMM09857,SATCOM_09857,-69.474165,89.903218,24082.33,Ka,22154.19,18278.4,MAINTENANCE,Operator_1
COMM09858,SATCOM_09858,-81.002332,169.564952,33435.12,Ku,7939.91,2418.22,INACTIVE,Operator_104
COMM09859,SATCOM_09859,31.215259,110.169479,2456.6,X,7082.69,1885.72,INACTIVE,Operator_98
COMM09860,SATCOM_09860,56.955269,52.079741,5107.44,C,28558.43,5312.58,INACTIVE,Operator_244
COMM09861,SATCOM_09861,32.297983,-15.456338,12598.38,C,17624.96,29099.52,ACTIVE,Operator_206
COMM09862,SATCOM_09862,32.360537,26.189426,6720.28,C,9828.5,11233.53,ACTIVE,Operator_111
COMM09863,SATCOM_09863,67.387741,-33.22609,8360.03,Ka,21621.86,27316.32,MAINTENANCE,Operator_232
COMM09864,SATCOM_09864,62.481559,-45.590994,14281.77,S,5347.52,17019.7,INACTIVE,Operator_72
COMM09865,SATCOM_09865,-32.019663,-139.84006,2299.71,C,8342.71,7409.3,MAINTENANCE,Operator_80
COMM09866,SATCOM_09866,86.855497,-102.897136,16979.14,S,10263.42,28094.63,INACTIVE,Operator_131
COMM09867,SATCOM_09867,-36.535611,41.980373,1293.63,S,2539.69,19591.92,MAINTENANCE,Operator_144
COMM09868,SATCOM_09868,-78.89447,29.792236,35887.76,S,29583.82,17790.98,INACTIVE,Operator_126
COMM09869,SATCOM_09869,36.368076,39.224804,5531.76,Ku,12308.25,8383.91,MAINTENANCE,Operator_193
COMM09870,SATCOM_09870,-47.507663,-118.80406,34889.37,L,27695.58,21181.79,INACTIVE,Operator_81
COMM09871,SATCOM_09871,-57.091994,-39.984078,31666.44,Ka,13822.25,12757.91,MAINTENANCE,Operator_93
COMM09872,SATCOM_09872,55.014094,-172.938915,15548.14,Ku,23875.01,21427.64,MAINTENANCE,Operator_2
COMM09873,SATCOM_09873,-21.447007,-45.024297,32380.15,C,29547.95,22714.39,INACTIVE,Operator_18
COMM09874,SATCOM_09874,-75.476562,-42.35471,16301.33,Ka,24431.88,15840.84,ACTIVE,Operator_70
COMM09875,SATCOM_09875,-35.367529,-33.228379,15660.67,Ku,28669.18,3403.31,INACTIVE,Operator_227
COMM09876,SATCOM_09876,83.414055,82.74602,17614.23,C,4709.54,26533.64,MAINTENANCE,Operator_11
COMM09877,SATCOM_09877,-61.485417,-175.306815,19503.77,S,9037.67,25107.52,INACTIVE,Operator_247
COMM09878,SATCOM_09878,-7.255522,161.532307,30215.9,S,23602.24,10680.82,ACTIVE,Operator_143
COMM09879,SATCOM_09879,-39.212732,76.675619,27062.04,Ka,15321.74,10908.85,MAINTENANCE,Operator_201
COMM09880,SATCOM_09880,85.989927,178.279849,26589.32,X,1005.6,22318.88,INACTIVE,Operator_127
COMM09881,SATCOM_09881,-87.954924,4.313922,20864.89,L,15328.88,4252.41,INACTIVE,Operator_198
COMM09882,SATCOM_09882,13.274412,-140.569685,764.09,C,3705.42,13960.81,MAINTENANCE,Operator_79
COMM09883,SATCOM_09883,-10.885084,171.514114,17398.69,S,6339.2,25545.59,MAINTENANCE,Operator_72
COMM09884,SATCOM_09884,89.67175,-85.8607,22436.52,S,29768.68,21964.39,INACTIVE,Operator_110
COMM09885,SATCOM_09885,36.820455,146.829952,4006.31,X,12437.39,13362.34,INACTIVE,Operator_171
COMM09886,SATCOM_09886,-86.118002,-68.453745,26858.44,X,25219.11,17638.65,MAINTENANCE,Operator_120
COMM09887,SATCOM_09887,71.521806,38.21644,18093.13,C,28080.18,17152.79,ACTIVE,Operator_43
COMM09888,SATCOM_09888,-8.081636,-172.773748,24022.08,Ku,12909.27,26820.71,MAINTENANCE,Operator_176
COMM09889,SATCOM_09889,-85.454707,-89.451112,1976.94,C,15987.54,1881.82,INACTIVE,Operator_216
COMM09890,SATCOM_09890,22.438269,121.117131,27856.87,C,21414.06,5394.61,MAINTENANCE,Operator_53
COMM09891,SATCOM_09891,0.022008,130.718053,2512.46,C,16772.06,12893.49,MAINTENANCE,Operator_249
COMM09892,SATCOM_09892,-82.841141,142.409379,2059.99,C,6986.85,9992.93,MAINTENANCE,Operator_30
COMM09893,SATCOM_09893,74.909779,10.263467,8517.43,C,13303.01,20816.09,INACTIVE,Operator_70
COMM09894,SATCOM_09894,68.6479,90.181427,2435.3,Ku,22618.95,14886.03,ACTIVE,Operator_93
COMM09895,SATCOM_09895,-38.396621,-126.96,19070.19,Ka,24874.28,5514.03,MAINTENANCE,Operator_15
COMM09896,SATCOM_09896,-55.88287,33.62291,13732.59,Ku,23191.39,21918.06,MAINTENANCE,Operator_39
COMM09897,SATCOM_09897,-22.646878,114.070206,10338.38,L,27050.57,28861.56,MAINTENANCE,Operator_28
COMM09898,SATCOM_09898,-60.616003,-46.083606,16220.12,L,18057.04,5900.59,MAINTENANCE,Operator_75
COMM09899,SATCOM_09899,24.691599,0.366981,6601.52,S,22673.28,26928.06,MAINTENANCE,Operator_191
COMM09900,SATCOM_09900,11.724293,-16.246121,24251.11,S,13472.67,13722.48,ACTIVE,Operator_75
COMM09901,SATCOM_09901,57.157962,-74.566494,7514.76,X,16965.85,14868.45,MAINTENANCE,Operator_87
COMM09902,SATCOM_09902,-29.935524,-130.577616,2512.47,S,29204.57,23529.03,MAINTENANCE,Operator_32
COMM09903,SATCOM_09903,56.809174,58.101504,16620.92,Ka,26342.23,11235.49,INACTIVE,Operator_143
COMM09904,SATCOM_09904,-50.600775,-55.323769,9566.1,X,8649.8,9748.99,ACTIVE,Operator_237
COMM09905,SATCOM_09905,-17.167926,-171.241035,14721.72,Ku,18819.27,10060.81,INACTIVE,Operator_50
COMM09906,SATCOM_09906,-70.715636,-1.271254,14465.21,Ku,17078.68,26035.31,MAINTENANCE,Operator_68
COMM09907,SATCOM_09907,-23.599278,-55.881536,27953.71,Ka,6768.21,2686.83,INACTIVE,Operator_17
COMM09908,SATCOM_09908,-17.933881,-15.812244,20540.65,X,16303.16,15957.03,INACTIVE,Operator_83
COMM09909,SATCOM_09909,52.847252,175.993593,24409.01,X,3887.75,16817.15,ACTIVE,Operator_234
COMM09910,SATCOM_09910,2.816403,-5.276701,26675.38,C,1236.55,20082.32,MAINTENANCE,Operator_32
COMM09911,SATCOM_09911,60.940616,-110.723472,27085.97,X,3818.61,2177.58,MAINTENANCE,Operator_115
COMM09912,SATCOM_09912,-76.675377,-31.198078,14962.36,Ka,11268.4,17033.72,INACTIVE,Operator_147
COMM09913,SATCOM_09913,76.489921,8.002496,3108.02,X,1289.21,4068.57,MAINTENANCE,Operator_68
COMM09914,SATCOM_09914,3.553295,-118.977546,7208.67,Ku,20896.67,29915.76,INACTIVE,Operator_186
COMM09915,SATCOM_09915,56.261484,-99.357789,14503.19,L,13719.96,7874.91,ACTIVE,Operator_172
COMM09916,SATCOM_09916,-19.521808,109.21909,10143.89,Ku,25305.42,7681.85,MAINTENANCE,Operator_62
COMM09917,SATCOM_09917,-43.313745,106.834553,12852.19,Ku,7818.2,16048.74,ACTIVE,Operator_21
COMM09918,SATCOM_09918,1.060999,169.999484,10527.84,X,11794.74,18469.55,MAINTENANCE,Operator_173
COMM09919,SATCOM_09919,-70.801169,90.619198,22232.99,C,16168.5,21290.7,INACTIVE,Operator_195
COMM09920,SATCOM_09920,-64.013657,0.653895,20039.16,Ku,1316.37,17654.55,MAINTENANCE,Operator_106
COMM09921,SATCOM_09921,15.76941,-56.020125,7009.74,Ka,8595.02,12083.18,INACTIVE,Operator_236
COMM09922,SATCOM_09922,-16.493236,-75.225613,6131.39,X,10915.41,23777.59,ACTIVE,Operator_3
COMM09923,SATCOM_09923,31.726298,-19.679382,4148.87,S,25524.73,29374.7,MAINTENANCE,Operator_7
COMM09924,SATCOM_09924,-19.290019,116.286097,20548.4,X,8123.05,29304.82,INACTIVE,Operator_222
COMM09925,SATCOM_09925,78.467221,-87.667633,28468.02,C,5568.62,7964.49,MAINTENANCE,Operator_157
COMM09926,SATCOM_09926,-68.221162,-65.131933,6266.19,Ku,3099.21,25417.69,ACTIVE,Operator_59
COMM09927,SATCOM_09927,-39.108126,61.06789,6745.37,Ka,26861.93,20200.85,ACTIVE,Operator_93
COMM09928,SATCOM_09928,-78.816085,167.785669,377.75,C,12310.23,18050.99,ACTIVE,Operator_107
COMM09929,SATCOM_09929,-4.351163,83.997181,28149.29,S,13212.57,3072.08,ACTIVE,Operator_146
COMM09930,SATCOM_09930,-89.255803,-134.606961,34939.93,Ku,6634.1,15220.01,INACTIVE,Operator_214
COMM09931,SATCOM_09931,10.534089,-46.313605,32002.67,L,6950.98,16717.89,MAINTENANCE,Operator_222
COMM09932,SATCOM_09932,-0.705306,-107.187673,26141.23,Ka,19128.73,26162.77,ACTIVE,Operator_211
COMM09933,SATCOM_09933,31.435618,-143.525603,14129.64,L,25841.59,7761.03,MAINTENANCE,Operator_232
COMM09934,SATCOM_09934,16.685193,177.133811,33736.22,X,23919.81,11798.15,ACTIVE,Operator_22
COMM09935,SATCOM_09935,34.582692,-49.052175,7803.64,L,5076.05,16996.86,INACTIVE,Operator_105
COMM09936,SATCOM_09936,-12.245146,54.530897,2741.23,C,16537.68,14901.82,ACTIVE,Operator_99
COMM09937,SATCOM_09937,-16.142003,-157.39614,31004.58,S,21077.58,9812.72,INACTIVE,Operator_236
COMM09938,SATCOM_09938,-74.3582,116.087498,34492.02,L,18754.47,21187.35,MAINTENANCE,Operator_63
COMM09939,SATCOM_09939,-27.99135,46.238868,3091.74,L,22840.75,27500.98,INACTIVE,Operator_20
COMM09940,SATCOM_09940,-35.108932,106.112671,8028.32,Ka,21738.21,5899.76,MAINTENANCE,Operator_232
COMM09941,SATCOM_09941,44.613672,-171.464401,5130.11,Ku,6460.63,12994.09,MAINTENANCE,Operator_123
COMM09942,SATCOM_09942,-48.524045,-9.400567,19870.75,Ka,26705.77,6288.98,INACTIVE,Operator_202
COMM09943,SATCOM_09943,-51.514652,-51.950441,13278.42,Ku,15735.2,2719.91,INACTIVE,Operator_41
COMM09944,SATCOM_09944,24.672146,-1.457551,15144.49,C,20313.3,27479.84,MAINTENANCE,Operator_208
COMM09945,SATCOM_09945,-20.266971,-60.21028,18471.95,L,22231.16,26681.31,ACTIVE,Operator_203
COMM09946,SATCOM_09946,-1.434033,-70.380041,30071.0,S,23837.65,18410.38,MAINTENANCE,Operator_241
COMM09947,SATCOM_09947,-79.567197,169.074887,11951.27,X,24517.24,3749.93,MAINTENANCE,Operator_70
COMM09948,SATCOM_09948,74.649319,69.753014,9251.46,L,22414.94,7142.59,ACTIVE,Operator_93
COMM09949,SATCOM_09949,-86.915274,102.048058,5945.74,Ka,28832.39,21232.76,MAINTENANCE,Operator_180
COMM09950,SATCOM_09950,53.01141,-31.566195,6822.31,X,16612.63,21252.11,ACTIVE,Operator_130
COMM09951,SATCOM_09951,21.724075,-136.878125,18913.08,L,23429.03,15609.52,ACTIVE,Operator_25
COMM09952,SATCOM_09952,-73.222242,140.234404,28501.95,X,1205.56,17769.56,MAINTENANCE,Operator_122
COMM09953,SATCOM_09953,64.237194,-0.49719,23211.46,L,5137.44,10927.29,MAINTENANCE,Operator_90
COMM09954,SATCOM_09954,-65.990992,158.184854,20146.37,C,6280.36,20260.74,INACTIVE,Operator_135
COMM09955,SATCOM_09955,89.365593,-159.179451,10217.4,X,15659.73,12148.95,ACTIVE,Operator_235
COMM09956,SATCOM_09956,-1.407904,47.557692,34274.71,Ka,17060.71,8543.03,INACTIVE,Operator_39
COMM09957,SATCOM_09957,28.27439,-155.501565,19706.69,C,6380.42,8953.42,ACTIVE,Operator_173
COMM09958,SATCOM_09958,2.853307,47.59836,10804.83,L,27687.88,28579.18,INACTIVE,Operator_63
COMM09959,SATCOM_09959,-86.609106,-108.360401,21536.63,Ku,24345.63,14197.55,INACTIVE,Operator_140
COMM09960,SATCOM_09960,-62.682191,-78.911652,20360.96,Ka,27095.67,11917.79,MAINTENANCE,Operator_38
COMM09961,SATCOM_09961,66.009141,73.314353,9655.55,L,3176.51,27056.26,MAINTENANCE,Operator_57
COMM09962,SATCOM_09962,-60.223215,-139.208765,25766.66,Ku,4972.43,16479.32,INACTIVE,Operator_97
COMM09963,SATCOM_09963,45.644543,131.17864,2302.47,L,23415.73,20986.01,INACTIVE,Operator_186
COMM09964,SATCOM_09964,-67.218181,174.222874,27351.06,X,13181.87,21530.74,MAINTENANCE,Operator_69
COMM09965,SATCOM_09965,-69.594104,125.56946,23192.49,L,8476.85,16097.31,MAINTENANCE,Operator_202
COMM09966,SATCOM_09966,4.760273,-125.803174,21731.5,S,10492.58,17206.46,ACTIVE,Operator_55
COMM09967,SATCOM_09967,-59.338836,-168.570065,11478.24,L,25476.59,25344.91,INACTIVE,Operator_207
COMM09968,SATCOM_09968,36.80297,61.392433,18519.95,C,10380.24,16051.0,ACTIVE,Operator_95
COMM09969,SATCOM_09969,-31.74471,-142.769845,6020.25,C,22625.67,20578.81,MAINTENANCE,Operator_197
COMM09970,SATCOM_09970,-86.209797,-146.367205,8348.54,C,4654.85,25640.8,ACTIVE,Operator_19
COMM09971,SATCOM_09971,57.576416,6.050329,34590.13,L,2503.34,27938.86,MAINTENANCE,Operator_42
COMM09972,SATCOM_09972,-12.324072,-17.45776,19915.54,Ka,24964.7,21309.44,INACTIVE,Operator_161
COMM09973,SATCOM_09973,-28.259274,4.024618,6463.23,Ka,16175.66,13166.33,INACTIVE,Operator_147
COMM09974,SATCOM_09974,-87.40856,82.078897,22115.35,Ka,13818.79,10502.71,MAINTENANCE,Operator_19
COMM09975,SATCOM_09975,-8.714946,-6.833693,34568.95,S,29784.8,25440.42,ACTIVE,Operator_66
COMM09976,SATCOM_09976,-2.01975,-71.161087,5415.09,C,28168.1,21197.81,ACTIVE,Operator_30
COMM09977,SATCOM_09977,-64.752108,-80.662865,5018.17,C,6624.84,29666.78,INACTIVE,Operator_208
COMM09978,SATCOM_09978,29.85947,100.706665,6627.91,Ka,3070.32,23277.5,ACTIVE,Operator_120
COMM09979,SATCOM_09979,-14.53202,10.433791,1311.89,Ka,23449.41,1952.03,MAINTENANCE,Operator_39
COMM09980,SATCOM_09980,78.70005,78.062201,33111.77,S,22999.92,20916.06,INACTIVE,Operator_60
COMM09981,SATCOM_09981,1.383709,-120.244493,13534.08,C,16410.87,19132.22,INACTIVE,Operator_38
COMM09982,SATCOM_09982,-55.493462,60.33985,30499.2,Ka,17104.08,12876.0,ACTIVE,Operator_62
COMM09983,SATCOM_09983,-46.372228,72.015199,3735.66,S,9291.57,21995.15,MAINTENANCE,Operator_87
COMM09984,SATCOM_09984,39.275951,15.302255,8010.1,Ku,27603.82,16904.31,ACTIVE,Operator_145
COMM09985,SATCOM_09985,-37.138942,32.744826,24438.64,X,27040.93,7973.83,ACTIVE,Operator_132
COMM09986,SATCOM_09986,80.994604,61.740737,8435.27,S,15961.57,4785.76,ACTIVE,Operator_4
COMM09987,SATCOM_09987,65.101193,19.405161,28025.24,Ka,24487.21,16576.7,MAINTENANCE,Operator_185
COMM09988,SATCOM_09988,-81.645738,153.423569,21402.21,L,4632.76,19745.73,ACTIVE,Operator_133
COMM09989,SATCOM_09989,21.277847,-16.470314,30779.45,X,24127.36,29553.36,INACTIVE,Operator_105
COMM09990,SATCOM_09990,-46.696785,-157.143947,2948.13,S,12878.3,7727.43,ACTIVE,Operator_94
COMM09991,SATCOM_09991,-7.565553,-159.3469,6679.66,Ka,26100.92,26333.22,ACTIVE,Operator_167
COMM09992,SATCOM_09992,-6.180655,-85.809968,13980.91,Ka,21657.72,16051.54,MAINTENANCE,Operator_149
COMM09993,SATCOM_09993,64.565165,-178.645874,12859.36,L,19972.0,29876.63,INACTIVE,Operator_67
COMM09994,SATCOM_09994,-12.412908,48.649071,16745.87,S,21751.88,5229.09,INACTIVE,Operator_38
COMM09995,SATCOM_09995,-35.136609,112.614164,7393.74,L,19031.33,11778.32,MAINTENANCE,Operator_173
COMM09996,SATCOM_09996,-8.222575,-177.183305,10104.78,X,18390.34,9317.92,MAINTENANCE,Operator_12
COMM09997,SATCOM_09997,-20.060827,-27.872205,22891.06,X,13193.46,4530.07,ACTIVE,Operator_16
COMM09998,SATCOM_09998,36.2486,18.83723,6660.6,C,13288.47,16554.55,ACTIVE,Operator_179
COMM09999,SATCOM_09999,0.681473,-123.348501,25105.68,C,28043.43,7989.95,MAINTENANCE,Operator_29
COMM10000,SATCOM_10000,60.33484,53.632417,14966.17,Ku,23443.67,24599.92,ACTIVE,Operator_14
